city,density,lat,lng
New York,10943.7,40.6943,-73.9249
Los Angeles,3165.7,34.1141,-118.4068
Chicago,4590.3,41.8375,-87.6866
Miami,4791.1,25.784,-80.2101
Houston,1386.2,29.786,-95.3885
Dallas,1477.1,32.7935,-96.7667
Philadelphia,4548.5,40.0077,-75.1339
Atlanta,1424.8,33.7628,-84.422
Washington,4245.2,38.9047,-77.0163
Boston,5303.2,42.3188,-71.0852
Phoenix,1210.3,33.5722,-112.0892
Detroit,1771.8,42.3834,-83.1024
Seattle,3408.0,47.6211,-122.3244
San Francisco,6916.7,37.7558,-122.4449
San Diego,1640.0,32.8313,-117.1222
Minneapolis,3052.0,44.9635,-93.2678
Tampa,1326.7,27.9945,-82.4447
Brooklyn,15200.5,40.6501,-73.9496
Denver,1800.3,39.762,-104.8758
Queens,8503.7,40.7498,-73.7976
Riverside,1504.7,33.9381,-117.3949
Las Vegas,1771.4,36.2333,-115.2654
Baltimore,2753.1,39.3051,-76.6144
St. Louis,1833.6,38.6359,-90.2451
Portland,1858.9,45.5371,-122.65
San Antonio,1129.0,29.4632,-98.5238
Sacramento,2054.1,38.5677,-121.4685
Austin,1144.9,30.3005,-97.7522
Orlando,1083.2,28.4773,-81.337
San Juan,3110.1,18.3985,-66.061
San Jose,2148.3,37.3012,-121.848
Indianapolis,943.3,39.7771,-86.1458
Pittsburgh,2117.1,40.4397,-79.9763
Cincinnati,1534.2,39.1413,-84.506
Manhattan,28653.9,40.7834,-73.9662
Kansas City,623.9,39.1238,-94.5541
Cleveland,1825.4,41.4764,-81.6805
Columbus,1579.9,39.9862,-82.9855
Bronx,13356.3,40.8501,-73.8662
Charlotte,1098.2,35.2083,-80.8303
Virginia Beach,721.1,36.7335,-76.0435
Jacksonville,496.9,30.3322,-81.6749
Milwaukee,2287.4,43.0642,-87.9675
Providence,3990.1,41.823,-71.4187
Nashville,555.6,36.1715,-86.7842
Salt Lake City,709.9,40.7776,-111.9311
Raleigh,1204.2,35.8324,-78.6429
Richmond,1466.4,37.5295,-77.4756
Memphis,838.2,35.1087,-89.9663
Oklahoma City,438.4,35.4676,-97.5136
Hartford,2665.3,41.7661,-72.6834
Louisville,920.7,38.1663,-85.6485
Buffalo,2642.9,42.9018,-78.8487
Fort Worth,1032.7,32.7817,-97.3474
Bridgeport,3557.4,41.1918,-73.1954
New Orleans,856.6,30.0687,-89.9288
Tucson,866.2,32.1541,-110.8787
El Paso,1011.6,31.8476,-106.43
Omaha,1318.9,41.2627,-96.0529
Mcallen,890.1,26.2252,-98.2467
Birmingham,523.3,33.5279,-86.7971
Albuquerque,1159.7,35.1054,-106.6465
Tulsa,805.1,36.1283,-95.9042
Charleston,509.3,32.8168,-79.9687
Fresno,1810.8,36.783,-119.7939
Rochester,2264.3,43.168,-77.6162
Dayton,946.0,39.7805,-84.2003
Cape Coral,750.0,26.6443,-81.9957
Provo,1053.7,40.2457,-111.6457
Colorado Springs,923.0,38.8674,-104.7605
Mission Viejo,2020.5,33.6096,-117.6551
Allentown,2754.8,40.5961,-75.4756
Baton Rouge,993.4,30.442,-91.1311
Ogden,1219.7,41.2279,-111.9682
Knoxville,757.6,35.9692,-83.9496
Grand Rapids,1705.4,42.9619,-85.6562
Columbia,384.8,34.0378,-80.9036
Albany,1805.4,42.6664,-73.7987
Bakersfield,1049.2,35.3529,-119.0359
New Haven,2745.3,41.3113,-72.9246
Des Moines,930.5,41.5725,-93.6105
Palm Bay,558.1,27.9631,-80.6593
Akron,1181.5,41.0798,-81.5219
Concord,1569.5,37.9722,-122.0016
Mesa,1381.6,33.4015,-111.7178
Wichita,927.4,37.6895,-97.3443
Harrisburg,2382.2,40.2752,-76.8843
Staten Island,3286.2,40.5834,-74.1496
Toledo,1287.8,41.6638,-83.5827
Worcester,2123.8,42.2705,-71.8079
Port St. Lucie,714.0,27.2796,-80.3884
Little Rock,645.6,34.7256,-92.3577
Madison,1272.4,43.0822,-89.393
Spokane,1287.2,47.6671,-117.433
Long Beach,3493.5,33.7977,-118.167
Denton,585.4,33.2175,-97.1418
Reno,952.8,39.5497,-119.8483
Boise,1068.7,43.6005,-116.2308
Bonita Springs,550.9,26.3558,-81.7859
Kissimmee,1425.5,28.3041,-81.4169
Augusta,257.4,33.3645,-82.0708
Springfield,1874.8,42.1155,-72.5395
Oakland,3022.3,37.7904,-122.2166
Winston-Salem,724.6,36.1029,-80.261
Stockton,1954.8,37.9765,-121.3109
Durham,937.2,35.9792,-78.9022
Chattanooga,495.9,35.066,-85.2481
Greenville,914.4,34.8354,-82.3646
Lancaster,3081.6,40.042,-76.3012
Syracuse,2252.8,43.0407,-76.1437
Fayetteville,685.6,36.0714,-94.1661
Pensacola,915.7,30.4413,-87.1911
Arlington,1590.2,32.6998,-97.125
Aurora,918.3,39.7083,-104.7237
Scranton,1160.6,41.4044,-75.6649
Oxnard,2923.8,34.1964,-119.1815
Indio,1055.0,33.7346,-116.2346
Victorville,712.3,34.5277,-117.3536
Trenton,4566.7,40.2237,-74.7641
Huntsville,375.1,34.6981,-86.6412
Modesto,1946.8,37.6375,-121.0028
Honolulu,2205.7,21.3294,-157.846
Greensboro,858.4,36.0956,-79.8271
Fort Wayne,919.8,41.0888,-85.1436
Anaheim,2645.7,33.839,-117.8574
Corpus Christi,736.3,27.7254,-97.3767
Fort Collins,1144.7,40.5477,-105.0656
Antioch,1532.1,37.9787,-121.796
Jackson,518.0,32.3157,-90.2125
Myrtle Beach,613.7,33.7094,-78.8844
Henderson,1035.6,36.0133,-115.0381
Mobile,473.8,30.6782,-88.1162
Lexington,436.8,38.0423,-84.4587
Lansing,1103.8,42.7142,-84.5601
Savannah,520.5,32.0286,-81.1821
Youngstown,678.3,41.0993,-80.6463
Ann Arbor,1648.2,42.2759,-83.731
Santa Ana,4395.2,33.7367,-117.8819
Irvine,1813.4,33.6772,-117.7738
St. Paul,2286.0,44.9478,-93.1039
Poughkeepsie,2384.9,41.695,-73.9211
Newark,4912.5,40.7245,-74.1725
Santa Rosa,1608.3,38.4458,-122.7067
Winter Haven,614.1,28.0118,-81.7014
Asheville,801.1,35.5707,-82.5537
Canton,1020.7,40.8078,-81.3676
Lincoln,1114.9,40.8099,-96.6784
Flint,933.3,43.0236,-83.6921
Lakeland,678.7,28.0557,-81.9545
Jersey City,7584.1,40.7184,-74.0686
Anchorage,65.4,61.1508,-149.1091
Plano,1547.3,33.0502,-96.7486
Lubbock,704.0,33.5657,-101.8879
Davenport,607.8,41.5565,-90.6053
Reading,3720.0,40.34,-75.9267
Shreveport,655.0,32.4653,-93.7955
Chandler,1635.8,33.2825,-111.8514
South Bend,948.0,41.6767,-86.2696
Wilmington,891.3,34.2099,-77.8866
Chula Vista,2139.3,32.6281,-117.0144
Rockford,872.8,42.2596,-89.064
Eugene,1540.6,44.0564,-123.1174
Salem,1393.7,44.9233,-123.0244
Gilbert,1522.0,33.31,-111.7463
North Las Vegas,992.4,36.2883,-115.0888
Santa Clarita,1201.1,34.4175,-118.4964
Peoria,899.5,40.752,-89.6154
Tallahassee,751.8,30.4551,-84.2527
Killeen,1103.6,31.0753,-97.7297
St. Petersburg,1628.3,27.7931,-82.6652
Kennewick,1142.9,46.1978,-119.1732
Laredo,905.9,27.5625,-99.4874
Irving,1470.2,32.8583,-96.9702
Round Lake Beach,2072.3,42.3791,-88.0811
Montgomery,479.3,32.3482,-86.2668
Chesapeake,286.5,36.6778,-76.3023
Glendale,1436.5,33.5791,-112.2311
Nashua,1141.1,42.7491,-71.491
York,3270.5,39.9651,-76.7315
Garland,1665.8,32.91,-96.6304
Rock Hill,648.9,34.9415,-81.0241
Scottsdale,508.2,33.6872,-111.8651
Aguadilla,1701.8,18.4382,-67.1537
Norfolk,1703.4,36.8945,-76.259
Appleton,1137.1,44.278,-88.3892
Enterprise,1357.5,36.0091,-115.2278
Gulfport,503.5,30.4274,-89.0704
Lafayette,835.2,30.2082,-92.0325
Bremerton,604.8,47.5436,-122.7121
Fremont,1129.7,37.5265,-121.9843
Green Bay,904.9,44.5148,-87.9895
Fargo,967.9,46.8651,-96.8292
Deltona,989.8,28.905,-81.2137
Brownsville,544.2,25.9975,-97.458
Hialeah,3967.9,25.8696,-80.3045
San Bernardino,1378.6,34.1416,-117.2943
Tacoma,1712.1,47.2431,-122.4531
Gainesville,866.2,29.6804,-82.3459
Spring Valley,2391.4,36.0952,-115.2636
Clarksville,663.2,36.5692,-87.3413
College Station,922.8,30.5852,-96.2959
Olympia,1177.8,47.0417,-122.8959
Roanoke,896.0,37.2785,-79.9581
Fontana,1890.3,34.0968,-117.4599
Spartanburg,735.4,34.9442,-81.9251
Moreno Valley,1583.1,33.9244,-117.2045
Frisco,1183.5,33.156,-96.8216
Yonkers,4493.0,40.9466,-73.8673
Thousand Oaks,878.1,34.1914,-118.8756
Sioux Falls,913.0,43.5396,-96.7311
Hagerstown,1299.5,39.6401,-77.7217
Evansville,949.4,37.9881,-87.5341
Amarillo,748.8,35.1984,-101.8316
Kalamazoo,1146.1,42.2749,-85.5882
Lorain,1066.5,41.4409,-82.184
Galveston,501.9,29.2484,-94.8913
Mckinney,1142.6,33.2016,-96.667
Huntington,1099.5,38.4109,-82.4345
Nampa,1142.6,43.5844,-116.5638
Hickory,523.0,35.741,-81.3223
Waterbury,1546.2,41.5582,-73.0361
Sunrise Manor,2280.2,36.1783,-115.0487
Grand Prairie,1058.6,32.6871,-97.0208
Ocala,522.0,29.178,-82.1511
Waco,602.1,31.5599,-97.1882
Overland Park,1011.4,38.887,-94.687
Frederick,1299.1,39.4337,-77.4141
Huntington Beach,2804.8,33.696,-118.0018
Santa Barbara,1743.9,34.4285,-119.7202
Cedar Rapids,708.0,41.9662,-91.6783
Vancouver,1524.5,45.6366,-122.5967
Gastonia,586.5,35.2494,-81.1854
Spring Hill,765.6,28.4798,-82.53
Murfreesboro,942.5,35.849,-86.4121
Tempe,1800.3,33.3881,-111.9319
Paradise,1695.2,36.0872,-115.1355
Newport News,1034.0,37.1051,-76.5185
Erie,1900.2,42.1167,-80.0733
Fort Lauderdale,2043.5,26.1412,-80.1464
Mauldin,808.1,34.7821,-82.3032
Ontario,1377.6,34.0393,-117.6064
Elk Grove,1606.2,38.4161,-121.3842
Panama City,372.4,30.1995,-85.6003
Cary,1118.9,35.7819,-78.8195
Hemet,1196.1,33.7341,-116.9969
Danbury,790.8,41.4015,-73.4709
Rancho Cucamonga,1450.2,34.1247,-117.5667
Salinas,2659.8,36.6883,-121.6317
Oceanside,1614.3,33.2247,-117.3083
Vallejo,1581.2,38.1125,-122.2342
High Point,774.7,35.991,-79.9937
Garden Grove,3669.0,33.7787,-117.9601
Pembroke Pines,2015.0,26.0128,-80.3382
Marysville,1331.5,48.0809,-122.1561
Bayamón,2384.9,18.3794,-66.1635
Fredericksburg,1048.6,38.2992,-77.4872
Visalia,1430.5,36.3276,-119.3269
Tuscaloosa,664.9,33.2348,-87.5268
Palmdale,602.4,34.5944,-118.1057
Santa Cruz,1847.3,36.9789,-122.0346
Medford,1158.9,42.3372,-122.854
Norwich,550.2,41.5495,-72.0882
Merced,1490.9,37.3057,-120.4779
Manchester,1347.3,42.9848,-71.4447
Odessa,846.3,31.8801,-102.3448
Muskegon,1015.6,43.2281,-86.2562
Leesburg,279.3,28.7672,-81.8962
Hayward,1341.6,37.6328,-122.0766
Corona,1537.3,33.8616,-117.5649
Paterson,7235.4,40.9147,-74.1624
Alexandria,4053.2,38.8185,-77.0861
Macon,242.4,32.8065,-83.6974
Lakewood,1388.0,39.6977,-105.1172
Burlington,734.7,36.076,-79.4685
Warner Robins,811.6,32.5961,-83.6527
Sunnyvale,2685.8,37.3836,-122.0255
Hollywood,2166.9,26.0293,-80.1679
Roseville,1335.0,38.7703,-121.3196
New Bedford,1944.4,41.6697,-70.9428
South Lyon,1220.3,42.4614,-83.6526
Bellevue,1744.3,47.5951,-122.1535
Fairfield,1114.0,38.2583,-122.0335
Binghamton,1744.8,42.1014,-75.9093
Topeka,786.6,39.0346,-95.6955
Escondido,1549.6,33.1348,-117.0723
Joliet,872.5,41.5188,-88.1499
Surprise,522.4,33.6815,-112.4515
Naperville,1466.0,41.748,-88.1659
Pasadena,1319.8,29.6575,-95.1498
Mesquite,1170.4,32.7602,-96.5865
Champaign,1489.3,40.1142,-88.2737
Pomona,2492.8,34.0585,-117.7626
Houma,874.3,29.58,-90.7059
Athens,421.1,33.9508,-83.3689
St. George,494.7,37.0758,-113.5752
Beaumont,534.5,30.0849,-94.1451
Elkhart,737.8,41.6916,-85.9627
Lake Charles,664.4,30.201,-93.2111
Santa Maria,1859.9,34.9333,-120.4431
Yuma,314.0,32.5995,-114.5491
Olathe,861.5,38.8833,-94.82
Midland,679.3,32.0243,-102.1147
Greeley,842.6,40.4152,-104.7706
Torrance,2700.6,33.8346,-118.3416
Thornton,1510.4,39.9197,-104.9438
Las Cruces,565.2,32.3265,-106.7893
Fullerton,2433.0,33.8841,-117.9279
Grand Junction,635.0,39.0877,-108.5673
Carolina,2592.1,18.4054,-65.9792
Metairie,2317.3,29.9977,-90.178
Orange,2086.8,33.8038,-117.8218
Warren,1551.4,42.4934,-83.027
West Valley City,1486.7,40.6886,-112.0123
Hampton,1030.4,37.0551,-76.363
Miramar,1819.7,25.9773,-80.3351
Elizabeth,4259.1,40.6658,-74.1913
Stamford,1393.5,41.1039,-73.5585
Racine,1925.4,42.7274,-87.8135
Kent,1540.8,47.3887,-122.2128
Yakima,1330.9,46.5923,-120.5496
Coral Springs,2262.2,26.2702,-80.2591
Sterling Heights,1413.9,42.5809,-83.0305
Billings,991.9,45.7891,-108.5526
Bloomington,1120.8,40.4757,-88.9703
Carrollton,1398.2,32.989,-96.8999
Tyler,719.7,32.3184,-95.3062
Iowa City,1127.9,41.6559,-91.5303
Johnson City,630.6,36.3406,-82.3806
Santa Clara,2730.2,37.3646,-121.968
Bellingham,1264.7,48.7548,-122.469
Norman,278.2,35.2335,-97.3471
Coeur D'Alene,1271.6,47.704,-116.7936
Fort Smith,538.3,35.3495,-94.3695
Lewisville,1218.5,33.0454,-96.9815
Dover,640.2,39.161,-75.5202
Yuba City,1620.5,39.1357,-121.6383
Lehigh Acres,530.6,26.612,-81.6388
Abilene,460.2,32.4543,-99.7384
Simi Valley,1168.8,34.2663,-118.749
Pearland,998.1,29.5581,-95.3218
Kenosha,1317.0,42.5865,-87.8773
Arecibo,1001.6,18.4491,-66.7387
Meridian,1298.5,43.6116,-116.3977
Round Rock,1258.3,30.527,-97.6642
Waldorf,879.5,38.6085,-76.9194
Temple,456.5,31.1068,-97.3891
Lynchburg,625.6,37.4003,-79.1909
Logan,1151.4,41.7399,-111.8422
Arvada,1216.4,39.832,-105.151
Clovis,1804.6,36.8278,-119.683
Independence,603.7,39.0871,-94.3501
Redding,605.5,40.5698,-122.365
Duluth,468.0,46.7756,-92.1393
Berkeley,4449.7,37.8722,-122.276
Boulder,1526.6,40.0248,-105.2524
Pueblo,760.5,38.2701,-104.6114
West Palm Beach,856.5,26.7469,-80.132
Seaside,1383.0,36.6224,-121.8199
Richardson,1598.8,32.9716,-96.7093
Cambridge,7109.8,42.3759,-71.1185
Monroe,613.5,32.5185,-92.0774
North Charleston,581.7,32.9067,-80.0722
Saginaw,991.0,43.4199,-83.9501
Clearwater,1726.6,27.979,-82.7623
The Woodlands,1043.1,30.1738,-95.5134
Brandon,1356.0,27.9367,-82.3
St. Cloud,671.3,45.534,-94.1718
West Jordan,1377.7,40.6024,-112.0008
Broken Arrow,710.9,36.038,-95.7806
Harlingen,687.2,26.1916,-97.6977
Kailua,1975.3,21.392,-157.7396
Westminster,1410.9,39.8837,-105.0624
Gilroy,1367.4,37.0046,-121.5854
Mandeville,539.4,30.3751,-90.0904
Utica,1487.9,43.0962,-75.2261
Ponce,1494.8,18.0127,-66.6212
League City,863.7,29.4874,-95.1087
Port Arthur,285.1,29.8554,-93.9264
Lowell,3256.6,42.6389,-71.3217
East Los Angeles,5937.6,34.0326,-118.1691
Carlsbad,1169.2,33.1246,-117.2834
Elgin,1154.1,42.0383,-88.324
Waterloo,419.6,42.4918,-92.3522
Leominster,585.4,42.5209,-71.7717
Bend,1114.1,44.0563,-121.3095
Sioux City,559.1,42.4959,-96.3901
Gresham,1848.5,45.5021,-122.4413
Longview,568.3,32.5193,-94.7622
Pompano Beach,1800.3,26.2428,-80.1312
Downey,3478.3,33.9379,-118.1311
Murrieta,1217.5,33.5719,-117.1909
Idaho Falls,948.1,43.4871,-112.0362
Miami Gardens,2324.7,25.9433,-80.2426
Everett,1276.4,47.9525,-122.1669
Holland,781.7,42.7677,-86.0984
Costa Mesa,2700.2,33.6667,-117.9135
Temecula,1146.6,33.4928,-117.1315
San Buenaventura,1939.9,34.2741,-119.2314
Sugar Land,1047.0,29.5935,-95.6358
Chico,1146.2,39.7578,-121.8161
South Fulton,454.0,33.6273,-84.58
Sparks,1154.3,39.5736,-119.7161
Eau Claire,779.1,44.8197,-91.4948
Auburn,482.9,32.6087,-85.4903
Dearborn,1717.3,42.3127,-83.213
Riverview,901.1,27.8227,-82.3023
Allen,1574.8,33.1088,-96.6735
West Covina,2586.7,34.0555,-117.9113
Centennial,1374.9,39.5926,-104.8673
Sandy Springs,1097.6,33.9366,-84.3703
El Monte,4325.4,34.0739,-118.0291
Hillsboro,1563.1,45.5273,-122.936
Menifee,889.3,33.6909,-117.1849
Rio Rancho,397.9,35.2873,-106.6982
Davie,1177.4,26.0789,-80.287
Jurupa Valley,955.3,34.001,-117.4706
Inglewood,4495.6,33.9566,-118.3444
Spokane Valley,1079.5,47.6626,-117.2346
Renton,1726.7,47.4784,-122.1918
San Tan Valley,536.1,33.1786,-111.5629
Burbank,2344.9,34.1879,-118.3235
Brockton,1901.8,42.0821,-71.0242
El Cajon,2791.6,32.8017,-116.9604
Rialto,1664.6,34.1175,-117.3892
San Mateo,3295.1,37.5522,-122.3121
Goodyear,207.7,33.2614,-112.3622
Charlottesville,1728.4,38.0375,-78.4855
Lee'S Summit,619.9,38.9171,-94.3816
Edinburg,849.9,26.3196,-98.1597
Daly City,5176.6,37.6862,-122.4685
Wichita Falls,548.5,33.9072,-98.5291
Bowling Green,677.1,36.9716,-86.4378
Longmont,1305.7,40.1686,-105.1005
Vacaville,1319.6,38.3587,-121.9673
Highlands Ranch,1613.8,39.5419,-104.9708
Quincy,2361.4,42.2506,-71.0187
Fishers,1076.9,39.9588,-85.9659
Lynn,3627.9,42.4781,-70.9664
Norwalk,4005.8,33.9069,-118.0829
Carmel,790.5,39.965,-86.146
Hesperia,532.0,34.3975,-117.3147
St. Augustine,607.4,29.8976,-81.31
Buckeye,97.5,33.4314,-112.6429
San Angelo,639.7,31.4424,-100.4504
Federal Way,1717.0,47.3091,-122.3358
Bismarck,825.4,46.8143,-100.7694
Boca Raton,1307.8,26.3752,-80.108
New Braunfels,846.4,29.6994,-98.1148
Vista,2007.7,33.1896,-117.2386
Beaverton,1907.5,45.4779,-122.8168
Portsmouth,1128.1,36.8468,-76.354
Orem,2012.7,40.2981,-111.6994
Conroe,493.6,30.3238,-95.4824
Suffolk,93.5,36.6953,-76.6398
Sunrise,2303.3,26.1547,-80.2997
Lawrence,1064.6,38.9597,-95.2642
Arden-Arcade,2339.6,38.6017,-121.3845
Prescott Valley,458.7,34.598,-112.3185
Middletown,746.3,39.5033,-84.3659
San Germán,1467.1,18.0827,-67.046
Edmond,437.4,35.6689,-97.416
Tracy,1397.9,37.7269,-121.4523
Manteca,1534.8,37.7927,-121.2264
Kingsport,405.9,36.5224,-82.5454
Sandy,1507.7,40.5709,-111.8506
Palm Coast,378.4,29.5389,-81.2457
Slidell,727.4,30.2887,-89.7828
San Marcos,1478.4,33.135,-117.1743
Livonia,1017.4,42.3972,-83.3733
Santa Fe,652.1,35.6619,-105.9819
Plantation,1668.6,26.1259,-80.2617
Atascocita,1518.5,29.9777,-95.1953
Fall River,1093.0,41.7136,-71.1015
Compton,3601.4,33.893,-118.2274
Carson,1927.8,33.8374,-118.2559
La Crosse,921.1,43.8241,-91.2268
Missoula,833.3,46.8751,-114.0214
O'Fallon,1171.5,38.785,-90.7175
Mount Pleasant,720.5,32.8537,-79.8203
Roswell,877.6,34.0391,-84.3513
Hoover,718.2,33.3763,-86.8068
Florence,625.5,34.178,-79.7898
Williamsburg,672.3,37.2693,-76.7076
South Gate,4899.4,33.9447,-118.1926
Chino,1198.2,33.9836,-117.6654
Fort Myers,884.3,26.6194,-81.8302
Kirkland,1986.5,47.697,-122.2057
Santa Monica,4202.9,34.0235,-118.481
Vineland,342.6,39.4653,-74.9981
Alafaya,1145.3,28.528,-81.1868
Lawton,428.5,34.6175,-98.4202
Avondale,731.5,33.3873,-112.3235
Germantown,2051.9,39.1755,-77.2643
Rapid City,530.0,44.0716,-103.2204
Clifton,3056.3,40.863,-74.1575
Waukegan,1415.2,42.3698,-87.8716
Mayagüez,1093.5,18.2003,-67.1397
San Leandro,2565.6,37.7074,-122.1599
Newton,1916.8,42.3316,-71.2085
Joplin,529.4,37.0757,-94.5018
Springdale,677.9,36.1901,-94.1574
Troy,1007.8,42.5817,-83.1457
Citrus Heights,2363.8,38.6948,-121.288
Deerfield Beach,2238.4,26.305,-80.1277
Town 'N' Country,1500.5,28.0106,-82.5763
Winchester,1175.2,39.1735,-78.1746
Mission,916.4,26.2039,-98.3256
Bryan,601.1,30.665,-96.3807
Hawthorne,5450.4,33.9147,-118.3476
Whittier,2264.7,33.9678,-118.0188
Livermore,1247.8,37.6868,-121.7607
Lake Forest,1983.1,33.6605,-117.6714
San Ramon,1650.2,37.7624,-121.9365
Melbourne,749.0,28.1086,-80.6627
Franklin,741.7,35.92,-86.8516
Port Huron,1368.8,42.9821,-82.4388
Decatur,621.7,39.8557,-88.9342
Baytown,805.9,29.7587,-94.9671
Brooklyn Park,1248.9,45.1112,-93.3505
Newport Beach,1367.8,33.6151,-117.8668
Westland,1590.3,42.3192,-83.3805
Muncie,912.1,40.1989,-85.395
Farmington Hills,966.9,42.486,-83.3771
Cicero,5478.7,41.8445,-87.7593
Buena Park,3046.1,33.8572,-118.0046
Warwick,914.2,41.7062,-71.4334
Hattiesburg,350.5,31.3074,-89.317
Cranston,1125.6,41.7658,-71.4858
Layton,1412.0,41.077,-111.962
Madera,1315.3,36.963,-120.0778
Largo,1697.7,27.9088,-82.7712
Redwood City,1645.8,37.5025,-122.2253
Mountain View,2659.3,37.4001,-122.0796
Pine Hills,2606.3,28.5818,-81.4692
Folsom,1137.5,38.6668,-121.1422
Silver Spring,4022.6,39.0028,-77.0207
Johns Creek,1028.9,34.0333,-84.2027
The Villages,970.9,28.9034,-81.9887
Owensboro,1089.7,37.7575,-87.1172
Napa,1685.5,38.2975,-122.301
New Rochelle,3062.6,40.9304,-73.7836
Alhambra,4122.7,34.084,-118.1355
Cheyenne,687.8,41.135,-104.7902
Miami Beach,4081.5,25.8171,-80.1396
Wenatchee,1288.4,47.436,-120.3295
Lehi,1031.2,40.4136,-111.8725
Anderson,508.9,40.0891,-85.6892
Homestead,2066.3,25.4665,-80.4472
Rancho Cordova,900.8,38.5737,-121.2527
Morgantown,1148.2,39.6383,-79.9464
Boynton Beach,1928.6,26.5281,-80.0811
Somerville,7548.0,42.3908,-71.1014
North Port,312.8,27.0576,-82.1977
Salisbury,924.7,38.3756,-75.5865
South Jordan,1204.0,40.557,-111.9784
Parma,1545.2,41.3843,-81.7286
Pharr,1274.9,26.1685,-98.1904
State College,3429.7,40.7909,-77.8567
Plymouth,938.7,45.0225,-93.4617
Turlock,1664.2,37.5053,-120.8588
Davis,2586.5,38.5553,-121.737
Perris,970.6,33.7898,-117.2233
Jonesboro,381.4,35.8212,-90.6791
Tustin,2743.4,33.7311,-117.8107
Terre Haute,649.5,39.466,-87.3751
Upland,1955.7,34.1178,-117.6604
Georgetown,523.3,30.666,-97.6966
Texarkana,435.0,33.45,-94.0847
Kendall,1883.3,25.6697,-80.3556
Pasco,777.4,46.2506,-119.1305
Milpitas,2240.2,37.4336,-121.8921
Carmichael,1965.8,38.6318,-121.3263
Chino Hills,674.7,33.9508,-117.7254
Flower Mound,717.0,33.0343,-97.1146
Flagstaff,446.4,35.1872,-111.6194
Alton,626.6,38.9037,-90.152
Pleasanton,1239.5,37.6663,-121.8805
Cedar Park,1169.7,30.5105,-97.8197
Bellflower,4885.0,33.888,-118.1271
Loveland,833.3,40.4166,-105.0623
Mansfield,596.3,40.7656,-82.5275
Hammond,1309.1,41.6168,-87.4909
Bethlehem,1556.7,40.6266,-75.3679
Woodbury,851.4,44.9057,-92.923
Alameda,2854.2,37.7668,-122.267
Wyoming,1199.5,42.8908,-85.7066
Schaumburg,1529.4,42.0308,-88.0838
Castle Rock,851.4,39.3763,-104.8535
Evanston,3799.3,42.0464,-87.6943
Doral,2132.5,25.8152,-80.3565
St. Joseph,627.3,39.7598,-94.821
Valdosta,592.4,30.8502,-83.2788
Wausau,801.1,44.962,-89.6459
Pocatello,649.5,42.8724,-112.4647
Elizabethtown,439.2,37.7031,-85.8773
Anniston,180.0,33.6712,-85.8135
Arlington Heights,1771.5,42.0955,-87.9826
Rochester Hills,895.5,42.6645,-83.1563
Southfield,1117.6,42.4765,-83.2605
Daytona Beach,435.1,29.1995,-81.0982
Pittsburg,1657.2,38.0182,-121.8965
Oshkosh,928.6,44.0227,-88.5619
Redmond,1764.4,47.6763,-122.1169
Saratoga Springs,392.8,43.0674,-73.7775
Apple Valley,378.4,34.5352,-117.2109
Pawtucket,3353.5,41.8744,-71.3743
Missouri City,1001.0,29.563,-95.5365
Broomfield,879.6,39.9542,-105.0526
Janesville,733.5,42.6854,-89.0135
Camarillo,1377.7,34.223,-119.0321
Dothan,304.3,31.2336,-85.407
Sherman,374.4,33.6273,-96.6221
Lauderhill,3353.5,26.1605,-80.2241
Harrisonburg,1146.8,38.4362,-78.8735
Bolingbrook,1141.0,41.6901,-88.1021
Ellicott City,948.8,39.2774,-76.8345
Battle Creek,474.7,42.2985,-85.2296
New Britain,2112.8,41.6759,-72.7862
Sheboygan,1188.3,43.7403,-87.7316
Brunswick,345.5,31.1449,-81.4746
Altoona,1715.7,40.5082,-78.4007
Lodi,1891.1,38.1218,-121.2932
Redlands,782.8,34.0512,-117.1712
Caguas,2581.6,18.2319,-66.0388
Dale City,1974.8,38.6473,-77.3459
Glen Burnie,1622.9,39.156,-76.6071
Mount Vernon,6375.8,40.9136,-73.8291
Lakeville,758.1,44.6774,-93.252
Lebanon,2464.7,40.3412,-76.4228
Rocklin,1407.7,38.8075,-121.2489
Framingham,1110.2,42.3085,-71.4368
Wesley Chapel,632.5,28.2106,-82.3238
Noblesville,787.5,40.0355,-86.0042
Tamarac,2394.0,26.2056,-80.2539
Centreville,2325.2,38.839,-77.4389
Poinciana,385.0,28.1217,-81.4821
Fairbanks,391.5,64.8353,-147.6533
Lake Elsinore,721.5,33.6847,-117.3344
Camden,3094.1,39.9361,-75.1073
Rogers,708.8,36.317,-94.1531
Blaine,836.2,45.1696,-93.2077
St. Charles,1088.1,38.7954,-90.5157
Blacksburg,883.3,37.23,-80.4279
Waukesha,1070.7,43.0087,-88.2464
Casas Adobes,1030.4,32.3423,-111.0113
Baldwin Park,4117.1,34.0829,-117.9722
Dublin,1788.5,37.7161,-121.8963
Ankeny,853.7,41.7288,-93.6031
Maple Grove,836.1,45.1089,-93.4626
Bayonne,4673.7,40.6668,-74.1158
North Richland Hills,1495.2,32.8604,-97.218
Eastvale,2137.2,33.9617,-117.5803
Guaynabo,2246.2,18.3832,-66.1134
Glens Falls,1471.7,43.3109,-73.6458
Tulare,1302.8,36.1995,-119.34
Conway,548.7,35.0753,-92.4692
West Des Moines,568.2,41.5521,-93.7806
Redondo Beach,4349.2,33.8577,-118.3765
Walnut Creek,1363.6,37.9024,-122.0399
Passaic,8583.8,40.8574,-74.1282
Porterville,1287.6,36.0643,-119.0338
Maricopa,572.4,33.0408,-112.0011
Fajardo,1211.0,18.3331,-65.6589
Gaithersburg,2585.4,39.1346,-77.2131
El Paso De Robles,608.8,35.6394,-120.656
East Orange,6801.0,40.7651,-74.2117
Sumter,501.9,33.9392,-80.393
Grand Forks,780.7,47.9214,-97.0884
Bristol,324.5,36.5572,-82.2154
Michigan City,596.8,41.7092,-86.869
Gary,530.5,41.5905,-87.3473
Dubuque,731.8,42.5002,-90.707
Schenectady,2447.9,42.8025,-73.9275
Casper,847.9,42.842,-106.3208
Hanford,1279.1,36.3274,-119.6549
Shawnee,627.1,39.0158,-94.8076
South Hill,1416.0,47.1198,-122.2853
Eagan,844.0,44.817,-93.1638
Union City,1356.3,37.6032,-122.0181
Weston,1067.4,26.1006,-80.4054
Kankakee,621.6,41.102,-87.8643
Leander,675.4,30.5728,-97.8618
Corvallis,1605.7,44.5698,-123.2779
Apex,972.1,35.7237,-78.8743
Yorba Linda,1304.4,33.889,-117.7714
Bethesda,1962.3,38.9866,-77.1188
Haverhill,787.6,42.7838,-71.0871
Palo Alto,1079.3,37.3905,-122.1468
Rockville,1913.0,39.0834,-77.1553
Spring,1152.0,30.0613,-95.383
Delray Beach,1623.0,26.455,-80.0905
Watsonville,2956.7,36.9206,-121.7708
Palatine,1819.9,42.118,-88.043
Victoria,680.4,28.8287,-96.9849
Skokie,2548.4,42.036,-87.74
Morristown,428.7,36.2043,-83.3001
Sammamish,1254.6,47.6017,-122.0416
Queen Creek,608.5,33.2454,-111.6173
Alpharetta,952.4,34.0704,-84.2738
Lima,1000.9,40.741,-84.112
Novi,845.4,42.4786,-83.4893
Great Falls,1008.4,47.5022,-111.2996
Ames,905.0,42.0256,-93.6217
Juana Díaz,2028.7,18.0532,-66.5044
Malden,5013.9,42.4305,-71.0576
Dundalk,1930.6,39.2704,-76.4942
Castro Valley,1498.5,37.7088,-122.0626
Dalton,623.4,34.769,-84.972
Lynwood,5207.8,33.924,-118.2016
Pflugerville,968.3,30.4515,-97.6018
Sebring,371.2,27.477,-81.453
Kenner,1688.5,30.0109,-90.2549
Port Charlotte,880.8,26.9918,-82.114
Waltham,1960.8,42.3889,-71.2423
Commerce City,682.8,39.8641,-104.843
Brentwood,1678.1,37.9356,-121.719
North Little Rock,469.5,34.7807,-92.2371
South San Francisco,2705.2,37.6538,-122.4196
Burnsville,995.5,44.7648,-93.2793
Greenwood,864.4,39.6019,-86.1073
Rowlett,1193.6,32.9155,-96.5489
Laguna Niguel,1677.5,33.5275,-117.705
Bozeman,992.7,45.6833,-111.0558
Port Orange,918.3,29.1085,-81.0137
Reston,1599.1,38.9497,-77.3461
San Clemente,1335.8,33.4499,-117.6102
Caldwell,974.9,43.6453,-116.6594
Coon Rapids,1082.2,45.1755,-93.3094
Millcreek,1896.6,40.6892,-111.8292
Eden Prairie,751.5,44.8488,-93.4595
Parkersburg,965.4,39.2623,-81.542
Hamilton,1135.4,39.3939,-84.5653
Moore,1101.8,35.3293,-97.4757
Bay City,1232.3,43.5902,-83.8887
Bossier City,546.5,32.5224,-93.6668
Council Bluffs,562.2,41.2369,-95.8516
Huntersville,576.3,35.406,-80.8716
Taylor,1020.3,42.226,-83.2688
Hendersonville,760.4,36.3063,-86.5997
Sanford,999.9,28.7891,-81.2757
La Habra,3176.6,33.9282,-117.9515
Horizon West,731.3,28.4417,-81.6146
Dearborn Heights,2042.7,42.3164,-83.2769
Pontiac,1202.1,42.6493,-83.2878
Richland,562.9,46.2824,-119.2939
Marietta,1002.6,33.9533,-84.5422
Florence-Graham,6790.8,33.9682,-118.2447
Encinitas,1247.8,33.0492,-117.261
Wellington,526.6,26.6461,-80.2699
Palm Harbor,1366.8,28.0847,-82.7481
Montebello,2845.5,34.0155,-118.1108
Woodland,1544.3,38.6712,-121.75
Jupiter,1090.7,26.92,-80.1128
La Mesa,2583.5,32.7703,-117.0204
Pico Rivera,2824.0,33.9901,-118.0888
San Rafael,1410.7,37.9905,-122.5221
Meriden,982.9,41.5369,-72.7946
Euless,1447.3,32.8508,-97.08
Parker,1033.9,39.5084,-104.7753
Revere,4057.0,42.4189,-71.004
Stonecrest,617.7,33.6842,-84.1372
Chapel Hill,1065.9,35.9271,-79.0391
White Plains,2372.0,41.022,-73.7547
Gardena,3958.6,33.8943,-118.3072
Palm Beach Gardens,389.4,26.8466,-80.1679
Taunton,493.7,41.9036,-71.0943
Monterey Park,3001.4,34.0497,-118.1326
West Allis,2021.5,43.0068,-88.0296
Santee,1388.8,32.8554,-116.9851
North Miami,2712.7,25.9008,-80.1686
Blue Springs,1007.1,39.0124,-94.2721
Des Plaines,1611.0,42.0345,-87.9008
Kokomo,625.0,40.464,-86.1277
Petaluma,1588.9,38.2423,-122.6266
Shoreline,1967.2,47.7564,-122.3426
Taylorsville,2100.8,40.6569,-111.9493
Wylie,1076.2,33.0362,-96.5161
Cupertino,2005.0,37.3168,-122.0466
The Hammocks,2865.7,25.67,-80.4482
Margate,2574.8,26.2466,-80.2119
Carson City,155.9,39.1511,-119.7476
Hoboken,18017.1,40.7452,-74.0281
St. Clair Shores,1926.7,42.4925,-82.8961
St. Peters,998.4,38.7825,-90.6061
Midwest City,920.5,35.463,-97.371
Severn,1221.9,39.1355,-76.6956
Lake Havasu City,483.6,34.5006,-114.3113
Lenexa,657.0,38.9609,-94.8018
Orland Park,1015.9,41.6075,-87.8619
Royal Oak,1895.1,42.5084,-83.1539
Bowie,1091.2,38.9549,-76.7406
Bel Air South,1047.5,39.5022,-76.3113
Towson,1573.6,39.3944,-76.619
Casa Grande,195.2,32.9069,-111.7624
Coconut Creek,1989.5,26.2803,-80.1842
Kettering,1185.1,39.6956,-84.1494
Herriman,956.0,40.4899,-112.017
Brookhaven,1804.9,33.8743,-84.3314
Oak Lawn,2572.2,41.7139,-87.7528
Lacey,1187.3,47.0462,-122.7933
Bartlett,681.3,35.2337,-89.8195
Highland,1178.6,34.1113,-117.165
Kannapolis,624.0,35.4764,-80.6408
Fountainebleau,5508.1,25.7723,-80.346
Fountain Valley,2398.8,33.7105,-117.9514
Bentonville,613.0,36.3547,-94.2305
Bradenton,1515.1,27.4901,-82.5757
Smyrna,1344.0,33.8633,-84.5168
Sarasota,1476.2,27.3387,-82.5432
Apopka,617.0,28.7015,-81.5316
National City,2940.5,32.6654,-117.0983
Desoto,997.5,32.5992,-96.8633
Berwyn,5526.6,41.8433,-87.7909
New Brunswick,4113.1,40.487,-74.445
Mount Prospect,2004.1,42.0641,-87.9375
Arcadia,1962.9,34.1342,-118.0373
Southaven,519.2,34.9514,-89.9786
Tigard,1676.2,45.4237,-122.7845
Perth Amboy,4578.0,40.5202,-74.2724
Chicopee,930.7,42.1764,-72.5719
South Whittier,3992.9,33.9336,-118.0312
West Haven,1980.7,41.2739,-72.9672
Tinley Park,1312.4,41.567,-87.8049
Hacienda Heights,1902.6,33.997,-117.9727
San Jacinto,817.1,33.797,-116.9916
Plainfield,3532.0,40.6154,-74.4157
West Sacramento,980.0,38.5557,-121.5505
Marana,172.9,32.4355,-111.1558
Yucaipa,742.6,34.0336,-117.0429
Peabody,1288.4,42.5335,-70.9725
Rocky Mount,462.3,35.9685,-77.804
Texas City,315.6,29.4154,-94.9682
Kentwood,999.0,42.8852,-85.5926
Colton,1329.1,34.0538,-117.3255
Aspen Hill,2183.4,39.0927,-77.0826
Diamond Bar,1394.9,33.9992,-117.8161
Huntington Park,6888.1,33.98,-118.2167
Wheaton,1823.1,41.8561,-88.1085
Pinellas Park,1272.6,27.8589,-82.7078
Aloha,2823.1,45.492,-122.8725
Oak Park,4380.0,41.8872,-87.7899
Minnetonka,763.6,44.9322,-93.4598
Twin Falls,1034.4,42.5645,-114.4613
Edina,1326.9,44.8914,-93.3602
Westchester,2577.0,25.7471,-80.3523
Methuen Town,722.3,42.734,-71.1889
Normal,1093.4,40.5217,-88.9884
Elyria,992.3,41.376,-82.106
Grand Island,676.4,40.9218,-98.3586
Novato,743.3,38.092,-122.5575
Paramount,4292.7,33.8977,-118.1651
Kyle,622.7,29.9932,-97.8852
Placentia,3004.3,33.8807,-117.8553
Kendale Lakes,2493.1,25.7081,-80.4078
Cathedral City,894.1,33.8362,-116.4642
Florissant,1597.0,38.7996,-90.3269
Catalina Foothills,477.7,32.3046,-110.8838
West New York,20091.6,40.7857,-74.0094
Dunwoody,1532.0,33.9418,-84.3122
Levittown,2922.1,40.7241,-73.5125
Palm Desert,743.3,33.7378,-116.3695
Mooresville,725.9,35.5847,-80.8266
Little Elm,1072.2,33.1858,-96.9295
Glendora,1016.2,34.1449,-117.8467
Burien,1974.2,47.4762,-122.3394
Aliso Viejo,2861.1,33.5792,-117.7289
Summerville,875.8,33.0016,-80.1799
Collierville,538.7,35.047,-89.6987
Tamiami,2832.7,25.7556,-80.4016
Wake Forest,994.6,35.9632,-78.514
Hoffman Estates,962.4,42.064,-88.1468
Westfield,604.5,40.0341,-86.1529
Country Club,4713.6,25.9407,-80.3102
Burleson,674.6,32.517,-97.3344
East Honolulu,855.3,21.2975,-157.7211
Mishawaka,1086.0,41.6742,-86.1666
Grapevine,610.7,32.9343,-97.0742
Cuyahoga Falls,761.3,41.1641,-81.5207
Delano,1333.7,35.7662,-119.2635
Enid,265.4,36.4063,-97.87
Milford City,894.5,41.2255,-73.0625
El Dorado Hills,402.8,38.675,-121.049
Rosemead,3765.6,34.0689,-118.0823
Mclean,782.1,38.9436,-77.1943
Jeffersonville,568.5,38.3376,-85.7026
Draper,683.2,40.4957,-111.8605
Covina,2752.0,34.0903,-117.8818
Murray,1567.0,40.6498,-111.8874
Downers Grove,1314.1,41.7949,-88.0172
Rockwall,647.3,32.9169,-96.4374
Chesterfield,601.4,38.6589,-90.5803
St. Louis Park,1800.5,44.9488,-93.3649
Florin,2201.6,38.4832,-121.4043
Cypress,2891.4,33.8171,-118.0386
Eagle Mountain,374.8,40.3137,-112.0114
North Bethesda,2152.2,39.0393,-77.1191
Azusa,1970.9,34.1386,-117.9124
Coral Gables,1470.8,25.7037,-80.2715
Bedford,1893.6,32.8464,-97.135
Antelope,2772.0,38.7153,-121.361
Portage,587.3,42.2,-85.5906
Biloxi,440.7,30.4426,-88.9514
Titusville,649.1,28.5727,-80.8193
Euclid,1775.3,41.5903,-81.5188
Ceres,1988.4,37.5952,-120.962
University,2981.6,28.0771,-82.4335
Stillwater,632.7,36.1317,-97.0742
Bothell,1376.5,47.7735,-122.2044
Tuckahoe,918.2,37.5878,-77.5858
Cedar Hill,523.7,32.581,-96.9591
Poway,479.3,32.9871,-117.0201
Cerritos,2138.7,33.8678,-118.0686
Hilo,347.3,19.6883,-155.0863
Niagara Falls,1321.5,43.0921,-79.0147
Fort Pierce,751.9,27.4255,-80.3431
San Luis Obispo,1359.8,35.2669,-120.669
Minot,668.0,48.2375,-101.278
North Highlands,2099.7,38.6713,-121.3721
Ocoee,1178.0,28.5796,-81.5332
Wilson,583.9,35.7311,-77.9284
Wauwatosa,1392.9,43.0616,-88.0347
Glenview,1272.4,42.0825,-87.8214
Oro Valley,523.2,32.4208,-110.9767
Brea,1445.0,33.9254,-117.8655
Rancho Santa Margarita,1411.4,33.6318,-117.5988
Mentor,655.8,41.6893,-81.3362
Winter Garden,1111.4,28.5421,-81.5967
East Providence,1365.2,41.8065,-71.3565
Goose Creek,418.0,32.9927,-80.0055
La Mirada,2316.8,33.9025,-118.0093
Rowland Heights,1381.4,33.9716,-117.8912
Beavercreek,679.3,39.731,-84.0624
Los Banos,1806.6,37.063,-120.8406
Prescott,366.6,34.5849,-112.4473
Gallatin,511.1,36.3782,-86.4698
Olive Branch,321.9,34.961,-89.8469
Attleboro,670.4,41.9311,-71.295
Salina,681.9,38.8136,-97.6143
Farmington,519.2,36.7555,-108.1823
Whitney,2623.1,36.1008,-115.0379
Potomac,709.3,39.0141,-77.1943
Urbandale,788.4,41.639,-93.7812
Strongsville,721.7,41.3128,-81.8313
Pahrump,53.8,36.2235,-115.9974
Hackensack,4216.2,40.8891,-74.0462
Wentzville,812.6,38.8153,-90.8669
Haltom City,1428.0,32.8176,-97.2707
Altamonte Springs,1931.9,28.6615,-81.3953
Keller,959.2,32.9335,-97.2256
Odenton,1192.0,39.0661,-76.6938
Ashburn,1149.8,39.0277,-77.4714
Elmhurst,1720.7,41.8973,-87.9432
East Lansing,1304.9,42.748,-84.4836
Sayreville,1103.4,40.4656,-74.3237
Sierra Vista,114.5,31.563,-110.3153
Morgan Hill,1347.5,37.1325,-121.6419
Bountiful,1319.4,40.8721,-111.8647
Littleton,1379.7,39.5915,-105.0188
Pearl City,1908.5,21.4031,-157.9566
Lake Ridge,1906.1,38.6847,-77.3066
Shakopee,589.0,44.7745,-93.4772
Palm Springs,183.8,33.8017,-116.5382
Clermont,927.5,28.5325,-81.7208
Riverton,1376.7,40.5176,-111.9636
The Colony,1238.2,33.0925,-96.8976
Mankato,871.7,44.1715,-93.9772
West Lafayette,1275.7,40.4432,-86.9238
Moorhead,774.6,46.8673,-96.7461
Cleveland Heights,2139.6,41.5113,-81.5636
North Lauderdale,3730.0,26.2113,-80.2209
Sicklerville,989.6,39.7452,-74.9934
Fond Du Lac,893.0,43.7718,-88.4397
Cutler Bay,1737.2,25.5765,-80.3356
Rohnert Park,2356.1,38.3479,-122.6965
Oakley,1078.3,37.9929,-121.6952
Wilkes-Barre,2492.9,41.2469,-75.876
North Fort Myers,345.7,26.7244,-81.8485
El Centro,1407.9,32.7865,-115.5595
Freeport,3521.9,40.6515,-73.585
Oakland Park,2266.2,26.178,-80.1528
Greenacres,2792.0,26.627,-80.1371
Hicksville,2493.7,40.7637,-73.5245
Lompoc,1455.6,34.6618,-120.4714
Trujillo Alto,2283.1,18.3599,-66.0096
Lombard,1659.5,41.8741,-88.0157
Spanish Fork,947.7,40.1101,-111.6405
Linden,1575.6,40.6251,-74.2383
Waxahachie,338.3,32.4035,-96.8446
Pittsfield,415.6,42.4517,-73.2605
Channelview,1166.5,29.7914,-95.1144
Ormond Beach,478.4,29.2985,-81.1014
Newnan,845.2,33.3767,-84.7761
Woodbridge,1859.2,38.6409,-77.258
Holly Springs,862.4,35.6526,-78.8399
Danville,927.5,37.8121,-121.9698
Burke,1943.8,38.7773,-77.2633
Huber Heights,752.4,39.8595,-84.113
West Babylon,1974.5,40.7129,-73.3585
Delaware,823.5,40.2851,-83.0741
Schertz,502.6,29.565,-98.2535
North Miami Beach,3435.6,25.9302,-80.1659
Woonsocket,2147.1,42.001,-71.4993
Hollister,2085.3,36.8555,-121.3986
Campbell,2720.6,37.2802,-121.9539
Buffalo Grove,1728.0,42.1675,-87.9615
Edmonds,1852.6,47.8115,-122.3533
Catonsville,1181.4,39.2646,-76.7424
Manassas,1673.9,38.7479,-77.4838
Vineyard,878.2,38.474,-121.324
Puyallup,1146.2,47.1793,-122.2902
San Bruno,2997.6,37.6256,-122.4313
Coachella,549.7,33.6905,-116.143
Jefferson City,455.7,38.5676,-92.1759
French Valley,1511.2,33.5999,-117.1069
Beverly,1085.1,42.5681,-70.8627
Mableton,451.1,33.8133,-84.5655
Moline,973.4,41.4821,-90.492
Bullhead City,274.4,35.1205,-114.5461
Peachtree Corners,1010.7,33.967,-84.232
Linton Hall,1276.4,38.7551,-77.575
Coppell,1125.0,32.9639,-96.9903
Annandale,2065.3,38.8324,-77.196
Altadena,1912.1,34.1927,-118.1346
Land O' Lakes,852.1,28.2075,-82.4476
Grove City,857.4,39.8654,-83.069
Belleville,693.0,38.5164,-89.99
Post Falls,842.6,47.7213,-116.9384
Marion,894.2,42.0451,-91.585
Fitchburg,577.7,42.5912,-71.8156
Brookfield,587.1,43.064,-88.1231
Coram,1159.7,40.8812,-73.0059
Princeton,2159.0,25.5396,-80.3971
Weslaco,945.8,26.1599,-97.9877
Shelton,521.9,41.306,-73.1383
Marlborough,766.1,42.3494,-71.5468
Milton,413.3,34.1353,-84.3139
Rancho Palos Verdes,1182.4,33.7554,-118.3634
Hallandale Beach,3778.8,25.9854,-80.1423
Woburn,1257.5,42.4869,-71.1543
Brighton,732.2,39.9716,-104.7963
Indian Trail,695.5,35.0699,-80.6452
Reynoldsburg,1398.1,39.9588,-82.7943
Romeoville,818.9,41.6318,-88.0997
Maplewood,928.5,44.9842,-93.0247
Lynnwood,2007.5,47.8284,-122.3033
Covington,1199.6,39.0334,-84.5166
Mount Juliet,601.9,36.199,-86.5115
Friendswood,764.7,29.511,-95.1981
Annapolis,2183.0,38.9706,-76.5047
Meadow Woods,1408.1,28.3698,-81.3467
Essex,1695.8,39.3021,-76.4449
Cedar Falls,533.1,42.5195,-92.4536
Kearny,1771.1,40.7528,-74.1202
Woodlawn,1638.4,39.3054,-76.7489
Dekalb,891.9,41.9314,-88.7481
Pine Bluff,353.4,34.2116,-92.0173
Crystal Lake,822.4,42.2333,-88.3351
New Berlin,428.1,42.9726,-88.1291
Lake Oswego,1433.5,45.4129,-122.7004
Findlay,791.0,41.0469,-83.6379
Valley Stream,4471.6,40.6647,-73.7043
The Acreage,456.0,26.774,-80.2779
Cottage Grove,460.5,44.8161,-92.9274
Cape Girardeau,528.4,37.3109,-89.5597
Plant City,517.4,28.014,-82.1201
Culver City,3020.8,34.0058,-118.3968
Oviedo,993.4,28.658,-81.1872
Hurst,1546.6,32.8353,-97.1809
Hobbs,582.9,32.7281,-103.16
Duncanville,1374.5,32.646,-96.9127
Waipahu,5748.4,21.3859,-158.0101
Hutchinson,604.9,38.0671,-97.9081
Deland,788.3,29.0225,-81.2875
Fort Lee,6106.4,40.8509,-73.9713
Apache Junction,337.6,33.3985,-111.535
Rexburg,1474.2,43.8226,-111.7919
Lincoln Park,2613.9,42.2432,-83.1811
Lake Stevens,1501.0,48.0024,-122.0953
Severna Park,922.4,39.087,-76.5687
Issaquah,1256.5,47.5439,-122.0471
Rosenberg,404.9,29.5456,-95.8223
Chelsea,6866.9,42.3959,-71.0325
Lakewood Ranch,330.4,27.4185,-82.3948
Carol Stream,1664.6,41.9181,-88.1307
Aventura,5740.4,25.9566,-80.1371
West Fargo,938.7,46.8573,-96.9057
Bettendorf,712.3,41.5657,-90.4765
Park Ridge,2137.7,42.0125,-87.8436
Greer,643.7,34.933,-82.2313
Grants Pass,1313.4,42.4333,-123.3317
Parkland,1750.0,47.1417,-122.4376
Royal Palm Beach,1326.9,26.7038,-80.2241
Streamwood,1931.2,42.0209,-88.1779
Roy,1848.9,41.1714,-112.0485
Keizer,2096.4,45.0028,-123.0243
Owasso,884.8,36.2878,-95.8311
Navarre,652.7,30.4174,-86.8907
Peachtree City,598.8,33.3942,-84.571
Menomonee Falls,457.3,43.1487,-88.1227
La Vergne,608.4,36.02,-86.5586
Prattville,419.8,32.4597,-86.4573
Valrico,1085.4,27.9193,-82.2293
San Gabriel,3611.9,34.0949,-118.099
Clinton,598.2,38.7499,-76.9063
Vestavia Hills,745.9,33.4518,-86.7437
Bell Gardens,6070.5,33.9663,-118.155
Security-Widefield,1161.6,38.7489,-104.7142
Stanton,4808.4,33.8003,-117.9935
Westerville,1180.9,40.1241,-82.921
Wheeling,1713.9,42.1308,-87.924
Atlantic City,1380.9,39.3797,-74.4527
Phenix City,529.4,32.4585,-85.0253
Calexico,1754.7,32.6849,-115.4944
Winter Springs,999.0,28.6889,-81.2703
Urbana,1253.4,40.1107,-88.1973
Mechanicsville,523.8,37.6263,-77.3561
La Quinta,419.0,33.6536,-116.2785
East Point,1002.0,33.6696,-84.4701
Riviera Beach,1773.8,26.7813,-80.0741
Hot Springs,390.8,34.4892,-93.0501
Sun City,1018.2,33.6165,-112.2819
Adelanto,277.6,34.5814,-117.4397
Northglenn,1990.9,39.9108,-104.9783
Holyoke,692.2,42.2125,-72.6411
Lewiston,428.4,44.0915,-70.1681
Tupelo,226.8,34.2692,-88.7318
Montclair,2639.4,34.0715,-117.6981
Hilton Head Island,353.0,32.1896,-80.7499
Rome,457.8,34.2662,-85.1863
Central Islip,2037.2,40.7836,-73.1945
Fuquay-Varina,750.8,35.5953,-78.7778
Evans,576.4,33.5619,-82.1351
New Albany,936.3,38.309,-85.8234
Bartlesville,643.1,36.7365,-95.9456
Monrovia,1063.6,34.165,-117.9921
Pleasant Grove,1577.3,40.3716,-111.7412
Carpentersville,1843.1,42.1227,-88.2896
Pacifica,1151.5,37.6113,-122.4782
South Miami Heights,2952.1,25.5886,-80.3862
Oregon City,1439.8,45.3418,-122.5924
La Puente,4151.7,34.0323,-117.9533
Greenfield,1250.9,42.9619,-88.0052
Foothill Farms,3431.5,38.6867,-121.3475
Mission Bend,3019.8,29.6948,-95.6658
Tooele,596.7,40.5393,-112.3082
Estero,590.3,26.4276,-81.7951
Midlothian,225.7,32.4669,-96.989
Cedar City,396.6,37.6834,-113.0956
Leavenworth,589.5,39.3239,-94.924
Copperas Cove,795.6,31.1192,-97.914
Kearns,3088.8,40.6519,-112.0095
Tucker,707.0,33.8436,-84.2024
Wildomar,600.9,33.6173,-117.2582
Martinez,1127.7,37.9985,-122.1161
Hanover Park,2215.5,41.9818,-88.1446
Muskogee,330.9,35.7432,-95.3567
Oakton,1454.7,38.8887,-77.3016
Rock Island,809.4,41.4699,-90.5827
Richfield,2092.1,44.8763,-93.2829
La Presa,2575.4,32.711,-117.0027
South Valley,487.3,35.0093,-106.6819
Kiryas Joel,9660.1,41.3411,-74.1667
Hilliard,992.8,40.0353,-83.1578
Beloit,812.5,42.523,-89.0184
Claremont,1058.4,34.1259,-117.7153
Oak Creek,495.0,42.8803,-87.9009
Sun Prairie,1074.9,43.1825,-89.2362
Elmont,4125.9,40.7033,-73.7078
Commack,1145.9,40.8435,-73.2833
Merrillville,422.4,41.4728,-87.3196
Upper Arlington,1431.6,40.0272,-83.0704
Woodstock,1079.2,34.1026,-84.5091
Douglasville,611.3,33.7384,-84.7054
Farmers Branch,1178.2,32.9272,-96.8804
Socorro,634.7,31.6383,-106.2601
La Porte,748.8,29.6689,-95.0484
Dunedin,1315.2,28.0329,-82.7862
North Ridgeville,593.6,41.3852,-82.0195
Olney,859.0,39.1465,-77.0715
San Luis,410.9,32.4911,-114.7089
Richmond West,3330.7,25.6105,-80.4297
Randallstown,1358.8,39.3723,-76.8024
Moorpark,1130.9,34.2861,-118.8768
Benton,600.6,34.5776,-92.5713
Kaneohe,2121.3,21.4062,-157.7904
Lauderdale Lakes,3768.3,26.1682,-80.2017
Windsor,527.3,40.469,-104.9198
El Mirage,1397.0,33.5905,-112.3271
East Meadow,2193.4,40.7197,-73.5604
Norristown,3930.2,40.1225,-75.3398
Inver Grove Heights,495.8,44.8247,-93.0596
Temple City,3446.4,34.1022,-118.0579
Midvale,2340.8,40.6148,-111.8927
Egypt Lake-Leto,2327.1,28.0177,-82.5062
Carrollwood,1491.6,28.0577,-82.5148
Owings Mills,1443.0,39.4115,-76.7913
Fruit Cove,853.2,30.0972,-81.6175
Cookeville,383.7,36.1482,-85.5109
Kendall West,4979.8,25.7065,-80.4388
Torrington,344.5,41.8349,-73.1282
Stockbridge,717.8,33.5254,-84.2295
Springville,946.2,40.1638,-111.6205
Fair Oaks,2743.4,38.8653,-77.3586
Addison,1393.3,41.9313,-88.0085
Oswego,865.2,41.6834,-88.3372
Gahanna,1100.6,40.0251,-82.8637
American Fork,1197.0,40.3783,-111.7953
Hinesville,724.4,31.8248,-81.6137
Watertown Town,3871.7,42.37,-71.1774
Calumet City,1890.7,41.6134,-87.5505
Orangevale,1187.5,38.6881,-121.2209
Wildwood,203.6,38.58,-90.6698
Oakville,855.1,38.4479,-90.3199
Chillum,4022.6,38.9666,-76.9791
Fair Lawn,2643.1,40.9359,-74.1177
Mason,696.5,39.3571,-84.3023
West Hollywood,7177.6,34.0883,-118.3719
Graham,317.4,47.0322,-122.2827
Golden Glades,2740.5,25.9129,-80.2013
Sahuarita,426.7,31.9323,-110.9654
Prairieville,614.5,30.3151,-90.9571
San Juan Capistrano,936.4,33.5008,-117.6544
Pueblo West,272.3,38.3465,-104.7246
Timberwood Park,662.8,29.6995,-98.4838
Oildale,1707.2,35.4293,-119.0306
Butte,18.8,45.902,-112.6571
University Place,1613.5,47.2147,-122.5461
Merritt Island,789.9,28.3139,-80.6708
University City,2274.8,38.6657,-90.3315
Northbrook,1009.6,42.1292,-87.8352
Del Rio,653.7,29.3708,-100.8801
Manhattan Beach,3394.1,33.8894,-118.3967
Prosper,529.6,33.2394,-96.8087
Manitowoc,743.3,44.0991,-87.6812
Fairborn,914.4,39.801,-84.0094
Mcminnville,1258.9,45.211,-123.1918
College Park,2364.3,38.996,-76.9337
Valparaiso,774.3,41.4783,-87.0506
Goshen,740.3,41.5743,-85.8309
Pleasant Hill,1873.7,37.9539,-122.0759
Spanaway,1515.4,47.0979,-122.4233
Stow,775.3,41.1765,-81.4344
Westmont,7167.8,33.9417,-118.3018
Pikesville,1070.9,39.3893,-76.702
South Riding,1929.2,38.912,-77.5132
Cooper City,1641.1,26.0463,-80.2862
Montgomery Village,3397.0,39.1788,-77.1954
Dakota Ridge,1404.3,39.6192,-105.1344
Lufkin,385.5,31.3217,-94.7277
New City,852.3,41.1542,-73.9912
San Dimas,875.7,34.1082,-117.809
Crown Point,691.4,41.4143,-87.3457
Westlake,824.8,41.4524,-81.9294
Kearney,873.5,40.7011,-99.0833
Eastpointe,2545.5,42.4657,-82.9461
Weatherford,471.3,32.7536,-97.7723
Woodridge,1358.4,41.737,-88.0409
Kingman,348.1,35.217,-114.0105
Leawood,865.0,38.9075,-94.6258
Cibolo,619.3,29.5634,-98.2115
Deer Park,1243.1,29.6898,-95.1151
Englewood,1987.6,39.6468,-104.9942
Walla Walla,926.7,46.0671,-118.3368
Statesboro,867.0,32.4375,-81.7751
Uniondale,2274.0,40.7176,-73.5947
Alabaster,494.6,33.2198,-86.8225
Kennesaw,1329.7,34.026,-84.6177
Gadsden,346.6,34.0086,-86.0157
Baldwin,3153.0,40.6511,-73.6075
Harker Heights,830.2,31.0572,-97.6446
Goldsboro,451.7,35.3778,-77.9717
Ken Caryl,1311.8,39.577,-105.1144
Petersburg,567.0,37.2043,-77.3913
Huntington Station,2346.9,40.8446,-73.405
Gillette,554.0,44.2752,-105.4982
Chester,2652.8,39.8456,-75.3718
West Little River,2790.6,25.8571,-80.2367
Helena,745.0,46.5965,-112.0202
Bethel Park,1091.1,40.3238,-80.0364
East Lake,445.0,28.1206,-82.6868
Cottonwood Heights,1380.9,40.6137,-111.8144
Cleburne,383.4,32.3568,-97.4151
Foster City,3360.7,37.5553,-122.2659
Canyon Lake,89.1,29.8761,-98.2611
Sherwood,612.3,34.8507,-92.2029
Clearfield,1650.3,41.103,-112.0238
Dana Point,1957.6,33.4733,-117.6967
Glendale Heights,2352.7,41.9196,-88.0785
Kaysville,1207.3,41.029,-111.9456
Bell,5053.1,33.9801,-118.1798
Andover,374.2,45.2571,-93.3265
Brooklyn Center,1582.9,45.0681,-93.3162
Desert Hot Springs,420.2,33.955,-116.5429
Menlo Park,1266.7,37.4685,-122.1673
Los Gatos,1095.2,37.2304,-121.9562
Savage,809.3,44.7545,-93.3632
Lathrop,636.7,37.809,-121.3131
Goleta,1607.5,34.4361,-119.8594
Garner,636.8,35.6936,-78.6181
Garfield,5944.5,40.8791,-74.1085
Fallbrook,714.7,33.3693,-117.2259
Aiken,574.0,33.5303,-81.7271
Buenaventura Lakes,2236.9,28.3349,-81.3539
Maryville,696.9,35.7468,-83.9789
Hutto,840.4,30.5396,-97.544
Long Branch,2425.0,40.2965,-73.9915
Massillon,654.9,40.7838,-81.5254
Wheat Ridge,1328.6,39.7728,-105.1028
Elk Grove Village,1058.8,42.0064,-87.9921
Nacogdoches,449.0,31.6134,-94.6528
Oak Ridge,145.3,35.9639,-84.2938
North Olmsted,1059.5,41.4149,-81.919
Atwater,1882.2,37.3529,-120.5959
Cornelius,973.6,35.4724,-80.8813
West Odessa,198.7,31.8389,-102.5003
Juneau,4.6,58.4546,-134.1739
Beverly Hills,2161.4,34.0786,-118.4021
Opelika,200.6,32.6612,-85.3769
Milford Mill,1775.7,39.3444,-76.7668
Pullman,1108.7,46.7336,-117.168
Marrero,1708.9,29.8871,-90.1126
Laramie,664.9,41.3099,-105.6085
Pekin,781.3,40.5678,-89.6251
Sun City Center,779.1,27.715,-82.3569
Ithaca,2277.6,42.4442,-76.5032
Seguin,306.6,29.5891,-97.9676
San Pablo,4674.2,37.9629,-122.3426
Dania Beach,1563.9,26.0593,-80.1637
Lake Magdalene,1195.9,28.0875,-82.4791
West Bend,786.9,43.4173,-88.1818
Bethany,2249.0,45.5614,-122.837
Bangor,356.8,44.8323,-68.7906
Naugatuck,745.5,41.489,-73.0518
Mundelein,1116.4,42.2693,-88.0102
Nicholasville,802.8,37.8906,-84.5668
Middle River,956.8,39.3436,-76.4253
Bel Air North,764.1,39.5543,-76.3732
New Bern,424.8,35.0955,-77.0723
Lakeside,905.4,30.1356,-81.7674
Centereach,1363.9,40.8681,-73.0821
Eagle,269.2,43.7223,-116.3866
Lagrange,287.4,33.0274,-85.0384
Zionsville,180.7,39.9897,-86.3182
Bluffton,232.0,32.2135,-80.9316
Orcutt,1116.1,34.8691,-120.4222
Bay Shore,2126.6,40.7288,-73.2495
Sterling,2212.5,39.0052,-77.405
Holladay,1417.8,40.66,-111.8226
New Smyrna Beach,318.0,29.0249,-80.9652
Santa Paula,2178.5,34.3545,-119.0656
Port Chester,5167.9,41.0051,-73.668
Haines City,504.7,28.1102,-81.6157
Seatac,1194.8,47.4444,-122.2986
Lawndale,6091.2,33.8884,-118.3531
Alamogordo,556.0,32.8837,-105.9625
Southlake,548.9,32.9545,-97.1503
North Royalton,559.6,41.3138,-81.745
Hopkinsville,364.9,36.8381,-87.4775
Northport,664.2,33.2586,-87.5993
Bella Vista,263.6,36.4667,-94.2707
Laguna Hills,1823.1,33.5918,-117.6991
Ballwin,1310.5,38.595,-90.55
La Verne,1412.2,34.1207,-117.7703
North Chicago,1485.9,42.3172,-87.8595
Oakleaf Plantation,722.6,30.1689,-81.8337
Los Altos,1814.6,37.3684,-122.0965
Miami Lakes,2097.5,25.9125,-80.3214
Banning,509.8,33.946,-116.8992
West Falls Church,2371.5,38.8648,-77.1878
Lawrenceville,857.0,33.9523,-83.9932
Eldersburg,297.0,39.4041,-76.9528
Franklin Square,4097.0,40.7002,-73.6775
Burlingame,2682.8,37.5859,-122.3667
Gurnee,871.0,42.3708,-87.9392
Morrisville,1282.5,35.8368,-78.8348
Ferry Pass,845.9,30.5205,-87.1899
Liberty,396.3,39.2394,-94.4191
Redan,1452.4,33.7394,-84.1644
Parkville,2741.4,39.3832,-76.5519
Chamblee,1524.2,33.8842,-84.3007
North Tonawanda,1160.6,43.0457,-78.8659
Saratoga,916.5,37.2684,-122.0263
Brownsburg,688.3,39.8337,-86.383
Granger,475.7,41.7374,-86.1348
Niles,1998.0,42.0278,-87.8099
Highland Park,954.0,42.1823,-87.8104
Austintown,1004.2,41.0932,-80.7405
Summerlin South,1199.0,36.1242,-115.3324
Ruskin,637.0,27.7065,-82.4209
Mcdonough,867.4,33.4397,-84.1505
Drexel Hill,3623.9,39.9495,-75.3038
Matthews,676.0,35.1195,-80.7101
Fridley,1137.5,45.0841,-93.2595
Paragould,363.8,36.0555,-90.5149
Winter Park,1317.7,28.5989,-81.3442
Algonquin,922.1,42.1629,-88.3159
Hazleton,1932.2,40.9505,-75.9725
Crofton,1744.9,39.0144,-76.68
Gloucester,440.2,42.626,-70.6897
San Carlos,2125.7,37.4982,-122.2677
Monterey,1329.7,36.5919,-121.8808
Rahway,2948.0,40.6077,-74.2807
Atascadero,440.4,35.4827,-120.6858
Orchards,2143.4,45.689,-122.5306
Galesburg,644.1,40.9506,-90.3763
Hobart,437.0,41.514,-87.2729
Schererville,757.1,41.4861,-87.4442
Central,183.6,30.5593,-91.0369
Laurel,2401.1,39.0949,-76.8622
Raytown,1150.5,38.9944,-94.4641
Southgate,1659.7,42.2047,-83.2057
Burton,488.1,42.9974,-83.6175
Melrose,2431.1,42.4556,-71.059
Magna,571.8,40.7634,-112.1599
Casselberry,1633.0,28.6624,-81.3217
San Lorenzo,3733.8,37.6733,-122.1332
Eastern Goleta Valley,684.7,34.4448,-119.7879
Bixby,441.3,35.9454,-95.8776
Garfield Heights,1568.5,41.4199,-81.6038
Vero Beach South,962.7,27.6132,-80.4163
Fleming Island,715.5,30.0988,-81.7124
Fountain,506.8,38.6886,-104.6829
Kirkwood,1232.1,38.5788,-90.4203
Harrison,674.3,41.0236,-73.7193
Clarksburg,1171.0,39.2246,-77.2659
Suisun City,2815.2,38.2473,-122.0091
Statesville,401.3,35.7842,-80.8713
East Palo Alto,4451.1,37.4671,-122.1352
Mehlville,1502.1,38.5018,-90.3149
Easton,2633.5,40.6858,-75.2209
Sachse,1153.4,32.9726,-96.5793
East Lake-Orient Park,709.6,27.997,-82.3653
Russellville,396.4,35.2762,-93.1383
Shaker Heights,1780.0,41.4744,-81.5496
Jeffersontown,1049.7,38.2049,-85.5701
Perry Hall,1608.9,39.4068,-76.478
Lake In The Hills,1091.7,42.1913,-88.3477
Golden Gate,2844.6,26.1844,-81.7031
Converse,1175.9,29.5091,-98.3084
Twentynine Palms,188.9,34.1478,-116.0659
Daphne,546.4,30.6263,-87.8816
Northampton,322.9,42.3266,-72.6745
Carney,1577.5,39.405,-76.5235
East Niles,2022.4,35.3683,-118.9225
Temescal Valley,570.3,33.7581,-117.4677
Forest Hills,223.2,42.9577,-85.4895
Laplace,526.3,30.0731,-90.4758
Frankfort,743.7,38.1924,-84.8643
Madison Heights,1548.0,42.5073,-83.1034
Jamestown,1232.2,42.0976,-79.2367
Monroeville,555.8,40.4262,-79.7605
Apollo Beach,556.2,27.7618,-82.4003
Aberdeen,659.2,45.4649,-98.4686
Fort Mill,557.0,35.0061,-80.9389
Rockledge,826.0,28.3203,-80.736
Glen Ellyn,1566.1,41.8666,-88.0629
Bergenfield,3758.3,40.9236,-73.9982
Fortuna Foothills,271.9,32.6616,-114.3974
Forney,686.1,32.744,-96.4529
Eagle Pass,1151.9,28.7125,-100.484
Short Pump,1213.2,37.6549,-77.6201
Citrus Park,1069.8,28.073,-82.5628
Chaska,634.0,44.8164,-93.6091
Ridgecrest,520.8,35.6308,-117.6622
Allen Park,1552.7,42.2595,-83.2107
Maple Valley,1808.4,47.3659,-122.0368
Oakdale,990.0,44.9876,-92.9641
Glen Cove,1629.6,40.8709,-73.6287
Ramsey,375.6,45.2617,-93.4494
Crestview,619.4,30.7477,-86.5785
Clayton,645.0,35.659,-78.4498
Tysons,2536.7,38.9215,-77.2273
Maryland Heights,493.7,38.7189,-90.4749
Williston,419.6,48.1814,-103.6364
New Iberia,967.8,30.0049,-91.8202
Lake Jackson,545.9,29.0516,-95.4521
Huntley,734.1,42.1599,-88.433
Walnut,1196.5,34.0334,-117.8593
Prior Lake,659.6,44.7246,-93.4419
Hamtramck,5141.7,42.3954,-83.0559
Shirley,949.0,40.7936,-72.8748
Monsey,4679.6,41.1181,-74.0682
Garden City,957.3,37.9753,-100.8527
Mchenry,723.2,42.3387,-88.2932
Reisterstown,2105.3,39.455,-76.814
South Laurel,1326.6,39.0603,-76.8456
Tualatin,1270.9,45.3772,-122.7748
Alvin,466.9,29.3872,-95.2938
Homewood,1294.3,33.4619,-86.809
Dodge City,711.1,37.7611,-100.0182
West Melbourne,981.1,28.0694,-80.6736
Drexel Heights,554.8,32.1453,-111.048
Williamsport,1215.4,41.2399,-77.037
Lochearn,1905.6,39.3461,-76.7307
Silver Springs Shores,712.4,29.1126,-82.0149
Ilchester,989.1,39.2187,-76.7683
Wilmette,1969.3,42.0771,-87.7282
Belmont,2293.9,37.5154,-122.2953
Mililani Town,2647.8,21.4465,-158.0147
Marshalltown,552.9,42.0343,-92.9068
Lemon Grove,2736.4,32.7331,-117.0344
Pearl,416.0,32.273,-90.0918
New Lenox,659.8,41.5095,-87.9703
Kernersville,553.5,36.1065,-80.0842
Millville,252.2,39.3903,-75.0561
Neenah,1103.3,44.1669,-88.4767
Green,330.0,40.9483,-81.4757
Asheboro,540.9,35.7158,-79.8127
Thomasville,623.9,35.8813,-80.0807
Pooler,379.5,32.1043,-81.2569
Wright,1920.0,30.4445,-86.6419
New London,1873.0,41.3502,-72.1022
Balch Springs,1156.0,32.7194,-96.6151
Celina,216.8,33.3154,-96.7941
Mason City,371.3,43.1487,-93.1997
Lindenhurst,2793.2,40.6858,-73.371
Gladstone,1293.5,39.2134,-94.5592
Kahului,726.5,20.8715,-156.4603
West Linn,1406.5,45.367,-122.6399
Lemoore,1065.6,36.2949,-119.7983
Wooster,597.5,40.8172,-81.9336
Sun City West,874.2,33.6695,-112.3573
Fulshear,806.2,29.693,-95.8804
Waukee,475.4,41.5985,-93.8869
Mint Hill,423.3,35.1783,-80.6528
Chicago Heights,1003.2,41.51,-87.6345
Brawley,1285.6,32.9783,-115.5287
Temple Terrace,1375.0,28.0436,-82.3773
Leisure City,3185.8,25.4935,-80.4363
Paducah,510.3,37.0711,-88.644
Oak Forest,1720.7,41.6054,-87.7527
Plum,363.2,40.5024,-79.7495
Benicia,809.4,38.0725,-122.1526
Woodburn,1672.6,45.1472,-122.8603
Kalispell,802.6,48.2153,-114.3274
South Portland,858.4,43.631,-70.2895
Camas,728.8,45.6005,-122.4304
Vernon Hills,1335.9,42.234,-87.9608
Ewa Gentry,4849.2,21.3344,-158.0262
Cabot,497.4,34.9766,-92.0274
Lutz,422.0,28.1396,-82.4467
Batavia,942.6,41.8479,-88.3109
Shoreview,958.4,45.0842,-93.1358
Keystone,293.8,28.1312,-82.5999
Palm River-Clair Mel,903.0,27.9239,-82.3791
Granite City,541.5,38.7296,-90.1268
Horn Lake,641.4,34.9512,-90.0501
West Islip,1682.8,40.7041,-73.2954
Superior,279.9,46.6941,-92.0823
Edwardsville,512.2,38.7922,-89.9874
Jenks,589.7,35.9981,-95.9736
Tumwater,577.0,46.9891,-122.9175
Sanger,1645.8,36.699,-119.5575
Rosemount,307.8,44.7466,-93.0661
Paramus,979.6,40.9455,-74.0712
Venice,628.4,27.1184,-82.4137
Owatonna,673.7,44.0912,-93.2312
Forest Grove,1700.8,45.5243,-123.1097
Carolina Forest,605.6,33.7651,-78.913
Elk River,240.5,45.3314,-93.567
Elmira,1402.8,42.0938,-76.8097
Leland,357.5,34.2042,-78.0279
Eureka,1061.5,40.7943,-124.1564
South Pasadena,2978.5,34.1103,-118.1573
South Salt Lake,1461.7,40.7057,-111.8986
Holbrook,1472.9,40.7944,-73.07
Plainview,1770.7,40.7832,-73.4732
Hercules,1580.2,38.0064,-122.2564
Lockport,862.2,41.5906,-88.0293
Wasco,1078.5,35.5938,-119.3671
Wilsonville,1314.6,45.3109,-122.7702
Elkridge,1209.3,39.1941,-76.7428
Fairland,2036.1,39.0803,-76.9527
Trussville,283.4,33.6405,-86.5815
East Chicago,715.8,41.6469,-87.4545
Ives Estates,3962.8,25.9632,-80.183
Oxford,378.4,34.3627,-89.5336
Ridgewood,1753.5,40.9821,-74.1127
Medina,868.0,41.1358,-81.8695
North Tustin,1527.6,33.7636,-117.7947
Cave Spring,841.3,37.2254,-80.0072
Chanhassen,493.1,44.8546,-93.5621
Winona,528.8,44.0505,-91.6684
Kuna,386.0,43.488,-116.3933
Fish Hawk,617.8,27.8511,-82.2164
Colleyville,762.5,32.8913,-97.1486
Imperial Beach,2330.5,32.5693,-117.118
Moscow,1445.6,46.7308,-116.9986
Ballenger Creek,925.0,39.3807,-77.4206
Terrytown,2723.4,29.9014,-90.0279
Fort Washington,723.3,38.7339,-77.0069
Key West,1780.7,24.5642,-81.7775
Grandview,676.9,38.8802,-94.5227
Derby,896.8,37.5571,-97.2551
Fort Hood,514.2,31.1357,-97.7834
El Cerrito,2711.0,37.9196,-122.3025
Rockville Centre,3060.7,40.6643,-73.6383
Staunton,499.4,38.1593,-79.0611
Sebastian,571.6,27.7822,-80.4819
Allendale,427.7,42.9845,-85.9499
Palm City,715.9,27.1735,-80.2862
Columbine,1494.7,39.5879,-105.0694
Galt,1266.3,38.2698,-121.3004
Bessemer,243.7,33.3712,-86.9728
Pace,408.4,30.6188,-87.1667
Immokalee,435.4,26.4253,-81.4251
Newberg,1654.3,45.3075,-122.9601
Starkville,356.2,33.4608,-88.8297
Inkster,1580.9,42.2935,-83.3148
Moses Lake,544.9,47.1279,-119.2759
South Bradenton,2195.2,27.4612,-82.5822
Nocatee,368.4,30.0927,-81.4095
Cliffside Park,10333.5,40.8222,-73.9879
Happy Valley,829.4,45.4358,-122.5081
Xenia,755.4,39.6829,-83.9413
Tarpon Springs,1064.2,28.1493,-82.7623
Okemos,584.1,42.7057,-84.4135
Stevens Point,568.9,44.5241,-89.5507
Peekskill,2265.0,41.2884,-73.9227
Mill Creek East,2209.5,47.8361,-122.1877
West Whittier-Los Nietos,3900.1,33.9759,-118.0689
Bailey'S Crossroads,4791.7,38.8477,-77.1305
Avon Lake,883.1,41.4944,-82.0159
Reedley,1750.0,36.5988,-119.4471
West Chicago,637.4,41.896,-88.2253
Northdale,1218.4,28.1058,-82.5263
De Pere,819.2,44.4308,-88.0785
Ottumwa,609.3,41.0195,-92.4186
Denison,337.3,33.7672,-96.5808
Corsicana,425.7,32.0824,-96.4665
Caledonia,216.1,42.7986,-87.8762
Sugar Hill,864.9,34.108,-84.0558
Mercer Island,1529.4,47.5661,-122.232
Holt,623.4,42.6416,-84.5308
Mequon,210.7,43.2352,-87.9839
Dickinson,737.6,46.8918,-102.7925
Hazelwood,607.0,38.7931,-90.3899
Norco,702.4,33.9252,-117.5498
North Laurel,1501.1,39.1285,-76.8476
Walker,395.9,42.9853,-85.7446
Dinuba,1450.7,36.5453,-119.3987
Barstow,235.6,34.8661,-117.0471
Carteret,2214.7,40.5849,-74.2284
Edgewood,568.2,39.419,-76.2964
Muskego,307.4,42.886,-88.1291
Simpsonville,999.6,34.7287,-82.2569
Mountain House,2127.0,37.7673,-121.5449
University Park,2627.4,32.8506,-96.7937
Avon,465.9,41.4485,-82.0187
Perrysburg,800.0,41.5377,-83.6413
Kingsville,697.0,27.5094,-97.861
Bellview,830.4,30.462,-87.312
Dix Hills,613.9,40.8033,-73.3375
Newport,1262.3,41.4801,-71.3203
King Of Prussia,1137.4,40.0963,-75.3821
Loma Linda,1078.3,34.045,-117.2498
Hastings,647.5,40.5961,-98.39
Norton Shores,415.3,43.1621,-86.2519
Barberton,1069.5,41.0095,-81.6037
Romulus,270.5,42.2237,-83.366
North Augusta,449.7,33.5214,-81.9547
Auburn Hills,578.0,42.6735,-83.2448
Riverbank,2039.7,37.726,-120.9433
Seal Beach,849.4,33.7542,-118.0714
Westchase,960.6,28.0597,-82.611
Centerville,873.0,39.6339,-84.1449
Yukon,360.9,35.5201,-97.7639
Pecan Grove,1155.0,29.6235,-95.733
Fort Dodge,597.9,42.5098,-94.1751
Big Spring,499.5,32.2389,-101.4799
Ardmore,191.8,34.1949,-97.1256
Sandusky,991.7,41.4468,-82.7024
Zanesville,811.0,39.9565,-82.0132
Morton Grove,1873.3,42.0423,-87.789
Paris,270.8,33.6688,-95.546
San Benito,602.9,26.1298,-97.644
Suitland,2242.9,38.8492,-76.9225
Cloverleaf,3080.2,29.7882,-95.1724
Socastee,711.4,33.6871,-79.0086
Belton,659.5,38.8192,-94.5335
Port St. John,1019.7,28.4757,-80.8104
Bainbridge Island,344.1,47.6439,-122.5434
Maywood,8103.8,33.9886,-118.1877
Wyandotte,1794.2,42.2113,-83.1558
Selma,1597.7,36.5715,-119.6143
Watertown,1050.5,43.9734,-75.9094
Greenbelt,1519.7,38.9953,-76.8885
Landover,2370.9,38.9241,-76.8875
Ridgeland,360.9,32.4236,-90.1481
Kerrville,413.2,30.0398,-99.132
Herndon,2209.5,38.9699,-77.3867
Homer Glen,426.2,41.6043,-87.9497
Melrose Park,2174.1,41.903,-87.8636
Belvidere,747.5,42.2543,-88.8649
Pelham,244.0,33.3114,-86.7573
World Golf Village,349.9,29.9654,-81.4896
Fairfax,1514.4,38.8531,-77.2997
Soledad,2118.8,36.4432,-121.3426
Zion,950.0,42.4603,-87.8511
Faribault,601.1,44.2996,-93.2789
Benbrook,876.5,32.6788,-97.4637
Oak Harbor,974.8,48.2964,-122.6333
Ponca City,512.2,36.7235,-97.0677
Farragut,587.5,35.8731,-84.1821
Patterson,1205.2,37.4758,-121.1536
Wadsworth,818.7,41.0279,-81.7323
Mandan,693.9,46.829,-100.887
Palmetto Bay,1130.0,25.6219,-80.3221
South Plainfield,1127.7,40.5748,-74.4152
Frederickson,826.7,47.0916,-122.3603
Johnston,479.3,41.691,-93.7234
Liberty Triangle,511.7,29.076,-82.2191
West Memphis,312.5,35.153,-90.1996
Nixa,1000.5,37.0453,-93.2959
Collinsville,604.6,38.677,-90.0063
Shelbyville,482.4,35.4987,-86.4517
Wekiwa Springs,1083.9,28.6984,-81.4251
Emporia,747.1,38.4028,-96.1932
Bay Point,1445.9,38.0329,-121.9615
Papillion,743.6,41.1511,-96.0665
Coral Terrace,2764.5,25.7464,-80.3049
White Bear Lake,1153.1,45.0656,-93.015
Gardner,636.4,38.8122,-94.9275
Brambleton,1610.1,38.9803,-77.5323
North Potomac,1420.5,39.0955,-77.2373
South Elgin,1274.1,41.9906,-88.3135
Elmwood Park,4852.0,41.9225,-87.8163
Rolling Meadows,1648.1,42.0747,-88.0252
Bloomingdale,1138.2,27.8784,-82.2624
Solon,455.6,41.3865,-81.44
Kingston,1235.4,41.9295,-73.9968
Easley,702.8,34.8188,-82.5827
Willoughby,902.7,41.6459,-81.4084
Katy,603.4,29.7905,-95.8353
Arnold,851.7,39.0437,-76.4974
Somerset,1455.0,40.5083,-74.501
Raymore,531.9,38.8029,-94.4583
Pickerington,902.4,39.889,-82.7678
Bayonet Point,1616.8,28.3254,-82.6834
Roseburg,852.3,43.2231,-123.352
Webster Groves,1552.2,38.5866,-90.3544
Fountain Hills,452.4,33.6073,-111.7398
Chantilly,763.9,38.8868,-77.4453
Munster,1215.8,41.5468,-87.504
San Fernando,3856.5,34.2886,-118.4362
Brookings,656.0,44.3022,-96.7859
Taylors,865.9,34.9157,-82.3124
North Lynnwood,2920.2,47.8533,-122.2762
Griffin,650.1,33.2418,-84.2748
Marshall,306.8,32.537,-94.3515
Fernley,74.3,39.5627,-119.1906
Cartersville,317.7,34.1644,-84.8009
Ladera Ranch,1843.3,33.5492,-117.6417
Jacksonville Beach,1245.6,30.2782,-81.4045
Kenmore,1480.2,47.7516,-122.2489
Eustis,780.9,28.8563,-81.6771
Muscatine,500.1,41.4195,-91.068
Van Buren,587.2,35.4483,-94.3528
East San Gabriel,4170.8,34.1157,-118.0791
Eastmont,1773.1,47.8968,-122.1818
Champlin,1110.8,45.1702,-93.3903
Rosemont,2063.9,38.5478,-121.3553
Cherry Hill,1160.0,38.5696,-77.2895
Brent,885.6,30.4727,-87.2495
Blue Island,2220.7,41.6578,-87.6811
Lisle,1310.8,41.7918,-88.0888
Pottstown,1861.6,40.2508,-75.6445
Glassboro,968.3,39.7014,-75.1113
Fairhope,608.3,30.5209,-87.8813
Maple Heights,1744.1,41.4094,-81.5625
Watauga,2166.3,32.8719,-97.2515
Copiague,2913.3,40.6707,-73.3922
Edgewater,362.7,28.9594,-80.9406
Waverly,988.3,42.7401,-84.6354
Union Hill-Novelty Hill,370.6,47.6788,-122.0284
Cockeysville,750.2,39.4804,-76.6294
North Salt Lake,1038.8,40.8439,-111.9187
Rock Springs,454.1,41.5947,-109.2209
Linda,1044.0,39.1241,-121.5421
Loves Park,548.3,42.3364,-88.9975
Cottage Lake,393.5,47.7466,-122.0755
Jasmine Estates,2462.1,28.293,-82.6907
Searcy,487.2,35.2418,-91.7351
Hazel Dell,1844.1,45.6797,-122.6553
Horizon City,1022.1,31.6799,-106.1903
Trotwood,291.8,39.7926,-84.3165
Ensley,727.8,30.5259,-87.2733
Kapolei,2035.3,21.3399,-158.0677
North Platte,518.6,41.1263,-100.7641
Hudson,346.7,41.2399,-81.4408
Radcliff,663.0,37.8204,-85.9365
Hopewell,855.6,37.2915,-77.2985
Prairie Village,1426.0,38.9874,-94.6362
Keene,238.6,42.9494,-72.2998
West Springfield,1838.1,38.7771,-77.2268
New Brighton,1361.4,45.0658,-93.206
Duncan,205.7,34.5408,-97.9215
Calabasas,644.1,34.1375,-118.6689
Corinth,1136.6,33.1434,-97.0682
Coralville,696.3,41.699,-91.5967
Ramona,229.3,33.0474,-116.8766
Christiansburg,598.5,37.1406,-80.4036
Ashland,4774.3,37.6942,-122.1159
Laguna Beach,988.7,33.5455,-117.7613
Bonney Lake,1070.1,47.1791,-122.17
Cataño,1819.1,18.4375,-66.144
Machesney Park,692.3,42.3666,-89.0266
Martha Lake,1928.6,47.8479,-122.2327
Roselle,1583.0,41.9809,-88.0861
Vega Baja,1439.8,18.4406,-66.3997
Sun Valley,601.3,39.6104,-119.777
Crystal,1513.9,45.0377,-93.3599
North Plainfield,3117.3,40.6209,-74.4386
Hialeah Gardens,2712.4,25.8878,-80.3569
Corcoran,1171.4,36.0841,-119.5613
Anthem,1103.4,33.856,-112.1168
Bear,1508.8,39.6189,-75.6808
Debary,460.5,28.8815,-81.324
Millbrae,2668.2,37.5994,-122.4023
Albertville,323.3,34.2633,-86.2108
Waynesboro,582.2,38.0674,-78.9014
Kihei,930.4,20.7653,-156.4454
West Rancho Dominguez,2193.5,33.9057,-118.2683
Summit,1450.1,40.7154,-74.3647
East Peoria,419.6,40.6736,-89.5419
Central Falls,7269.7,41.8901,-71.3934
Biddeford,288.3,43.4673,-70.4511
Villa Park,1836.3,41.8865,-87.9779
Mcnair,4245.1,38.9513,-77.4115
Chalmette,1208.0,29.9438,-89.966
Junction City,750.2,39.0277,-96.8508
Acworth,944.2,34.0566,-84.6716
The Crossings,2511.2,25.6708,-80.4018
Yorkville,428.4,41.6563,-88.4507
Foley,244.6,30.3983,-87.665
Cudahy,7328.2,33.9631,-118.183
Marina,967.4,36.681,-121.7892
Hayesville,2883.8,44.9793,-122.9738
Hillsborough,1076.1,40.5069,-74.6523
Marion Oaks,293.3,29.0011,-82.1953
Sapulpa,365.3,36.0091,-96.1003
Rancho San Diego,988.5,32.7624,-116.9197
Perry,300.9,32.472,-83.7283
Middleton,913.3,43.1064,-89.5059
Ruston,405.0,32.5328,-92.6363
Payson,651.4,40.0355,-111.739
West Puente Valley,4584.5,34.0513,-117.9681
Camp Springs,1114.9,38.8052,-76.9199
Mountain Brook,666.3,33.4871,-86.74
Bayou Cane,1123.1,29.6243,-90.751
Sunny Isles Beach,8453.1,25.9385,-80.1246
Allison Park,615.6,40.573,-79.9603
Langley Park,8565.9,38.9897,-76.9808
Chambersburg,1229.5,39.9315,-77.6556
East Ridge,1027.2,34.9973,-85.2285
Columbia Heights,2494.4,45.0484,-93.2472
Winter Gardens,1922.1,32.8376,-116.9268
Mililani Mauka,2123.4,21.4756,-157.9948
Lorton,1591.8,38.6983,-77.2164
Chillicothe,807.5,39.3393,-82.9939
Ozark,697.8,37.0365,-93.2158
Golden Valley,829.7,44.9901,-93.3591
Duarte,1261.6,34.161,-117.9504
West Carson,3733.3,33.8229,-118.2931
Klamath Falls,419.7,42.2195,-121.7754
Parsippany,1387.2,40.8645,-74.4135
Sedalia,561.7,38.7059,-93.234
Shelby,377.7,35.2904,-81.5451
Darien,1366.8,41.7448,-87.9822
Lino Lakes,298.9,45.1679,-93.083
Massapequa,2367.6,40.6676,-73.4706
Merrick,2261.6,40.6515,-73.5535
Carbondale,481.8,37.7221,-89.2237
Pascagoula,547.7,30.3666,-88.5506
Suwanee,756.5,34.0508,-84.0686
Rio Rico,133.4,31.4957,-110.9885
Silver Firs,1227.7,47.8635,-122.1497
Four Square Mile,3113.9,39.6808,-104.888
Holiday,1571.3,28.1864,-82.7429
Yucca Valley,210.8,34.1234,-116.4216
New Castle,1009.8,40.9956,-80.3458
Harvey,1292.2,29.8876,-90.0666
Selden,1842.4,40.8714,-73.0466
American Canyon,1378.1,38.1796,-122.2583
Port Hueneme,1897.0,34.1618,-119.2036
Hurricane,158.7,37.1487,-113.3517
Willowbrook,4981.9,33.9209,-118.2356
St. John,655.8,41.4429,-87.4697
Valinda,4148.4,34.04,-117.93
South Euclid,1790.5,41.524,-81.5245
Green Valley,422.3,31.8393,-111.0009
Alliance,924.3,40.9107,-81.1189
Clemmons,695.1,36.0319,-80.3861
Waxhaw,683.0,34.9363,-80.7439
Del City,1107.3,35.4483,-97.4408
Ennis,255.8,32.3254,-96.6347
Seymour,626.1,38.9476,-85.8911
Lindenwold,2130.8,39.8173,-74.9898
Florida Ridge,773.1,27.5805,-80.3848
Pleasant Prairie,248.9,42.5266,-87.8895
Rocky River,1754.3,41.4702,-81.8525
Rose Hill,1476.5,38.7872,-77.1085
Tukwila,902.9,47.475,-122.2728
North Ogden,1091.5,41.3123,-111.9584
Five Corners,1434.1,45.6883,-122.5738
Secaucus,1420.6,40.781,-74.0659
Mountlake Terrace,2039.0,47.7921,-122.3077
New Hope,1633.7,45.0375,-93.3869
Granite Bay,383.0,38.7601,-121.1714
East Patchogue,991.6,40.7704,-72.9817
Otsego,278.5,45.266,-93.6201
Stephenville,688.8,32.2147,-98.2205
Carlisle,1488.9,40.2,-77.2034
Gallup,408.0,35.5182,-108.7431
South Lake Tahoe,817.6,38.9393,-119.9828
Stevenson Ranch,1289.3,34.3894,-118.5883
Candler-Mcafee,1182.3,33.7267,-84.2723
Mukilteo,1316.7,47.9096,-122.3035
Geneva,814.4,41.8833,-88.3242
Battle Ground,946.7,45.7766,-122.5413
Mustang,685.9,35.3917,-97.7246
Milwaukie,1644.6,45.4445,-122.6219
Hunters Creek,1164.8,28.361,-81.4358
Snellville,780.2,33.8562,-84.0038
Carrboro,1261.1,35.9259,-79.0878
Willmar,573.5,45.1216,-95.0569
Bryant,397.4,34.6152,-92.4914
Old Jamestown,545.6,38.8394,-90.2847
Hanahan,775.9,32.9302,-80.0027
Mineola,4397.2,40.747,-73.6394
Hays,930.9,38.8821,-99.3221
West St. Paul,1658.0,44.9018,-93.0858
Silverdale,643.2,47.6663,-122.6828
Lealman,2018.2,27.8197,-82.6847
South Holland,1121.4,41.5977,-87.6022
Bothell West,1956.3,47.8056,-122.2401
Sulphur,721.8,30.2286,-93.3566
Murphy,1423.3,33.0186,-96.6105
Dolton,1772.2,41.6284,-87.5979
Anna,451.9,33.3472,-96.5508
Fort Walton Beach,1059.2,30.4255,-86.6222
St. Andrews,1323.1,34.051,-81.1057
Brushy Creek,1255.2,30.5128,-97.7386
Vicksburg,244.9,32.3173,-90.8868
Imperial,1282.2,32.839,-115.572
Park Forest,1626.3,41.4817,-87.6867
Arbutus,1234.7,39.2428,-76.6922
Hyattsville,2977.3,38.9613,-76.9548
Mill Creek,1733.3,47.8631,-122.2037
Rosedale,1172.6,39.3266,-76.5084
Murrysville,218.5,40.4456,-79.6554
East Moline,551.2,41.5199,-90.3879
Rosamond,154.3,34.8658,-118.2155
North Liberty,841.8,41.7438,-91.6112
North Bellmore,3061.4,40.6904,-73.539
Hauppauge,785.8,40.8211,-73.2109
West Hempstead,3016.1,40.6959,-73.6507
Fate,658.5,32.943,-96.3858
Midway,666.6,30.4169,-87.0229
Grayslake,731.6,42.3405,-88.0338
Wade Hampton,910.6,34.8821,-82.3336
Montrose,423.1,38.4689,-107.859
Marquette,709.9,46.544,-87.4082
West Pensacola,1113.7,30.4263,-87.2679
Northfield,934.7,44.455,-93.1698
Forest Lake,261.4,45.2536,-92.9582
Tullahoma,340.5,35.3721,-86.2172
Saco,206.5,43.539,-70.4624
South St. Paul,1416.3,44.8877,-93.0411
Elko,446.2,40.8381,-115.7678
Groveland,375.8,28.6098,-81.8246
Shafter,205.7,35.4794,-119.2013
Parma Heights,1896.7,41.3865,-81.7637
Pleasantville,1390.5,39.39,-74.5169
Merrifield,2940.0,38.8731,-77.2426
South Milwaukee,1643.9,42.912,-87.8627
Piqua,602.6,40.1506,-84.2441
North Bay Shore,2476.1,40.7602,-73.2617
Libertyville,898.3,42.287,-87.967
Adrian,988.2,41.8994,-84.0447
South Burlington,481.3,44.4622,-73.2202
Westbrook,460.1,43.6954,-70.3539
Golden,819.6,39.7406,-105.2118
Sidney,659.8,40.2891,-84.1667
Painesville,1157.0,41.724,-81.2536
Buckhall,400.7,38.7239,-77.4476
Culpeper,1046.2,38.4704,-78.0001
Lomita,4120.8,33.7933,-118.3175
Meadowbrook,965.6,37.4301,-77.474
Makakilo,2058.8,21.3591,-158.0813
North Amityville,3336.3,40.7005,-73.4119
East Hemet,1507.0,33.7301,-116.941
Lennox,7164.3,33.938,-118.3586
Howard,422.5,44.5703,-88.0928
Lynbrook,3884.5,40.6579,-73.6742
Centerton,546.8,36.3566,-94.2971
Palisades Park,6292.6,40.8472,-73.9966
Rolla,641.5,37.9459,-91.7607
East Massapequa,2301.5,40.6742,-73.4359
La Cañada Flintridge,898.9,34.2097,-118.2002
Nanuet,1427.2,41.0957,-74.0155
Port Angeles,724.1,48.1141,-123.4565
Mayfield Heights,1859.8,41.5174,-81.4534
Affton,1692.5,38.5499,-90.3264
Alamo,1009.4,26.181,-98.1177
Forest Park,1197.0,39.2861,-84.5258
Whitehall,1458.9,39.9682,-82.8833
Sand Springs,389.1,36.1353,-96.1283
La Crescenta-Montrose,2245.8,34.2322,-118.2353
Ypsilanti,1793.2,42.244,-83.6208
Claremore,511.1,36.3146,-95.6095
Lincolnia,1622.1,38.8158,-77.1543
Mokena,880.4,41.5327,-87.8781
Punta Gorda,497.1,26.8941,-82.0513
Agoura Hills,984.6,34.151,-118.7609
Plattsburgh,1429.5,44.6951,-73.4563
Miamisburg,625.5,39.6322,-84.2724
Oroville,551.5,39.4999,-121.5634
Universal City,1358.9,29.5521,-98.3074
Altamont,950.5,42.198,-121.7248
Oregon,268.3,41.6524,-83.4321
Bartow,164.5,27.8868,-81.8214
Brigham City,310.3,41.5035,-112.0453
Lackawanna,1166.3,42.8182,-78.8325
Palm Valley,626.0,30.2011,-81.3948
Broadview Heights,585.6,41.3196,-81.6779
Crest Hill,849.7,41.5723,-88.1124
Nogales,366.3,31.3624,-110.9336
Tavares,617.5,28.792,-81.7352
Lake Zurich,1100.2,42.1956,-88.087
Erlanger,905.4,39.0109,-84.5864
East Northport,1473.5,40.8791,-73.3233
Casa De Oro-Mount Helix,1107.5,32.764,-116.9688
Zachary,282.3,30.6643,-91.1634
Roosevelt,4282.7,40.6797,-73.5837
Sartell,725.1,45.6188,-94.2206
Angleton,645.1,29.1721,-95.4293
Salmon Creek,1192.0,45.7099,-122.6632
Mead Valley,396.3,33.8333,-117.2852
Springboro,819.1,39.5615,-84.2348
Kinston,413.6,35.2747,-77.5939
Bradfordville,363.3,30.5735,-84.2055
Sweetwater,1950.0,25.7785,-80.376
Boone,1181.2,36.2111,-81.6669
Knightdale,783.4,35.7911,-78.4966
Boerne,640.8,29.7847,-98.7292
Evergreen Park,2380.4,41.7213,-87.7013
Cedar Mill,2259.8,45.5355,-122.8006
Arvin,1560.5,35.1944,-118.8306
Orinda,585.0,37.8808,-122.179
Cutlerville,1310.4,42.8403,-85.6734
Lynn Haven,713.4,30.2337,-85.637
Madisonville,420.1,37.3409,-87.5034
Warrensburg,797.8,38.7627,-93.726
Naples,609.5,26.1504,-81.7936
South El Monte,2635.9,34.0493,-118.0484
Hermiston,885.9,45.8326,-119.2854
Sherrelwood,3048.7,39.839,-105.0014
Twinsburg,542.9,41.322,-81.4451
North Myrtle Beach,333.0,33.8232,-78.7082
West Mifflin,525.1,40.3581,-79.9073
Seminole,1439.0,27.8435,-82.784
Cocoa,544.5,28.382,-80.7675
Santa Fe Springs,841.7,33.9329,-118.0625
Trinity,1204.3,28.1809,-82.6582
Prunedale,161.7,36.8064,-121.6555
Maumelle,600.8,34.8522,-92.4
Maitland,1388.0,28.6295,-81.3718
St. Michael,227.7,45.2014,-93.692
Valle Vista,1078.5,33.7436,-116.8871
Durango,420.7,37.2659,-107.8781
Tinton Falls,480.3,40.2708,-74.0949
Holtsville,1045.5,40.8124,-73.0447
Hermosa Beach,5212.4,33.8653,-118.3962
West Chester,4022.6,39.9601,-75.6058
Republic,461.6,37.1452,-93.4446
Lumberton,407.4,34.6312,-79.0186
Durant,267.2,33.9949,-96.3923
Melville,611.7,40.7824,-73.4088
Deerfield,1337.4,42.1654,-87.8516
Central Point,1834.6,42.3764,-122.9111
Point Pleasant,2118.8,40.0772,-74.0702
Dixon,1041.8,38.4469,-121.825
Ferndale,1907.6,42.4592,-83.1313
Iselin,2346.1,40.5697,-74.3172
Cinco Ranch,1638.3,29.7395,-95.7607
Lakeway,573.8,30.3544,-97.9864
Prichard,290.5,30.7735,-88.1301
Liberal,613.8,37.0466,-100.9295
Kingsland,164.8,30.8194,-81.7216
Five Forks,973.7,34.8069,-82.2271
Beltsville,1022.7,39.0394,-76.9211
Olivehurst,875.2,39.0795,-121.5566
Phoenixville,2096.5,40.1359,-75.5201
East Riverdale,4555.1,38.96,-76.9109
Sylvania,1102.8,41.71,-83.7092
Sheridan,577.9,44.7961,-106.9642
Badger,111.8,64.8006,-147.3877
Gautier,242.8,30.4106,-88.6568
Haslett,477.2,42.7525,-84.402
Norwood,2336.9,39.1605,-84.4535
Terrell,221.2,32.734,-96.2931
Crowley,974.0,32.5781,-97.3585
Redland,1019.8,39.1339,-77.1464
Seagoville,389.3,32.653,-96.5456
Fox Crossing,579.1,44.2228,-88.4763
Ansonia,1215.7,41.3443,-73.0689
Cumberland,721.7,39.6515,-78.7584
Knik-Fairview,99.3,61.5082,-149.6252
Ellensburg,841.5,46.9999,-120.5475
Onalaska,688.0,43.8883,-91.2075
Mebane,596.7,36.0852,-79.2736
Cullman,319.6,34.1775,-86.8407
Palestine,374.8,31.7544,-95.6471
Chowchilla,631.4,37.1095,-120.2349
Lansdale,2434.0,40.2417,-75.2812
Winder,487.6,33.9917,-83.7218
White Oak,1171.3,39.2106,-84.606
Pinole,1424.9,37.9931,-122.2833
La Marque,528.4,29.3683,-94.9941
Gibsonton,567.4,27.826,-82.3761
Cimarron Hills,1232.6,38.8597,-104.6995
Brownwood,486.6,31.7127,-98.9767
St. Marys,284.5,30.7567,-81.5722
Martinsburg,1095.0,39.4582,-77.9776
Weirton,401.7,40.406,-80.5671
Clive,947.1,41.6147,-93.798
Wisconsin Rapids,520.9,44.3927,-89.8265
Rutherford,2602.8,40.8203,-74.1057
Elizabeth City,613.5,36.2942,-76.236
Marshfield,523.7,44.6627,-90.1728
Ottawa,485.1,41.3555,-88.8261
Hopkins,1777.9,44.9259,-93.4056
Country Walk,2798.6,25.633,-80.4353
Ocean Acres,1238.5,39.743,-74.2805
Steiner Ranch,1086.7,30.3654,-97.896
Matteson,776.6,41.5095,-87.7468
Altus,395.7,34.6565,-99.3061
Maryland City,933.9,39.1016,-76.8051
Alsip,1103.1,41.6701,-87.7368
Creve Coeur,700.5,38.662,-90.443
Round Lake,1290.9,42.3435,-88.1059
Arcata,761.8,40.8615,-124.0758
Bensenville,1296.5,41.9579,-87.9442
Ocean Springs,620.5,30.4082,-88.7861
Coronado,918.0,32.6649,-117.1604
Preakness,1261.4,40.9382,-74.2242
Franklin Farm,1504.8,38.9133,-77.3969
Ammon,873.7,43.4745,-111.9568
Seabrook,2322.5,38.9802,-76.8502
Panama City Beach,369.7,30.237,-85.8776
Oxon Hill,1108.8,38.7884,-76.9727
Glenvar Heights,1750.4,25.709,-80.3155
Castaic,982.5,34.4818,-118.6316
Nederland,1258.8,29.9707,-94.0015
Zephyrhills,740.7,28.2409,-82.1797
North Decatur,1451.2,33.8074,-84.2889
Centralia,912.5,46.7223,-122.9696
Fort Carson,254.7,38.7095,-104.772
Newburyport,852.8,42.8124,-70.8878
Fairwood,1501.0,47.4467,-122.143
Sudley,2580.2,38.7878,-77.4961
Arroyo Grande,1197.0,35.1241,-120.5845
Tallmadge,505.8,41.1023,-81.4216
Oconomowoc,600.6,43.0996,-88.4948
Albert Lea,534.1,43.6548,-93.3643
North Aurora,936.2,41.8086,-88.3414
Bellwood,2958.1,41.8829,-87.8762
Ronkonkoma,874.7,40.8037,-73.1246
New River,126.4,33.8835,-112.0858
Brook Park,943.2,41.4036,-81.8219
Ferguson,1148.5,38.749,-90.295
Berea,1245.9,41.3696,-81.8641
Bayshore Gardens,2015.6,27.4345,-82.5793
Fairmont,821.6,39.4768,-80.1491
Colonia,1752.8,40.5926,-74.3148
Lake Ronkonkoma,1556.6,40.8297,-73.1128
Lenoir,339.0,35.9094,-81.5249
East St. Louis,506.8,38.6155,-90.1304
Syosset,1418.2,40.8157,-73.502
Lake Shore,525.3,39.103,-76.4876
Shenandoah,1137.4,30.4019,-91.002
San Carlos Park,1492.2,26.4765,-81.8193
Johnstown,1191.3,40.326,-78.9194
Sycamore,695.9,41.9957,-88.6821
Franklin Park,1473.7,41.9361,-87.8794
Mount Washington,735.3,38.043,-85.5551
Shorewood,870.0,41.5169,-88.2146
Colonial Heights,935.0,37.265,-77.3969
North Babylon,2132.4,40.7314,-73.3248
Woodmere,2722.7,40.6375,-73.7219
Spanish Lake,952.3,38.7884,-90.2077
North Druid Hills,1783.2,33.8185,-84.3254
Bluffdale,631.3,40.4744,-111.9381
Amsterdam,1194.1,42.942,-74.1906
Steubenville,664.8,40.3653,-80.6519
Franconia,2013.4,38.7682,-77.1587
Palos Hills,1649.3,41.6986,-87.8266
Pinecrest,939.9,25.665,-80.3042
Menasha,1158.2,44.2125,-88.4271
Colonial Park,1388.0,40.2987,-76.8069
White Settlement,1388.9,32.7554,-97.4605
Bourbonnais,750.8,41.183,-87.8784
Wallingford Center,963.2,41.4499,-72.8189
Sevierville,287.2,35.8872,-83.5678
Canby,1466.1,45.2652,-122.6867
Mcalester,392.5,34.9257,-95.7734
Siloam Springs,568.9,36.1844,-94.5315
Brenham,534.9,30.1584,-96.3966
Dumont,3575.8,40.9452,-73.9923
Phelan,116.0,34.4398,-117.5248
Stuart,979.4,27.1959,-80.2444
Pataskala,240.6,40.011,-82.7155
Cohoes,1846.5,42.7732,-73.7077
North Massapequa,2325.9,40.7031,-73.4678
Scarsdale,1041.4,40.9902,-73.7773
Pinehurst,415.4,35.1922,-79.4684
Wantagh,1811.1,40.6686,-73.5104
Stanford,2520.9,37.4252,-122.1674
Anoka,1038.9,45.2099,-93.3893
Los Lunas,340.0,34.8115,-106.7803
Mount Holly,614.4,35.3136,-81.0073
Ashtabula,897.9,41.8805,-80.7984
El Reno,86.9,35.5429,-97.966
Conyers,588.1,33.6646,-83.9966
Parole,673.4,38.9863,-76.5518
Hybla Valley,3362.1,38.7484,-77.0821
Anacortes,588.8,48.4878,-122.6292
Blythe,259.7,33.6219,-114.6195
Hope Mills,761.3,34.971,-78.9597
Guayama,1881.7,17.9743,-66.1104
Tiffin,950.8,41.1165,-83.1805
Villa Rica,469.2,33.7294,-84.9177
Alice,573.0,27.7556,-98.0653
Willimantic,1265.9,41.7171,-72.2114
Logansport,653.7,40.7472,-86.352
Clemson,863.2,34.6837,-82.8124
North Valley Stream,3672.8,40.684,-73.7077
North Canton,1070.7,40.8742,-81.3971
Godfrey,199.2,38.9577,-90.2156
West Columbia,726.9,33.9932,-81.0936
Calverton,1495.3,39.0578,-76.9488
Glassmanor,2955.5,38.8181,-76.9833
Natchitoches,294.8,31.7315,-93.0975
Tillmans Corner,525.4,30.5819,-88.2128
Norcross,1111.0,33.9379,-84.2065
Lemont,772.0,41.6695,-87.9838
Port Washington,1618.8,40.8268,-73.6765
Calhoun,406.5,34.491,-84.9386
Buford,357.5,34.1192,-83.9903
Goodlettsville,471.9,36.333,-86.7026
Hernando,265.3,34.85,-89.9921
Bryn Mawr-Skyway,2377.8,47.4949,-122.241
New Philadelphia,831.7,40.486,-81.4401
South Ogden,1738.4,41.1722,-111.9576
Morganton,352.3,35.7408,-81.7002
Lake St. Louis,792.1,38.7846,-90.7886
Eastlake,1057.0,41.6581,-81.4322
Camano,170.3,48.1865,-122.4708
Takoma Park,3236.5,38.981,-77.0028
Mckeesport,1339.6,40.3418,-79.844
Wahiawa,2954.1,21.5012,-158.0178
Streetsboro,288.3,41.2396,-81.3456
Spanish Springs,121.7,39.6568,-119.6694
Melissa,589.5,33.2891,-96.5573
Kirksville,469.5,40.1986,-92.5752
St. Matthews,1531.9,38.2497,-85.6384
Idylwood,2408.0,38.8896,-77.2056
Gretna,1671.3,29.9101,-90.0515
Cortland,1731.7,42.6004,-76.1784
South San Jose Hills,4499.0,34.0123,-117.9043
Burke Centre,2150.3,38.7903,-77.2999
Heber,279.0,40.507,-111.3986
Auburndale,496.6,28.0963,-81.8012
Kingstowne,2347.5,38.7625,-77.1444
Pinewood,3838.7,25.8697,-80.2174
Powder Springs,845.2,33.8659,-84.684
Wayne,1116.9,42.2774,-83.3877
Richmond Hill,282.5,31.9012,-81.3125
Oak Grove,1722.0,45.4156,-122.6349
South Venice,1128.0,27.0444,-82.4155
El Dorado,414.2,33.2184,-92.664
Rancho Mirage,265.2,33.7635,-116.4271
Royse City,332.1,32.9762,-96.3175
Firestone,481.8,40.1565,-104.9494
Coalinga,997.5,36.142,-120.3242
Laguna Woods,2003.6,33.6099,-117.7299
Bethpage,1871.7,40.7495,-73.4856
Jenison,1143.1,42.9063,-85.8269
Murraysville,775.7,34.2919,-77.8429
Bon Air,798.2,37.5187,-77.5713
Cameron Park,594.4,38.6738,-120.9872
Stafford,951.5,29.6271,-95.5654
Nipomo,442.2,35.0319,-120.4985
Fort Thomas,1173.4,39.0801,-84.4518
Lake Butler,583.3,28.4862,-81.546
Kaukauna,808.2,44.2773,-88.2641
Adelphi,2442.5,39.0017,-76.9649
Calera,273.0,33.1254,-86.7449
Glenn Heights,911.9,32.5506,-96.8548
Cahokia Heights,420.1,38.571,-90.1525
Viera West,728.3,28.2467,-80.7387
Upper Grand Lagoon,817.5,30.169,-85.7407
Hinsdale,1432.7,41.8007,-87.9273
Mckinleyville,317.1,40.9488,-124.0857
Avenel,1945.4,40.5842,-74.2716
Tifton,509.0,31.4624,-83.5203
Hampton Bays,511.6,40.8695,-72.5225
West Richland,299.0,46.3115,-119.3999
Wixom,723.6,42.5243,-83.5346
Bellaire,1837.3,29.704,-95.4621
Woodcrest,579.3,33.8789,-117.3687
Ojus,2492.6,25.9563,-80.1606
Cañon City,531.8,38.443,-105.2203
Sunland Park,447.7,31.8201,-106.5958
Pendleton,569.4,45.6757,-118.8201
New Port Richey,1437.8,28.2468,-82.717
Fairview Park,1403.7,41.4419,-81.853
Safety Harbor,1335.8,28.008,-82.6964
Groves,1260.6,29.9457,-93.9164
Hollins,763.0,37.3434,-79.9534
Flowing Wells,1722.0,32.2937,-111.011
Massapequa Park,2991.9,40.6817,-73.4496
Laconia,330.5,43.5725,-71.4775
Beckley,690.1,37.7877,-81.1841
Rio Linda,659.3,38.6875,-121.4417
Washougal,1099.1,45.5825,-122.3451
Truckee,202.3,39.3455,-120.1848
Ashwaubenon,527.9,44.4796,-88.0889
Millbrook,453.7,32.5027,-86.3737
Manassas Park,2153.7,38.7709,-77.4429
Manor,666.2,30.3562,-97.5227
New Milford,2855.2,40.9337,-74.0196
Milledgeville,321.6,33.0874,-83.2414
Live Oak,2008.2,36.986,-121.9804
Damascus,457.2,39.2701,-77.1957
El Segundo,1194.9,33.917,-118.4018
Defiance,504.8,41.2813,-84.3657
Hannibal,405.7,39.7098,-91.3939
Belle Glade,926.3,26.6916,-80.6656
Mount Dora,735.3,28.8142,-81.6344
Moraga,685.2,37.8439,-122.1225
Vero Beach,559.6,27.6463,-80.393
Donna,781.0,26.1468,-98.0559
Estelle,1395.3,29.8447,-90.1021
Schofield Barracks,2334.3,21.4936,-158.0617
Pampa,716.3,35.5479,-100.9651
Cloverly,641.6,39.1064,-76.9995
Lake Mary,711.4,28.7592,-81.336
Bridgeview,1566.4,41.7403,-87.8067
Waterville,476.6,44.5441,-69.6624
Bull Run,2469.4,38.7802,-77.5204
Vincennes,863.7,38.6759,-87.5102
Eloy,56.1,32.747,-111.5992
Muscle Shoals,381.6,34.7432,-87.6343
Fillmore,1948.3,34.3989,-118.9174
Youngsville,512.7,30.0963,-91.9968
Red Wing,184.7,44.5817,-92.6036
Chaparral,108.8,32.0442,-106.406
Myrtle Grove,966.9,30.4158,-87.3027
Glen Allen,729.8,37.666,-77.4838
Beaver Dam,864.9,43.4688,-88.8309
Fairburn,380.4,33.5496,-84.5914
Farmingville,1531.0,40.839,-73.0404
Clearlake,632.9,38.9589,-122.633
La Vista,1138.2,41.1816,-96.0664
Warsaw,473.0,41.2448,-85.8465
Palmetto Estates,2967.3,25.6211,-80.3616
Ham Lake,186.0,45.2545,-93.2039
Menomonie,463.9,44.8893,-91.9084
Bostonia,3316.2,32.8189,-116.948
Hueytown,319.2,33.4239,-87.022
Ada,329.4,34.7662,-96.6681
Glenmont,2279.1,39.0698,-77.0467
Albemarle,354.5,35.3594,-80.1915
Fort Hunt,1090.1,38.7361,-77.0589
Grovetown,1209.6,33.4503,-82.2073
Tahlequah,499.4,35.9112,-94.977
Hot Springs Village,110.6,34.6566,-92.9643
Radford,658.6,37.1229,-80.5587
Morton,494.7,40.6135,-89.4669
Stallings,754.0,35.1088,-80.6598
Kerman,1902.4,36.7248,-120.0625
Humble,642.3,29.9921,-95.2655
Hanover,1721.7,39.8118,-76.9836
Red Hill,580.4,33.7777,-79.0111
Havelock,371.9,34.9078,-76.8987
Mercedes,538.3,26.1533,-97.9128
Lemay,1551.0,38.5325,-90.2845
Three Lakes,1956.6,25.6415,-80.4
Jasper,476.7,38.3933,-86.9402
Country Club Hills,1275.5,41.5636,-87.7251
Ukiah,1155.3,39.1464,-123.2105
Crawfordsville,618.7,40.0428,-86.8976
Dyer,1028.7,41.4977,-87.509
Port Orchard,656.5,47.5163,-122.661
Mastic Beach,1291.3,40.7664,-72.8369
Vienna,1435.3,38.8996,-77.2597
North Arlington,2543.8,40.7874,-74.1273
Lake Wales,311.3,27.9195,-81.5961
River Falls,850.0,44.8609,-92.6247
Chickasha,281.4,35.0409,-97.9474
Stone Ridge,2441.0,38.9294,-77.5557
Lady Lake,675.5,28.9241,-81.9299
Mattoon,611.5,39.4774,-88.3623
Sunnyside,834.9,46.3157,-120.0058
Saraland,184.1,30.8479,-88.1004
Pearl River,925.4,41.0615,-74.0047
Ocean Pointe,3105.0,21.3145,-158.0289
Mountain Home,883.8,43.1324,-115.697
Ladson,906.3,33.0093,-80.1078
Fairview Heights,547.5,38.5974,-90.0053
Kings Park,940.4,40.8881,-73.2475
Dickson,305.7,36.0637,-87.3665
Hewitt,910.6,31.452,-97.196
Poplar Bluff,464.5,36.7632,-90.4135
Welby,1696.2,39.8403,-104.9655
Sikeston,350.0,36.8854,-89.5877
Griffith,806.5,41.5277,-87.4239
Sulphur Springs,304.2,33.1421,-95.6122
Grosse Pointe Woods,1927.2,42.4366,-82.8987
Four Corners,2560.7,44.929,-122.9732
Lithia Springs,462.2,33.7811,-84.6487
Grandville,859.6,42.9004,-85.7564
Hermitage,211.4,41.2305,-80.4413
Center Point,1001.8,33.6447,-86.6852
Fort Drum,434.1,44.045,-75.7845
Douglas,623.5,31.3602,-109.5394
Ripon,1164.0,37.7417,-121.131
Azalea Park,2031.2,28.5473,-81.2956
Gardendale,270.3,33.6677,-86.8069
Hibbing,34.2,47.398,-92.9486
Opa-Locka,1442.8,25.8997,-80.2551
Glasgow,626.1,39.6015,-75.7473
Hugo,185.5,45.1671,-92.9588
Dyersburg,358.4,36.0465,-89.3777
East Highland Park,706.4,37.577,-77.3865
Gatesville,581.9,31.4445,-97.7317
Southern Pines,337.5,35.1927,-79.4039
Artesia,3822.7,33.8676,-118.0805
Niceville,430.2,30.529,-86.4748
St. Simons,376.0,31.1775,-81.3857
Floral Park,4354.3,40.7227,-73.7029
Lynden,1126.8,48.9502,-122.4545
Hayden,587.0,47.768,-116.804
Wolf Trap,632.4,38.9395,-77.2842
South Houston,2030.1,29.6611,-95.2285
South River,2219.2,40.4455,-74.3783
Highland Village,1117.1,33.0897,-97.0615
Troutdale,1039.0,45.5372,-122.3955
La Grange,2446.6,41.8072,-87.8741
Marco Island,508.1,25.933,-81.6993
Bay Village,1352.4,41.4851,-81.9317
Seven Oaks,798.6,34.0475,-81.1435
The Dalles,922.5,45.6053,-121.1818
Grain Valley,1000.4,39.0171,-94.2084
Longwood,1115.2,28.7014,-81.3487
Warrington,887.6,30.3835,-87.2946
Indianola,537.5,41.3629,-93.5652
Americus,541.2,32.0736,-84.2248
Red Oak,378.3,32.5212,-96.7866
Chubbuck,872.0,42.9263,-112.4623
Rendon,249.5,32.5789,-97.2349
Humacao,1245.3,18.152,-65.8204
Seaford,2350.0,40.6678,-73.4922
Parkway,2544.8,38.4993,-121.452
Palmer Ranch,817.0,27.2286,-82.4672
Coos Bay,576.4,43.3789,-124.233
Elkton,677.4,39.6066,-75.8209
Fruitville,895.5,27.3328,-82.4616
Middleburg Heights,757.4,41.3696,-81.815
Grimes,465.5,41.6779,-93.7947
Thibodaux,897.7,29.7949,-90.8146
Westbury,2601.2,40.7599,-73.5891
Gulf Shores,212.4,30.2764,-87.7017
Overland,1386.6,38.6966,-90.3689
Wailuku,1155.2,20.8834,-156.5059
Rutland,805.0,43.6092,-72.9783
Vail,267.7,32.0217,-110.6937
Fort Mohave,363.4,35.0004,-114.5748
Whitewater,685.8,42.8372,-88.7341
Prospect Heights,1439.1,42.1039,-87.9267
Hillcrest Heights,2432.8,38.8373,-76.9641
Opelousas,625.2,30.5252,-92.0816
Bellmore,2561.5,40.6569,-73.5285
Palmview,797.3,26.2318,-98.3823
Scottsboro,119.2,34.6438,-86.0491
Mitchell,522.9,43.7294,-98.0337
Summerfield,1662.4,38.9042,-76.8678
Mays Chapel,1344.5,39.4343,-76.6516
Sayville,1133.2,40.7478,-73.084
Hartselle,360.7,34.4391,-86.9396
Mount Clemens,1468.5,42.5977,-82.8821
West Lealman,1909.6,27.8192,-82.7384
Shively,1313.8,38.197,-85.8136
Tanque Verde,185.7,32.2687,-110.7437
Greeneville,352.8,36.168,-82.8197
Yulee,258.8,30.635,-81.5678
Lake Stickney,3011.8,47.8733,-122.2582
Carthage,495.0,37.1503,-94.3225
Yankton,684.8,42.8901,-97.3927
Traverse City,722.7,44.7546,-85.6038
Bemidji,342.9,47.4828,-94.8797
Buda,621.9,30.0758,-97.8487
Greenwood Village,723.4,39.6153,-104.9131
Alpine,223.0,32.8439,-116.7585
Homosassa Springs,237.2,28.8119,-82.5392
Walnut Park,7957.9,33.9682,-118.222
Aldine,757.0,29.9123,-95.3784
Eggertsville,2080.8,42.9665,-78.8065
Weigelstown,955.4,39.9852,-76.8306
Canyon,736.2,34.9911,-101.919
Dentsville,891.4,34.0754,-80.9547
Santaquin,563.4,39.9708,-111.7941
Ewa Beach,4987.5,21.3181,-158.0073
Princeton Meadows,2329.2,40.3347,-74.5651
La Palma,3334.0,33.8504,-118.0407
Minneola,532.9,28.6067,-81.7322
Coto De Caza,760.7,33.5959,-117.586
Eden,416.9,36.5027,-79.7412
Uvalde,770.8,29.2152,-99.7782
Bradley,813.8,41.1641,-87.8452
Fort Leonard Wood,256.8,37.7562,-92.1274
Coolidge,70.8,32.9363,-111.5254
Brookside,1518.1,39.6665,-75.7152
Rio Grande City,519.0,26.3808,-98.8215
Tenafly,1284.0,40.9176,-73.9532
Phillipsburg,1845.5,40.6894,-75.1821
Discovery Bay,1052.5,37.9063,-121.599
Asbury Park,4115.2,40.2226,-74.0119
Northview,570.9,43.0427,-85.6016
Harper Woods,2232.6,42.439,-82.9293
Lake Wylie,743.9,35.0997,-81.0678
Norridge,3241.6,41.9637,-87.8231
Front Royal,569.4,38.926,-78.1838
Vincent,3971.9,34.0983,-117.9238
Mineral Wells,286.4,32.8169,-98.0776
Vandalia,472.4,39.8791,-84.193
Highland Springs,730.7,37.5516,-77.3285
Rossville,1083.0,39.3572,-76.4767
Berkley,2227.2,42.4986,-83.1853
Beech Grove,1303.0,39.7157,-86.0871
Laurinburg,464.0,34.7602,-79.4773
West Park,2648.1,25.984,-80.1923
Depew,1145.8,42.9118,-78.7043
Gantt,594.4,34.7837,-82.4027
Los Osos,455.2,35.3065,-120.8242
Port Royal,341.6,32.3557,-80.7029
Tonawanda,1527.2,43.0105,-78.8805
Talladega,222.9,33.4333,-86.0986
Mastic,1503.3,40.8096,-72.8479
Roanoke Rapids,585.2,36.4452,-77.649
White Center,2548.7,47.5086,-122.3479
Camp Pendleton South,835.5,33.2329,-117.393
Gloversville,1148.5,43.0491,-74.3465
Macomb,542.6,40.4709,-90.6807
Pacific Grove,2021.4,36.6188,-121.9259
Susanville,731.0,40.4206,-120.6132
Greenlawn,1512.4,40.8632,-73.3646
Metuchen,2038.6,40.5424,-74.3628
Spring Creek,107.7,40.745,-115.5983
South Farmingdale,2632.9,40.7175,-73.4473
Hazel Park,2047.7,42.4619,-83.0977
Lemon Hill,3517.8,38.5172,-121.4573
Lilburn,854.7,33.8897,-84.1364
Lake Arbor,1442.9,38.9105,-76.8304
Waunakee,778.9,43.1829,-89.4447
Fairview,6828.1,40.8182,-74.0022
West University Place,2872.0,29.7157,-95.4321
Yauco,1987.4,18.0344,-66.8615
Glenn Dale,804.0,38.9833,-76.804
Boulder City,27.1,35.8407,-114.9257
Fort Payne,101.9,34.4559,-85.6965
Loganville,776.2,33.8353,-83.8958
Hereford,908.1,34.8225,-102.4001
Oldsmar,641.9,28.0506,-82.6698
Forest City,1335.7,28.6619,-81.4444
Riverdale,1307.6,33.5639,-84.4103
Havre De Grace,966.0,39.548,-76.1146
Williamstown,772.9,39.6874,-74.9786
Davidson,882.4,35.484,-80.8247
Cherry Hill Mall,1569.6,39.9384,-75.0117
California City,28.1,35.1578,-117.8721
Bensville,337.9,38.6176,-77.0077
Greensburg,1409.9,40.3113,-79.5445
Morris,460.4,41.3749,-88.4304
Worthington,1040.6,40.095,-83.0209
Lockhart,1284.3,28.627,-81.4354
Whitefish Bay,2692.3,43.1131,-87.9003
Hammonton,139.7,39.6572,-74.7678
Chatham,768.5,39.6733,-89.6934
Deming,340.4,32.2631,-107.7525
Hickory Hills,1997.8,41.7248,-87.828
Cedar Lake,600.0,41.3696,-87.4389
Alexander City,123.1,32.9229,-85.9358
Broadlands,1752.3,39.0168,-77.5167
Lakeland North,1762.8,47.3374,-122.2812
Thonotosassa,213.7,28.0464,-82.291
Owosso,1078.3,42.9955,-84.176
Black Forest,56.2,39.0608,-104.6752
Gladeview,2211.0,25.8395,-80.2368
Greendale,1016.8,42.9371,-88.0018
Chippewa Falls,497.2,44.9358,-91.3902
Beacon,1191.9,41.5036,-73.9655
Naranja,3764.3,25.5164,-80.4222
Monticello,616.6,45.2991,-93.7996
Fraser,1361.6,42.5388,-82.9496
Swansea,869.7,38.5507,-89.9858
Great Bend,535.3,38.3593,-98.8015
Falls Church,2753.3,38.8847,-77.1751
Red Bluff,745.2,40.1735,-122.2413
Cherryland,4715.6,37.6792,-122.1038
Clarkston,3047.3,33.8117,-84.2403
Key Biscayne,4507.2,25.6908,-80.1653
Reidsville,379.2,36.3376,-79.6725
Nolensville,537.7,35.9572,-86.6719
Parlier,2226.9,36.6087,-119.5434
Moultrie,337.1,31.1591,-83.7708
Moorestown-Lenola,798.1,39.9659,-74.9643
Salem Lakes,184.7,42.5366,-88.1306
Middlesex,1606.9,40.5744,-74.5011
Cayey,2207.8,18.115,-66.163
Verona,676.5,42.9892,-89.5383
Bothell East,2668.2,47.8064,-122.1844
Brainerd,460.7,46.3553,-94.1983
Hopatcong,513.4,40.9541,-74.6593
Oneonta,1280.8,42.4551,-75.0666
Wilmington Island,672.4,32.0033,-80.9752
Salida,2518.2,37.7083,-121.0842
Livingston,1518.2,37.3875,-120.7248
Kemp Mill,2221.3,39.0412,-77.0215
Clarksdale,296.3,34.1933,-90.5693
Belvedere Park,1137.0,33.7489,-84.2599
New Cassel,3726.8,40.7602,-73.5649
Scottsbluff,838.8,41.8684,-103.6616
Washington Court House,617.7,39.5381,-83.4281
Short Hills,1057.5,40.7389,-74.3278
Somerton,763.6,32.6007,-114.6994
Elizabethton,580.5,36.3367,-82.237
Moncks Corner,482.1,33.173,-80.0107
Dumas,1003.6,35.8613,-101.9642
North New Hyde Park,2783.4,40.746,-73.6876
Bainbridge,270.4,30.9052,-84.5732
Shepherdsville,339.5,37.9813,-85.7007
Huron,569.2,44.3623,-98.2094
Hershey,387.1,40.2806,-76.6458
Latham,956.7,42.7427,-73.7497
Chesterton,588.0,41.5997,-87.055
Candelaria,1841.3,18.4042,-66.2175
Robbinsdale,1977.9,45.0261,-93.3332
Bradley Gardens,1230.7,40.5711,-74.6678
Hobe Sound,777.6,27.0729,-80.1425
Iona,832.5,26.516,-81.9601
New Kingman-Butler,1109.3,35.2645,-114.0091
East Milton,192.1,30.6175,-86.9636
Pineville,436.8,31.3414,-92.4096
Hidalgo,659.1,26.109,-98.2464
Jefferson,239.2,34.1373,-83.6021
West Freehold,929.4,40.2324,-74.2943
Warrenville,1012.9,41.8209,-88.1857
Powell,944.7,40.1689,-83.0829
East Rancho Dominguez,6684.6,33.8949,-118.1956
Sierra Vista Southeast,49.6,31.4525,-110.216
North Mankato,852.4,44.181,-94.0391
Natchez,346.8,31.5437,-91.3867
Piney Green,402.4,34.7498,-77.3208
Jefferson Valley-Yorktown,787.6,41.318,-73.8008
Willowick,2158.5,41.6342,-81.4678
Waimalu,2989.3,21.3913,-157.9345
Indiana,3109.8,40.622,-79.1552
Wilkinsburg,2427.6,40.4442,-79.8733
Federal Heights,3080.9,39.8651,-105.0154
Wells Branch,2249.0,30.4433,-97.679
St. Helens,1125.3,45.8572,-122.8164
Southchase,789.5,28.3793,-81.3903
Chicago Ridge,2408.4,41.7034,-87.7795
Circleville,757.2,39.6063,-82.9334
Braselton,410.8,34.1087,-83.8127
Fergus Falls,379.4,46.2854,-96.0758
Mcfarland,860.9,35.6781,-119.2413
Lone Tree,556.4,39.5309,-104.8709
Grass Valley,909.6,39.2238,-121.0522
Dunmore,611.4,41.4152,-75.6072
Jericho,1375.8,40.7875,-73.5416
East Wenatchee,1438.2,47.4174,-120.2822
Shiloh,435.5,38.5534,-89.9161
Sun Lakes,1011.3,33.2172,-111.8695
Lakewood Park,815.4,27.539,-80.3865
Colesville,1062.4,39.073,-77.001
New Ulm,534.2,44.312,-94.4685
Mill Valley,1135.5,37.9086,-122.5421
Artondale,405.6,47.3021,-122.6406
Bellefontaine,535.7,40.3627,-83.763
Smithfield,901.9,41.8349,-111.8265
Allouez,1185.9,44.4721,-88.0259
Anderson Creek,267.4,35.2657,-78.958
Destin,722.1,30.395,-86.4701
Wauconda,1066.4,42.2749,-88.1359
Pierre,415.2,44.3748,-100.3205
Sharonville,550.7,39.2825,-84.4071
Beach Park,763.3,42.426,-87.8583
Fort Lewis,524.7,47.0955,-122.5674
Roselle Park,4403.3,40.6653,-74.2666
Teays Valley,742.3,38.4482,-81.9246
Mcpherson,658.1,38.3714,-97.6605
Mccalla,159.4,33.3023,-87.0302
Brandermill,873.1,37.434,-77.6522
Rocky Point,475.2,40.9357,-72.9364
Wood Dale,1122.7,41.9668,-87.9808
Forest Hill,1288.7,32.6619,-97.2662
Willow Grove,2113.2,40.1469,-75.1174
Bellair-Meadowbrook Terrace,1306.9,30.1796,-81.7375
Glenpool,485.0,35.9488,-96.0052
Elfers,1437.7,28.214,-82.723
White House,454.3,36.4648,-86.6666
Luling,230.0,29.9008,-90.3523
South Sioux City,796.6,42.4627,-96.4125
Elk Plain,638.7,47.0425,-122.3663
Gonzalez,353.5,30.5822,-87.2906
Lyndhurst,1206.9,41.5172,-81.4922
Channahon,323.1,41.421,-88.2599
Sauk Rapids,850.5,45.5981,-94.1538
Beachwood,1015.9,41.4759,-81.503
Coldwater,567.3,41.9465,-84.9989
Valencia West,560.8,32.1355,-111.1123
North Auburn,685.8,38.9306,-121.082
New Franklin,213.7,40.9525,-81.5838
Bridgetown,1238.5,39.1552,-84.6359
Newington,1165.8,38.7358,-77.1993
Hawaiian Gardens,5643.9,33.8304,-118.0728
Waycross,449.0,31.2108,-82.3579
Halawa,2232.0,21.3753,-157.9185
Olean,903.0,42.0819,-78.4321
Broussard,293.1,30.1396,-91.954
On Top Of The World Designated Place,303.8,29.1058,-82.2866
Orange City,680.0,28.9348,-81.2881
Maumee,529.1,41.5696,-83.6636
Snoqualmie,738.8,47.5293,-121.8412
Flower Hill,2534.6,39.1676,-77.1824
Azle,602.4,32.8955,-97.5379
Ephrata,1550.8,40.1811,-76.1812
Cayce,313.8,33.9459,-81.0429
Isla Vista,9607.9,34.4128,-119.8614
Plover,497.6,44.4615,-89.5382
Cheval,888.5,28.1459,-82.5184
Mercerville,1433.5,40.236,-74.6917
Royal Kunia,1755.2,21.4053,-158.0318
East Islip,1337.5,40.7257,-73.1869
St. James,1157.3,40.8761,-73.1521
Bardstown,436.0,37.8175,-85.455
East Cleveland,1711.5,41.5317,-81.5794
Beaufort,215.2,32.4597,-80.7235
Brecksville,271.1,41.3079,-81.6192
Sunset,1501.7,25.706,-80.353
Carnot-Moon,880.5,40.5187,-80.2178
Grantsville,132.0,40.6148,-112.4777
Moberly,399.5,39.4179,-92.4364
Port Neches,612.2,29.9765,-93.9459
Speedway,1098.9,39.7937,-86.2481
Hockessin,523.3,39.7837,-75.6815
Miami Springs,1824.8,25.8195,-80.2894
South Charleston,537.8,38.3426,-81.7155
Warrensville Heights,1272.2,41.4363,-81.5222
Martinsville,478.7,36.6826,-79.8636
Fruita,654.5,39.1548,-108.7305
Villas,1133.4,26.5504,-81.8678
New Providence,1421.1,40.6996,-74.4035
Echelon,1874.4,39.8482,-74.9957
Montgomeryville,1102.0,40.2502,-75.2405
Groveton,1204.8,38.7605,-77.098
New Carrollton,3340.2,38.9656,-76.8775
Vinings,1672.0,33.8608,-84.4686
Eatontown,894.9,40.2913,-74.0558
Glen Carbon,505.4,38.758,-89.9822
Beeville,818.1,28.4053,-97.749
King City,1374.0,36.2164,-121.133
University Heights,2855.7,41.4948,-81.535
Storrs,699.4,41.8083,-72.2514
Hazel Crest,1533.4,41.5732,-87.6899
Lamont,1085.2,35.2659,-118.9159
Lake Los Angeles,534.3,34.6097,-117.8339
Los Alamos,468.2,35.8927,-106.2862
Weddington,296.7,35.0228,-80.7383
Asbury Lake,306.5,30.0472,-81.7853
Irondale,300.2,33.5439,-86.6606
Endicott,1626.7,42.098,-76.0639
Trophy Club,1304.2,33.004,-97.1899
Palmetto,967.9,27.5251,-82.5749
Kilgore,278.9,32.398,-94.8602
Avenal,266.4,36.0311,-120.1162
Woodinville,924.2,47.757,-122.1477
Lexington Park,854.4,38.2528,-76.4424
Andrews,745.3,32.3207,-102.552
Brock Hall,538.3,38.8604,-76.7459
Joppatowne,768.7,39.4181,-76.3516
Jupiter Farms,342.9,26.9222,-80.2189
Moody,210.6,33.5986,-86.4963
Blue Ash,680.9,39.248,-84.3827
Pottsville,1239.6,40.6798,-76.2091
Sault Ste. Marie,349.9,46.4817,-84.3723
Chino Valley,82.7,34.7594,-112.412
Lake Forest Park,1466.3,47.7574,-122.2864
Pell City,206.2,33.561,-86.2669
Western Springs,1851.5,41.8023,-87.9006
Atlantic Beach,1400.0,30.3375,-81.4127
Nesconset,1348.2,40.8467,-73.1522
Steamboat Springs,520.8,40.4777,-106.8243
Bonita,1026.3,32.6651,-117.0296
North Fair Oaks,4302.3,37.4754,-122.2034
Bexley,2124.9,39.965,-82.9343
Coatesville,2844.4,39.9849,-75.82
South Daytona,1389.7,29.1657,-81.0055
Butler,1889.6,40.8616,-79.8962
Callaway,545.6,30.1349,-85.5568
Kings Park West,1734.1,38.8151,-77.296
Hawaiian Paradise Park,334.9,19.5828,-154.9695
Tega Cay,1120.7,35.039,-81.0111
Connersville,658.3,39.6582,-85.141
Fernandina Beach,431.7,30.6571,-81.4511
Star,443.8,43.7026,-116.4914
La Grange Park,2287.6,41.8308,-87.8723
Accokeek,186.2,38.6745,-77.0023
Waconia,909.7,44.8422,-93.7896
California,396.8,38.2969,-76.4949
El Sobrante,704.9,33.8724,-117.4624
Orangeburg,565.0,33.4928,-80.8671
Olympia Heights,1880.3,25.724,-80.3388
Lincolnwood,1890.5,42.0054,-87.733
River Ridge,1818.8,29.9593,-90.2202
Ridgefield Park,2982.2,40.8543,-74.0201
Dorado,1606.5,18.4657,-66.2726
Celebration,482.4,28.3102,-81.551
Cypress Lake,1324.7,26.5392,-81.8999
Webb City,584.2,37.1412,-94.4676
Dardenne Prairie,950.4,38.7565,-90.7319
Florham Park,693.3,40.7773,-74.3953
Soddy-Daisy,218.5,35.2571,-85.1739
Lake Station,610.4,41.5729,-87.2599
Mountain Park,873.3,33.8458,-84.1314
Carpinteria,1954.0,34.3962,-119.5118
North Palm Beach,1547.9,26.8217,-80.0576
Viera East,998.5,28.2613,-80.7149
Grand Terrace,1432.2,34.0312,-117.3132
Stoughton,818.4,42.9237,-89.2225
La Grande,1096.7,45.3242,-118.0865
Fords,2667.8,40.5359,-74.3126
Palos Verdes Estates,1054.8,33.7872,-118.3973
Linganore,608.4,39.4127,-77.3014
Mango,1078.3,27.9914,-82.307
D'Iberville,476.4,30.4709,-88.9011
Tomball,385.6,30.0951,-95.6194
Blytheville,242.5,35.9321,-89.9051
Sharon,1332.6,41.234,-80.4998
West Carrollton,781.3,39.6701,-84.2542
Suamico,138.2,44.6354,-88.0683
Wimauma,200.6,27.6964,-82.3034
Holly Hill,1266.6,29.2442,-81.0465
Mounds View,1236.5,45.1071,-93.2076
Festus,847.8,38.2194,-90.4097
Ionia,924.0,42.9773,-85.0727
Newcastle,1126.9,47.5304,-122.1633
Avocado Heights,2218.9,34.0391,-117.997
Sugarland Run,2483.4,39.0309,-77.3762
Waianae,923.9,21.4568,-158.1758
Bloomsburg,1146.1,41.0027,-76.4561
Jennings,1334.2,38.7231,-90.2644
Holiday City-Berkeley,834.5,39.9639,-74.2787
Manvel,181.9,29.4798,-95.3635
Lakeland South,1013.8,47.2786,-122.2826
St. Ann,1574.3,38.7266,-90.3872
Red Bank,2845.2,40.348,-74.0672
Neosho,318.3,36.8437,-94.3758
Larkspur,1655.0,37.9393,-122.5312
Pasadena Hills,165.9,28.2881,-82.238
Byram,243.1,32.189,-90.2861
Solana Beach,1452.3,32.9943,-117.2574
West Monroe,617.5,32.512,-92.1513
Timberlake,440.9,37.3167,-79.2481
Cheney,1140.8,47.4901,-117.579
Stony Brook,850.5,40.9061,-73.1278
Forrest City,244.6,35.0135,-90.7931
Amherst,697.4,41.4022,-82.2303
Florida City,822.6,25.4418,-80.4685
Vadnais Heights,708.4,45.057,-93.0748
Woodhaven,771.2,42.132,-83.2374
Branson,230.9,36.6509,-93.2636
Emeryville,3868.3,37.8382,-122.2932
Gonzales,537.2,30.2132,-90.9234
Manorville,193.4,40.8574,-72.7915
Highland City,623.4,27.9633,-81.8781
Meadville,1126.2,41.6476,-80.1468
San Anselmo,1834.5,37.9821,-122.5699
Oatfield,1445.4,45.4125,-122.594
Kelso,602.6,46.1236,-122.8909
Jerome,865.8,42.7179,-114.5159
Grover Beach,2118.7,35.1204,-120.6197
Tucson Estates,384.9,32.1792,-111.1266
Fostoria,645.9,41.16,-83.4121
Sarasota Springs,1828.1,27.3087,-82.4746
Robinson,159.7,31.4501,-97.1201
Eufaula,82.2,31.9102,-85.1505
Enumclaw,944.1,47.2018,-121.9897
Verde Village,705.1,34.7119,-111.9941
Canóvanas,1734.5,18.3693,-65.9009
North Adams,240.2,42.6844,-73.1166
Claiborne,490.4,32.5379,-92.1981
Diamond Springs,293.3,38.692,-120.8391
Wickliffe,1058.8,41.6072,-81.469
Sedro-Woolley,1122.1,48.5112,-122.2321
Minooka,513.0,41.4507,-88.2791
Blackfoot,793.0,43.194,-112.3454
Paradise Valley,316.8,33.5434,-111.9595
Saddlebrooke,101.9,32.5576,-110.874
Brown Deer,1108.1,43.1743,-87.975
Gaffney,536.8,35.0743,-81.6552
Fulton,394.8,38.8551,-91.951
Boiling Springs,712.1,35.045,-81.9779
Lewisburg,341.4,35.451,-86.7901
Melvindale,1784.7,42.2802,-83.1782
Goldenrod,1927.7,28.6114,-81.2916
Lansdowne,1203.6,39.0844,-77.4839
Dunkirk,1070.2,42.4801,-79.3324
Guymon,628.8,36.6903,-101.4774
Kingsburg,1298.5,36.5244,-119.5602
Lantana,2088.7,33.0926,-97.1214
Cloquet,137.9,46.7221,-92.4923
Richton Park,1105.6,41.4816,-87.7387
Ridgefield,643.2,45.8114,-122.7051
Castle Pines,506.0,39.4625,-104.8706
Lindsay,1666.3,36.2082,-119.0897
Levelland,475.3,33.5806,-102.3635
Union,533.4,38.4399,-90.9927
Poquoson,315.7,37.1318,-76.3568
Mendota,1470.8,36.7555,-120.3776
Spearfish,280.6,44.4909,-103.8155
Cottonwood,172.1,34.7195,-112.0016
Northlake,1525.4,41.9142,-87.9054
North Merrick,2817.7,40.6871,-73.5615
Rantoul,569.1,40.3031,-88.1549
North St. Paul,1691.0,45.0137,-92.9995
Winnetka,1267.0,42.1064,-87.7421
Ridge,366.0,40.9068,-72.8816
Baraboo,638.8,43.4695,-89.7376
Lake Elmo,218.4,44.9944,-92.9031
Lake Norman Of Catawba,478.0,35.5995,-80.984
Big Bear City,150.7,34.2536,-116.7903
Fort Atkinson,824.8,42.9253,-88.8442
Cascades,1308.2,39.0464,-77.3874
Gold Canyon,168.2,33.3639,-111.423
Grenada,160.6,33.7816,-89.813
Annapolis Neck,695.2,38.9409,-76.4997
Amelia,870.8,39.0269,-84.2218
Forest,353.9,37.3728,-79.2831
Doctor Phillips,1413.3,28.4474,-81.4914
Box Elder,324.2,44.112,-103.0818
Jensen Beach,689.7,27.2437,-80.2423
Liberty Lake,756.8,47.6686,-117.1036
Newington Forest,1448.7,38.737,-77.2339
Overlea,1591.5,39.3642,-76.5175
Fortuna,912.6,40.5862,-124.1419
Lake City,334.8,30.1901,-82.6471
Borger,530.0,35.6598,-101.4012
Sylacauga,236.2,33.178,-86.2605
Conneaut,181.7,41.9275,-80.5685
Escanaba,374.9,45.7477,-87.09
Justice,1682.2,41.7495,-87.8345
Valley Falls,1346.2,41.9233,-71.3924
Patchogue,2112.7,40.7621,-73.0185
Tehachapi,464.7,35.1276,-118.4744
Lake Tapps,389.0,47.2307,-122.1695
West Plains,358.1,36.7377,-91.868
Mapleton,357.1,40.1188,-111.5742
Río Grande,3441.9,18.3789,-65.8388
Baker,564.3,30.5832,-91.1582
Cedarburg,966.5,43.299,-87.9887
Jefferson Hills,286.7,40.2926,-79.9329
Newman,2214.8,37.3156,-121.0212
Crestwood,1323.9,38.5569,-90.3783
Fairfax Station,522.9,38.7942,-77.3358
Webster,747.1,29.5317,-95.1188
Nanakuli,1586.5,21.3892,-158.1445
Camp Verde,112.0,34.569,-111.856
Kewanee,718.6,41.2399,-89.9264
Upper Montclair,1991.8,40.8433,-74.2006
San Marino,1259.0,34.1224,-118.1132
Streator,647.4,41.1245,-88.8297
Grafton,889.2,43.3204,-87.948
Herrin,489.8,37.7983,-89.0305
Crossville,231.6,35.9526,-85.0295
Effingham,438.6,39.1205,-88.5509
East Renton Highlands,425.8,47.4718,-122.0854
Maili,2764.4,21.4133,-158.1701
Beatrice,499.3,40.2736,-96.7455
Leeds,206.9,33.5436,-86.5639
El Campo,511.7,29.2,-96.2723
Choctaw,173.2,35.4802,-97.2666
Rosaryville,513.2,38.7672,-76.8266
Monfort Heights,794.3,39.1823,-84.6075
Mccomb,399.9,31.2442,-90.4716
Gig Harbor,798.2,47.3352,-122.5964
Milford,477.6,38.9091,-75.4227
Gardnerville Ranchos,455.7,38.8957,-119.7492
Tamalpais-Homestead Valley,1001.5,37.8793,-122.5382
Macedonia,481.8,41.3147,-81.4989
Scotts Valley,1014.7,37.0555,-122.0118
Gardere,1410.1,30.3582,-91.1346
Big Lake,646.6,45.3417,-93.7434
Dent,746.9,39.1915,-84.6601
Yeadon,2921.7,39.9325,-75.2527
St. Peter,769.3,44.3295,-93.9658
Wyndham,1272.9,37.6924,-77.6123
Glen Rock,1725.5,40.9601,-74.125
Minnehaha,2110.5,45.6577,-122.6204
Finneytown,1170.0,39.2159,-84.5144
Commerce,713.3,33.9963,-118.1519
New Kensington,1180.3,40.5712,-79.7523
Key Largo,386.8,25.1224,-80.412
Hasbrouck Heights,3058.4,40.8618,-74.0741
Moss Point,193.2,30.4241,-88.5289
Somersworth,475.0,43.2534,-70.8856
New Baltimore,1012.0,42.6904,-82.7398
Prairie Ridge,1102.8,47.1438,-122.1408
Ocean Pines,717.3,38.3851,-75.1487
Wakefield,1230.3,38.823,-77.2406
River Edge,2533.3,40.9269,-74.0387
Bound Brook,2794.3,40.5676,-74.5383
Portales,578.3,34.1754,-103.3565
Honeygo,793.4,39.4055,-76.4282
Hornsby Bend,493.8,30.2388,-97.5899
Westphalia,468.5,38.8356,-76.8298
Goulds,1595.3,25.5614,-80.388
Shady Hills,161.9,28.4042,-82.5468
Fort Bliss,259.1,31.8396,-106.3747
Port Wentworth,288.2,32.1951,-81.1991
East Bethel,103.9,45.3557,-93.2038
Pike Creek Valley,1613.0,39.7294,-75.6989
Archdale,513.3,35.9032,-79.9591
Woodward,352.4,36.4247,-99.4058
Inwood,2896.3,40.6219,-73.7506
Poulsbo,968.1,47.7417,-122.6407
Lanham,1308.5,38.962,-76.8421
Fenton,693.7,42.7994,-83.7144
Little Chute,713.9,44.2906,-88.3208
South Miami,2031.0,25.7079,-80.2952
Stuarts Draft,157.0,38.0188,-79.0354
Show Low,70.2,34.2671,-110.0384
Middleburg,234.4,30.0502,-81.9011
Arkansas City,493.5,37.0726,-97.0385
Rossmoor,2945.1,33.7887,-118.0803
Mount Sinai,764.3,40.9372,-73.0179
Dranesville,1192.9,38.9955,-77.3693
Robertsville,775.7,40.3395,-74.2939
Mountain Top,304.7,41.1353,-75.9045
Picayune,253.4,30.5322,-89.6724
Lawrenceburg,759.0,38.0332,-84.9031
Wallington,4592.9,40.8536,-74.1069
Westview,1508.4,25.8825,-80.2415
Endwell,1219.1,42.1184,-76.0219
Palos Heights,1206.6,41.6637,-87.7958
Middle Valley,467.0,35.1877,-85.1959
Hartsville,39.9,36.3921,-86.1568
Vermillion,951.8,42.7811,-96.9256
Irmo,667.3,34.1018,-81.1956
Sussex,539.1,43.1346,-88.2226
Destrehan,792.2,29.9626,-90.3676
Los Alamitos,1135.2,33.7971,-118.0592
Tarrytown,1545.6,41.0647,-73.8672
View Park-Windsor Hills,2462.8,33.9955,-118.3483
Miller Place,692.3,40.9374,-72.9864
The Pinery,436.7,39.4462,-104.7591
James Island,936.3,32.7353,-79.9394
Winfield,406.5,37.274,-96.95
College,241.3,64.8694,-147.8216
Emmaus,1564.0,40.5352,-75.4978
Burley,669.3,42.5379,-113.7926
North Wantagh,2376.7,40.6983,-73.5086
Medulla,807.7,27.957,-81.9866
Berthoud,347.1,40.3071,-105.0426
Green River,326.6,41.5127,-109.471
Bellmawr,1510.9,39.8666,-75.0941
Friendly,924.3,38.7601,-76.9642
Lakeland Highlands,926.6,27.9572,-81.9496
Granbury,261.4,32.4475,-97.7702
Lower Burrell,399.4,40.5818,-79.7141
Mendota Heights,495.4,44.8815,-93.14
Hamilton Square,1051.4,40.2248,-74.6526
South Yarmouth,646.2,41.6692,-70.2005
Guttenberg,18829.8,40.7928,-74.0049
Alcoa,301.7,35.8076,-83.9753
University Of California-Santa Barbara,3456.0,34.4151,-119.8568
Seven Hills,916.0,41.3803,-81.6736
Miami Shores,1805.3,25.867,-80.1779
Bucyrus,607.0,40.8054,-82.9719
Alum Rock,5162.8,37.3694,-121.8238
Yorktown,140.5,40.183,-85.5123
Spring Lake,189.8,35.1843,-78.9962
Town And Country,389.9,38.6317,-90.479
Minden,297.9,32.6187,-93.2762
Ringwood,175.0,41.1065,-74.2749
Lindon,536.0,40.3414,-111.7187
Lakeland Village,510.1,33.648,-117.3706
Wendell,475.0,35.7819,-78.3952
Norton,221.4,41.0294,-81.6461
Signal Hill,2039.3,33.803,-118.1681
West Point,622.5,41.122,-112.0995
Roma,760.4,26.4166,-99.0061
Campbellsville,588.1,37.3445,-85.3511
Fort Morgan,831.7,40.2537,-103.7903
Caño Martin Peña,6456.9,18.4309,-66.0507
Lincolnton,495.4,35.4748,-81.2386
La Riviera,2337.8,38.5683,-121.3544
Oskaloosa,550.7,41.2922,-92.6404
Woods Cross,1157.1,40.8731,-111.917
River Forest,1788.9,41.895,-87.8194
Mexico,364.4,39.1625,-91.8712
New Port Richey East,1165.7,28.2605,-82.6931
Fort Campbell North,519.7,36.6631,-87.4764
Leon Valley,1278.2,29.4954,-98.6143
North Valley,637.6,35.1736,-106.6231
Kings Mountain,303.6,35.2349,-81.3501
Citrus Springs,209.4,28.9931,-82.4594
Gloucester City,1912.4,39.8924,-75.1172
Oak Hills,2846.9,45.5405,-122.8413
Schiller Park,1596.8,41.9586,-87.8693
Half Moon Bay,708.5,37.4685,-122.4382
Moss Bluff,290.3,30.3039,-93.2051
Lovington,394.7,32.9128,-103.3276
Mack,496.0,39.1492,-84.6794
Markham,816.8,41.6,-87.6904
Home Gardens,2883.0,33.8783,-117.5116
Winton,1451.2,37.3854,-120.6173
Tucson Mountains,167.6,32.2822,-111.0773
Belgrade,906.7,45.7789,-111.1736
Lahaina,567.2,20.8848,-156.6618
Platteville,713.3,42.728,-90.4681
Port Lavaca,434.0,28.6181,-96.6278
Elk City,274.3,35.3862,-99.4301
Wilton Manors,2235.2,26.1593,-80.1395
Muscoy,1447.6,34.1552,-117.3477
East Glenville,437.5,42.8648,-73.9256
Dobbs Ferry,1816.3,41.0127,-73.8697
Suffern,2098.0,41.1138,-74.1422
Grosse Pointe Park,2030.9,42.3794,-82.9287
East Grand Rapids,1502.4,42.9464,-85.6088
Spencer,401.8,43.1468,-95.1534
La Homa,696.6,26.2796,-98.3575
Batesville,379.1,35.7687,-91.6227
Bridgeton,301.7,38.7673,-90.4275
Okmulgee,255.0,35.6134,-96.0068
Waihee-Waiehu,1029.4,20.9188,-156.5063
Rancho Mission Viejo,116.0,33.514,-117.5618
Cocoa Beach,940.0,28.3327,-80.6274
Roessleville,1086.2,42.6969,-73.7964
Mitchellville,885.7,38.9358,-76.8146
Elon,1023.4,36.1016,-79.5086
Powdersville,317.7,34.7826,-82.4959
Clawson,1985.9,42.5367,-83.1504
Snyder,488.7,32.7133,-100.9116
Fountain Inn,507.7,34.6989,-82.2005
Ravenna,773.6,41.1612,-81.2422
Whitestown,274.7,39.9706,-86.3612
Storm Lake,802.1,42.6431,-95.196
Healdsburg,984.7,38.6224,-122.8651
Triangle,1545.0,38.5483,-77.3195
Newport East,755.8,41.5159,-71.2878
Ocean City,643.8,39.2681,-74.602
Satellite Beach,1487.2,28.1782,-80.6019
Waupun,929.5,43.6314,-88.7381
North Logan,609.0,41.7759,-111.8066
Two Rivers,715.6,44.1565,-87.5824
Cold Springs,494.7,39.6927,-119.9775
Westwood,1918.2,40.9878,-74.0308
Bayou Blue,186.1,29.6341,-90.6733
Forestville,1170.6,39.0711,-84.3389
Morgan City,723.2,29.7041,-91.192
Lowes Island,1433.1,39.0471,-77.3524
Waipio,3467.6,21.4143,-157.9966
Petal,255.6,31.3477,-89.2359
Prineville,336.6,44.2985,-120.8607
Collegedale,346.1,35.0526,-85.0488
North Branch,115.7,45.5137,-92.9601
Monmouth,1927.5,44.8505,-123.2284
Timberlane,2868.1,29.8781,-90.0303
Hormigueros,975.3,18.1437,-67.1199
Stansbury Park,1581.0,40.6356,-112.3054
Wanaque,534.5,41.044,-74.29
Gloucester Point,458.2,37.2767,-76.5043
North Lindenhurst,2230.6,40.7072,-73.3859
Rincon,441.8,32.2947,-81.2353
Taylorville,417.3,39.5328,-89.2804
Progress,1427.0,40.2901,-76.8394
Elwood,899.7,40.8462,-73.3389
Travilah,269.8,39.057,-77.247
Burr Ridge,574.4,41.7485,-87.92
Haysville,892.5,37.5648,-97.3527
Millington,191.6,35.335,-89.8991
Del Aire,4256.1,33.9167,-118.3693
Union Park,1505.2,28.5657,-81.2355
Pleasant View,614.2,41.3249,-112.0011
Birch Bay,251.0,48.9243,-122.7519
Wyomissing,950.5,40.3317,-75.9703
Abbeville,707.9,29.9751,-92.1265
Middle Island,520.8,40.8857,-72.9454
Sturgis,615.2,41.7991,-85.4184
Spout Springs,412.8,35.2724,-79.0331
Great Neck,3226.7,40.8029,-73.7333
Fairview Shores,1453.7,28.6021,-81.3958
Marinette,606.9,45.0871,-87.6336
Coshocton,533.4,40.2618,-81.848
Lake Grove,1448.0,40.8586,-73.1168
Barrington,924.1,42.1515,-88.1281
Belle Chasse,522.1,29.8558,-90.0045
Merriam,986.9,39.0186,-94.6933
Monument,611.2,39.0736,-104.8467
Iowa Colony,384.6,29.4407,-95.4206
Holmen,557.1,43.9706,-91.2654
Greentree,915.2,39.8989,-74.9613
Guthrie,236.6,35.8424,-97.4366
Sierra Madre,1441.8,34.1687,-118.0504
Heartland,1277.4,32.6748,-96.4515
Piedmont,2501.4,37.8225,-122.2301
Burkburnett,374.1,34.0746,-98.5672
Cherry Creek,2545.6,39.6094,-104.8645
Franklin Lakes,451.6,41.0086,-74.2083
Pompton Lakes,1472.1,41.0024,-74.2859
Sun Village,393.4,34.5596,-117.9558
North Bellport,865.1,40.7868,-72.9457
Bolivar,516.0,37.6059,-93.4175
Brandywine,201.7,38.6963,-76.8846
Huntertown,605.4,41.2185,-85.1705
Halfway,970.0,39.6162,-77.7703
Magnolia,320.2,33.2775,-93.2261
Quartz Hill,1125.7,34.6527,-118.2163
Lovejoy,1456.6,33.4426,-84.3177
Grand Haven,739.7,43.0553,-86.2201
Terryville,1341.6,40.9093,-73.0486
Port Salerno,1186.5,27.1461,-80.1894
Lyndon,1174.7,38.2645,-85.5891
Little Ferry,2860.2,40.8464,-74.0388
Malvern,436.3,34.3734,-92.8205
Totowa,1053.9,40.9039,-74.2214
White City,2259.0,42.4316,-122.8322
Fife,721.5,47.2329,-122.3518
Kapaa,419.0,22.091,-159.3521
Tremonton,505.0,41.7187,-112.189
Carencro,534.8,30.3126,-92.0388
Roscoe,409.3,42.4256,-89.0084
Timonium,734.3,39.4459,-76.6032
Bedford Heights,923.5,41.4041,-81.5053
Fox Lake,535.8,42.4239,-88.1844
Sugarmill Woods,146.6,28.7299,-82.501
Manville,1777.7,40.542,-74.5892
Martin,338.1,36.3385,-88.8513
Maltby,217.1,47.8027,-122.1044
Deforest,444.9,43.2301,-89.3431
Boaz,287.8,34.1985,-86.1529
Mckee City,868.7,39.4465,-74.6445
Peru,827.5,40.7593,-86.0756
Lake Monticello,472.3,37.921,-78.3295
De Witt,643.8,43.03,-76.0819
Citrus,4765.6,34.116,-117.8891
West Vero Corridor,712.1,27.6363,-80.4844
Atchison,520.0,39.5625,-95.1367
Bithlo,382.4,28.5644,-81.1073
Myers Corner,487.6,41.5864,-73.8793
Mount Kisco,1368.7,41.2016,-73.7281
Westwood Lakes,2507.3,25.7237,-80.3717
Pompton Plains,802.7,40.9679,-74.3075
Airway Heights,691.6,47.6459,-117.5792
Kendall Park,1099.6,40.4135,-74.5631
Vidalia,232.3,32.2125,-82.4019
Pine Hill,854.1,39.7879,-74.9857
Manatí,1995.9,18.4283,-66.4823
Lake Arrowhead,234.7,34.2531,-117.1944
Doraville,829.3,33.9073,-84.2711
Newberry,451.7,34.2813,-81.601
The Hills,1461.7,40.6561,-74.6215
Worth,1749.2,41.6877,-87.7916
Placerville,709.4,38.7308,-120.7979
Scenic Oaks,524.9,29.7038,-98.6712
Saks,340.1,33.7118,-85.8536
Sonoma,1509.5,38.2902,-122.4598
Campton Hills,245.1,41.9498,-88.4166
Essex Junction,905.9,44.4902,-73.1141
Pebble Creek,1302.9,28.1583,-82.3411
Morro Bay,775.1,35.3682,-120.8482
Van Wert,549.2,40.8651,-84.5879
Gages Lake,1389.1,42.3519,-87.9828
Tarboro,366.7,35.9046,-77.5563
Fuller Heights,1018.0,27.9227,-81.9978
Felida,1420.7,45.7138,-122.7103
Soquel,898.0,36.9978,-121.9483
Broomall,1302.1,39.9688,-75.354
Lenoir City,478.1,35.8111,-84.2818
Calimesa,276.9,33.9874,-117.0542
Lake Barcroft,1694.6,38.8514,-77.1579
Yorkshire,1752.8,38.7882,-77.4496
Richmond Heights,930.0,41.5589,-81.5029
Pine Ridge,165.9,28.933,-82.4761
Sumner,545.6,47.2189,-122.2338
Corozal,1855.7,18.341,-66.3124
Corning,1335.4,42.147,-77.0561
Darby,4888.7,39.921,-75.261
West Haverstraw,2711.6,41.2063,-73.9884
Clute,773.1,29.0256,-95.3975
Isabela,1569.4,18.4991,-67.022
Alachua,113.5,29.7779,-82.4832
St. Albans,1136.1,38.3769,-81.8198
Mount Vista,785.3,45.7373,-122.6316
Potomac Park,2879.4,35.3636,-118.965
Munhall,1790.2,40.3935,-79.9005
Mount Airy,350.4,36.5083,-80.6155
Fair Oaks Ranch,334.7,29.7467,-98.6376
Chalco,1526.2,41.1817,-96.1353
Pella,439.1,41.4052,-92.9189
Winterville,831.7,35.5291,-77.4
Yelm,705.3,46.9398,-122.6262
Waggaman,715.1,29.9373,-90.2354
Bel Air,1349.8,39.5348,-76.346
Nanticoke,1184.9,41.2005,-76.0003
Le Mars,465.7,42.781,-96.1733
Bonham,416.0,33.588,-96.1901
Sleepy Hollow,1823.2,41.0936,-73.8722
Lake Morton-Berrydale,331.8,47.3325,-122.1032
Ironton,914.4,38.5323,-82.6779
North Lakes,263.8,61.6191,-149.311
Pingree Grove,1010.6,42.0855,-88.4358
Bellefontaine Neighbors,926.8,38.7529,-90.228
Palatka,413.7,29.6493,-81.6705
Smithville,252.2,39.3919,-94.5747
Bellmead,590.1,31.6026,-97.0897
Little Canada,1044.5,45.0244,-93.0863
Heath,354.3,40.0241,-82.4413
Linthicum,745.4,39.2088,-76.6626
Scotchtown,841.6,41.4765,-74.3668
Bogalusa,428.1,30.7812,-89.8633
Galena Park,846.1,29.7452,-95.2333
Delhi,1157.6,37.4306,-120.7759
Fairmount,668.1,39.7931,-105.1711
Raceland,188.3,29.7282,-90.6362
Malibu,204.6,34.037,-118.7839
Excelsior Springs,374.0,39.339,-94.24
Forest Acres,874.6,34.0323,-80.9716
Cheat Lake,282.3,39.667,-79.8564
Bastrop,438.9,30.1113,-97.3176
River Grove,1692.6,41.9243,-87.8379
White Marsh,762.0,39.3819,-76.4574
Fort Meade,500.5,39.1061,-76.7437
Marlton,1225.4,39.9014,-74.9294
Española,491.7,36.0044,-106.0686
La Plata,506.4,38.5352,-76.97
Rifle,576.7,39.5362,-107.7729
Chestnut Ridge,816.0,41.0829,-74.0551
Lighthouse Point,1751.4,26.2785,-80.0891
Somers Point,1007.1,39.3167,-74.6066
Little River,385.3,33.8786,-78.6393
Vermilion,380.6,41.4103,-82.3214
Rockport,243.8,28.029,-97.0722
Garrison,1277.4,39.4023,-76.7514
Silverton,1150.0,45.003,-122.7808
Golden Hills,369.5,35.1409,-118.4968
Scaggsville,800.6,39.1416,-76.8843
Warr Acres,1437.8,35.5285,-97.6182
Crestline,289.7,34.2486,-117.2887
Pine Castle,1664.7,28.4651,-81.3741
Gunbarrel,644.3,40.0632,-105.1713
Vashon,108.9,47.4122,-122.4726
Flat Rock,612.4,42.0991,-83.2716
Garden Acres,1556.2,37.9637,-121.2296
Edwards,151.0,39.6215,-106.6184
Waynesville,448.3,35.4854,-82.9996
Lake Hiawatha,3640.0,40.8816,-74.3826
Valley,311.7,32.8088,-85.181
Cadillac,482.9,44.2493,-85.4164
Blackhawk,695.5,37.8159,-121.9071
London,478.3,39.8935,-83.4375
Scottdale,1206.7,33.795,-84.2634
Lyons,1817.5,41.8119,-87.8191
East Setauket,665.9,40.921,-73.0942
Flowood,139.2,32.3359,-90.0802
Lake Hopatcong,542.8,40.9599,-74.6094
Versailles,617.8,38.0486,-84.7258
Wabash,415.4,40.8034,-85.8301
Progress Village,1324.3,27.8831,-82.3593
Spanish Fort,127.0,30.7254,-87.8597
East Bakersfield,5090.2,35.3832,-118.9743
Galion,538.5,40.7385,-82.7792
Tipp City,489.7,39.9644,-84.1866
Farmersville,1763.8,36.305,-119.2083
New Richmond,347.1,45.125,-92.5377
Shasta Lake,366.1,40.679,-122.3775
Fort Oglethorpe,287.0,34.9318,-85.246
Loudoun Valley Estates,1420.8,38.977,-77.5053
Arkadelphia,515.3,34.1253,-93.0729
Wood River,570.8,38.8631,-90.0774
Francisville,469.4,39.1068,-84.7277
Rotonda,373.6,26.8844,-82.2791
Comstock Park,1025.7,43.0438,-85.6778
Valley Center,144.9,33.233,-117.0158
Berwick,1292.6,41.0555,-76.2492
Port Townsend,572.3,48.122,-122.7877
Clay,352.3,33.6951,-86.609
Flowery Branch,544.6,34.1712,-83.9142
Watervliet,2959.7,42.7243,-73.7068
East Franklin,3645.2,40.4933,-74.471
Exeter,1601.9,36.2941,-119.1459
Woodlyn,2370.1,39.8774,-75.3445
Loudonville,799.2,42.7068,-73.7665
Yazoo City,393.2,32.8619,-90.4075
Meridianville,254.8,34.8729,-86.5722
Carroll,659.0,42.0699,-94.8646
Elkhorn,485.3,42.6713,-88.5377
Vernal,856.4,40.4517,-109.5378
Raymondville,961.2,26.4759,-97.7769
Waimea,100.4,20.0124,-155.6381
Oneida,179.3,43.0769,-75.6622
Atoka,325.8,35.4239,-89.7861
Kennett,564.4,36.2403,-90.0481
North Bend,1004.6,43.4075,-124.2364
Robstown,303.9,27.794,-97.6692
Fort Madison,409.0,40.6207,-91.3509
Blackwells Mills,513.8,40.4773,-74.5976
Safford,425.1,32.8335,-109.6964
Independent Hill,442.8,38.6404,-77.4089
Sellersburg,532.2,38.4028,-85.7706
Rainbow City,153.7,33.9336,-86.0922
Cedartown,432.7,34.0223,-85.2479
New Hyde Park,4649.1,40.7323,-73.6858
Hillcrest,2858.0,35.379,-118.9578
Fort Salonga,415.1,40.9068,-73.2996
Difficult Run,470.2,38.9016,-77.3471
Rolesville,561.7,35.9223,-78.4656
Hermantown,114.5,46.8057,-92.2407
Alpena,480.9,45.074,-83.4402
Baker City,544.7,44.7749,-117.832
Snohomish,1115.9,47.9276,-122.0969
Cross Lanes,628.1,38.4351,-81.7707
Glenwood Springs,673.0,39.5455,-107.3347
Alderwood Manor,2047.0,47.8146,-122.2672
Molalla,1566.2,45.1502,-122.5845
Bargersville,209.7,39.5412,-86.2004
Astoria,642.3,46.1856,-123.8053
Coweta,388.5,35.9683,-95.6545
East Rutherford,1056.3,40.8179,-74.0854
Warrenton,894.8,38.7176,-77.7976
Roslyn,2975.1,40.1311,-75.1374
South Huntington,1147.5,40.8225,-73.3921
Hackettstown,1084.3,40.854,-74.8257
San Diego Country Estates,233.3,33.0094,-116.7874
Trumbull Center,686.3,41.2415,-73.1836
Rathdrum,562.6,47.7948,-116.8944
San Elizario,566.4,31.5793,-106.2632
Cody,381.5,44.5213,-109.0548
Cordele,374.0,31.9563,-83.7694
Budd Lake,716.7,40.8733,-74.7375
Pike Road,114.7,32.2939,-86.09
Corte Madera,1234.1,37.9238,-122.5128
Spring Valley Lake,1289.1,34.4987,-117.2683
Bardmoor,1778.6,27.8574,-82.7534
Wood-Ridge,3499.9,40.8508,-74.0878
Kendallville,637.3,41.4441,-85.2578
Waldwick,1903.8,41.0133,-74.1259
Murrells Inlet,532.4,33.556,-79.0594
Hillsdale,1342.1,41.0074,-74.044
Airmont,852.7,41.0992,-74.0989
Howell,779.3,42.6078,-83.9339
Cairo,395.7,30.879,-84.205
East Rockaway,3816.9,40.6432,-73.6672
Burtonsville,495.8,39.1166,-76.9356
East Whittier,3563.9,33.9244,-117.9887
Reedsburg,637.2,43.5348,-89.9965
Brookdale,2419.7,40.8348,-74.1798
White Horse,1243.4,40.1919,-74.7023
Hyrum,621.5,41.6325,-111.8445
North Gates,1453.2,43.1718,-77.7064
Cypress Gardens,1121.1,28.0036,-81.6857
Willow Street,707.4,39.981,-76.2706
Rio Vista,585.1,38.1765,-121.7025
Harrisonville,345.4,38.653,-94.3467
Detroit Lakes,326.1,46.806,-95.8449
Struthers,1059.9,41.051,-80.592
Willoughby Hills,358.0,41.5873,-81.4333
Sweet Home,726.0,44.4023,-122.7028
Fort Stewart,348.1,31.8811,-81.6131
Cape Canaveral,1733.5,28.3933,-80.6049
Columbia City,701.5,41.1612,-85.4855
Bay St. Louis,262.0,30.3281,-89.3774
Kinnelon,213.4,40.9847,-74.3862
West Glens Falls,578.8,43.3057,-73.6964
Grosse Pointe Farms,1406.8,42.4068,-82.8993
George Mason,1514.6,38.8356,-77.3186
Fallston,274.6,39.5332,-76.4452
Dupont,660.1,47.1079,-122.6495
Vernon,486.8,34.1479,-99.3
Cedar Hills,1408.6,40.4135,-111.7531
West Perrine,2189.6,25.6061,-80.3639
Green Cove Springs,447.8,29.9904,-81.6807
Kensington,640.0,41.6284,-72.7686
Bacliff,1509.3,29.5085,-94.9888
Locust Grove,310.7,33.3446,-84.1071
Sparta,478.6,43.9377,-90.8131
St. Augustine Shores,873.7,29.8039,-81.3086
Bee Ridge,1021.4,27.2855,-82.4731
Ellisville,876.3,38.5897,-90.5884
Mayfield,520.3,36.7371,-88.6447
Pájaros,2495.1,18.361,-66.2184
Muskegon Heights,1200.2,43.2023,-86.2421
Woodfield,1403.8,34.0587,-80.9309
Makaha,1420.7,21.4739,-158.2102
Travis Ranch,3172.2,32.8015,-96.4775
Lincoln City,631.2,44.9751,-124.0072
Rye Brook,1113.1,41.0302,-73.6864
Avon Park,374.5,27.5898,-81.5068
Harvard,455.1,42.4296,-88.6211
East Liverpool,810.6,40.6333,-80.5677
Wapakoneta,568.6,40.5664,-84.1916
Succasunna,649.0,40.853,-74.6568
Jesup,230.2,31.5992,-81.8895
Greencastle,730.6,39.6432,-86.8418
Ingleside,225.3,27.8703,-97.2075
Alamosa,477.4,37.4752,-105.877
Picnic Point,1248.4,47.8744,-122.3077
Marathon,449.4,24.7263,-81.0374
College Place,1069.9,46.0419,-118.3878
Uniontown,1849.2,39.8993,-79.7246
Capitola,2376.3,36.9773,-121.9537
Deridder,407.8,30.8468,-93.2931
Thomaston,396.6,32.8907,-84.3272
Eagle Point,1272.6,42.4677,-122.8016
Frankfort Square,1512.3,41.5219,-87.8031
Sedona,206.6,34.8581,-111.7941
Madera Acres,526.1,37.0123,-120.0799
Mahomet,387.4,40.1888,-88.3901
Fultondale,310.3,33.6174,-86.8014
Keokuk,413.6,40.4095,-91.4031
Vidor,312.9,30.1291,-93.9967
Tanaina,124.0,61.6576,-149.4263
Arden Hills,444.1,45.0721,-93.167
Monett,427.7,36.9218,-93.9278
Keansburg,3503.1,40.4469,-74.1315
Sauk Village,940.5,41.4906,-87.5706
Sandy Hook,233.6,41.4128,-73.244
Hartland,687.1,43.1029,-88.3396
South Amboy,2439.0,40.4852,-74.2831
New Square,6799.8,41.141,-74.0294
Lambertville,555.9,41.7484,-83.6244
Croydon,1511.8,40.0911,-74.8975
Sturgeon Bay,378.7,44.8228,-87.366
Mccordsville,447.1,39.8966,-85.9208
Morehead City,505.1,34.7308,-76.7388
Canonsburg,1618.3,40.2643,-80.1867
Flossmoor,1017.9,41.5391,-87.6858
Picture Rocks,52.7,32.3274,-111.2558
Canal Winchester,459.1,39.8437,-82.8126
Brewer,244.6,44.7835,-68.7352
Sunbury,1855.4,40.8616,-76.7871
Matawan,1642.0,40.4127,-74.2365
Walker Mill,1237.9,38.8758,-76.8854
Bala Cynwyd,1622.8,40.0116,-75.2283
Orange Cove,2017.9,36.6211,-119.3188
Gateway,690.8,26.5793,-81.7446
Fredonia,721.7,42.4407,-79.3319
Ogdensburg,748.0,44.7088,-75.4717
Lititz,1596.0,40.154,-76.3044
Orange Lake,423.9,41.5369,-74.1005
Country Club Estates,798.5,31.2113,-81.4622
Silver City,365.3,32.7783,-108.2699
North College Hill,2028.3,39.2175,-84.552
Browns Mills,687.0,39.9737,-74.569
Bladensburg,3725.0,38.9424,-76.9264
Bridge City,572.8,30.0298,-93.8406
Fishersville,186.3,38.105,-78.9826
Litchfield Beach,328.3,33.4773,-79.1181
Claymont,1713.3,39.8032,-75.4607
Mechanicsburg,1527.3,40.2115,-77.006
Helena Valley Southeast,171.4,46.6219,-111.8973
Grinnell,646.5,41.7359,-92.7244
Itasca,730.5,41.9772,-88.0183
Ivins,389.1,37.1742,-113.6809
Girard,651.7,41.1665,-80.6963
Countryside,1431.9,39.0518,-77.4124
Pryor Creek,363.2,36.2996,-95.3107
Oil City,817.9,41.4281,-79.7036
St. Anthony,1643.3,45.0278,-93.2174
Amityville,1786.8,40.6696,-73.4156
Anaconda,5.0,46.0608,-113.0678
Bluefield,409.2,37.2608,-81.2143
Tomah,466.2,43.9879,-90.4999
Coamo,2013.1,18.0765,-66.3638
Springs,432.1,41.0212,-72.1584
Mentone,599.3,34.0609,-117.1108
Chevy Chase,1518.2,38.9944,-77.0738
Woodway,556.0,31.4988,-97.2314
Parsons,344.4,37.3405,-95.2958
Eidson Road,519.9,28.6677,-100.4788
Terrace Heights,348.1,46.6045,-120.4393
Oakwood,1667.9,39.7202,-84.1734
Rochelle,265.9,41.9197,-89.0629
Sabana Grande,1702.3,18.0832,-66.9645
Lugoff,160.6,34.2113,-80.6973
Berlin,59.6,44.4869,-71.2599
Lasalle,270.9,41.3589,-89.0737
The Village,1435.3,35.5706,-97.5567
Bull Mountain,1841.7,45.4125,-122.832
Rockcreek,1858.0,45.5526,-122.876
Oakbrook,1141.9,38.9996,-84.6797
Jacinto City,1970.2,29.7663,-95.241
Monmouth Junction,833.4,40.3754,-74.5582
Halls,413.5,36.0817,-83.9344
Madeira,1089.2,39.1856,-84.3734
Beckett Ridge,760.0,39.3448,-84.438
Steger,1069.3,41.4723,-87.6176
Hailey,916.9,43.5141,-114.3001
Wasilla,294.3,61.577,-149.466
Alma,608.5,43.3799,-84.6556
Charter Oak,3917.7,34.1025,-117.8564
St. Stephens,400.4,35.7642,-81.2746
Southside,190.1,33.9007,-86.0238
Angola,538.3,41.6433,-85.005
Helotes,522.2,29.5687,-98.696
Coral Hills,2216.1,38.8706,-76.9215
Fallon,974.7,39.4737,-118.7779
Roxborough Park,391.7,39.4492,-105.0746
Denham Springs,493.6,30.4743,-90.9593
Lago Vista,249.8,30.4519,-97.9908
Diamondhead,356.7,30.3791,-89.3707
Sheffield,515.6,34.757,-87.6977
Havre,971.6,48.5427,-109.6804
St. Francis,1406.3,42.9716,-87.873
San Sebastián,1757.0,18.3356,-66.9948
Chesapeake Ranch Estates,832.0,38.3574,-76.4147
Laurens,351.9,34.5022,-82.0207
Bohemia,417.5,40.7717,-73.1271
Severance,278.6,40.5265,-104.865
Leonia,2357.5,40.8638,-73.99
Quakertown,1764.4,40.4398,-75.3455
Hardeeville,59.7,32.2949,-81.0321
Haiku-Pauwela,227.3,20.9156,-156.3022
Gibsonville,815.8,36.0993,-79.5415
East Stroudsburg,1259.5,41.0023,-75.1779
Blanchard,117.6,35.1524,-97.6602
Delta,269.5,38.756,-108.0772
Eunice,696.0,30.4904,-92.4191
Middlesborough,484.1,36.6127,-83.7227
Pine Lake Park,1439.9,40.0017,-74.2595
Rensselaer,1125.7,42.6465,-73.7328
Sandpoint,834.5,48.2822,-116.5614
Bethalto,470.2,38.9015,-90.0466
Shawano,532.5,44.7748,-88.5843
Brooksville,318.8,28.5404,-82.3903
Conshohocken,3550.6,40.0772,-75.3034
Palm Beach,938.9,26.6945,-80.0408
Sugar Grove,339.7,41.7759,-88.4481
Merrill,475.8,45.182,-89.6994
Cabo Rojo,1511.1,18.0867,-67.1482
Ventnor City,1820.6,39.3457,-74.486
Hooper,75.2,41.1599,-112.2871
Helena-West Helena,271.4,34.5313,-90.6201
Crozet,804.9,38.0645,-78.6961
Waseca,827.8,44.0827,-93.5029
Marlboro Village,1029.3,38.8307,-76.7699
Washington Terrace,1751.3,41.1683,-111.9783
Hickam Housing,770.4,21.3311,-157.9474
Glenshaw,1135.9,40.5391,-79.9735
Cusseta,14.3,32.347,-84.787
Waterford,1502.4,37.6429,-120.7553
Mound,1238.4,44.9328,-93.6591
Perkasie,1397.4,40.372,-75.292
Bryans Road,230.3,38.6145,-77.0851
Toccoa,378.1,34.581,-83.3263
Seven Corners,5198.4,38.8658,-77.1445
Mahopac,577.8,41.3688,-73.7414
Ecorse,1248.0,42.2489,-83.1399
Stonegate,1934.2,39.5357,-104.8032
University Of Virginia,1984.2,38.0405,-78.5164
Aiea,2128.1,21.3865,-157.9232
Incline Village,164.3,39.2639,-119.9455
Elsmere,1344.3,38.9948,-84.6017
Merrydale,832.5,30.4998,-91.1081
Forestdale,523.5,33.5737,-86.9
Fairfield Glade,153.6,36.0028,-84.8711
Glens Falls North,421.7,43.335,-73.6832
Jessup,583.9,39.1488,-76.7772
Aliquippa,842.1,40.6155,-80.2547
Hawthorn Woods,433.7,42.2313,-88.0624
Des Peres,817.4,38.5973,-90.448
Stony Brook University,2139.6,40.9098,-73.1217
Hampstead,174.2,34.3627,-77.7318
Boulder Hill,2417.0,41.7113,-88.3353
Harrodsburg,509.1,37.7654,-84.8474
Lake Mohawk,701.1,41.0149,-74.664
Sunset Hills,391.8,38.531,-90.4087
Bogota,4661.1,40.8751,-74.0293
Grants,236.6,35.1538,-107.8335
Cresskill,1701.9,40.9405,-73.9596
Absecon,635.1,39.4229,-74.4944
Little Falls,436.5,45.9862,-94.3586
Rockingham,459.4,34.9386,-79.7608
Tuscumbia,380.6,34.7204,-87.7035
Tuskegee,205.3,32.4409,-85.7131
Bernalillo,670.6,35.3127,-106.5537
East Grand Forks,588.7,47.9286,-97.0138
West Athens,2617.7,33.9235,-118.3033
Orange Park,961.6,30.1706,-81.7041
Kings Grant,772.2,34.2664,-77.8659
Booneville,135.8,34.6643,-88.5684
Lapeer,475.9,43.0447,-83.3253
Micco,459.7,27.8683,-80.51
Sanatoga,1033.7,40.2497,-75.5887
Citrus Hills,360.2,28.887,-82.4312
Corona De Tucson,454.3,31.9503,-110.7835
Tiburon,777.0,37.8854,-122.4637
Harleysville,835.0,40.2792,-75.3873
Rice Lake,388.5,45.4864,-91.7447
Benton Harbor,794.0,42.1159,-86.4488
Craig,686.7,40.5171,-107.5554
Cape St. Claire,1740.3,39.0433,-76.4471
Summit View,1075.9,47.1343,-122.3467
Audubon,758.3,40.1304,-75.428
Lake Park,1667.6,26.7998,-80.0681
Meadow Lakes,46.0,61.638,-149.608
Indian Harbour Beach,1659.0,28.1529,-80.5976
Kulpsville,1016.7,40.244,-75.3407
Fairless Hills,1784.9,40.1783,-74.8524
North Kensington,2318.4,39.0393,-77.0723
Saline,799.4,42.174,-83.778
Purcellville,1023.6,39.1378,-77.711
Lincoln Village,1897.1,39.9532,-83.1314
Fitzgerald,382.0,31.7134,-83.2514
Orting,1278.3,47.0967,-122.2112
Kennedale,523.1,32.6434,-97.2172
Flanders,465.3,40.8412,-74.7102
Ladue,403.6,38.6377,-90.3815
Sheffield Lake,1385.8,41.4883,-82.0979
Manteno,645.2,41.247,-87.8457
Harahan,1710.1,29.9374,-90.2031
Rio Del Mar,1150.3,36.9607,-121.8807
Pulaski,427.6,37.0528,-80.7624
Haledon,2840.0,40.9363,-74.1887
Cloverdale,1025.6,38.7962,-123.0152
Plainedge,2455.8,40.7241,-73.477
Juncos,2295.9,18.2256,-65.9161
Seneca,411.2,34.6818,-82.96
Northwest Harborcreek,687.5,42.1494,-79.9945
Evergreen,402.2,48.2308,-114.27
Skidaway Island,208.5,31.9372,-81.0449
North Merritt Island,203.9,28.4585,-80.7162
Poteau,129.2,35.0282,-94.6346
Cortez,551.5,37.3503,-108.5768
Oak Island,178.1,33.9434,-78.1366
Beaver Falls,1606.5,40.7619,-80.3226
Village St. George,1535.6,30.3598,-91.0672
East York,1232.5,39.9687,-76.6755
Blacklick Estates,1813.3,39.9049,-82.8655
Clanton,147.8,32.8444,-86.6233
Whippany,610.0,40.8233,-74.4184
Collingdale,3935.3,39.9151,-75.2776
Signal Mountain,408.8,35.1448,-85.3457
Larkfield-Wikiup,644.6,38.513,-122.7536
Bee Cave,392.5,30.3084,-97.9629
Harwood Heights,4143.2,41.9663,-87.8057
Marina Del Rey,3981.4,33.9765,-118.4486
Thief River Falls,568.6,48.1108,-96.1778
Andalusia,172.3,31.3102,-86.4781
Pearsall,521.3,28.8915,-99.0975
Panthersville,930.8,33.7059,-84.2763
Pitman,1537.6,39.7335,-75.1306
Rockwood,628.9,37.463,-77.5744
St. Pete Beach,1603.8,27.7235,-82.7387
Winslow,262.5,35.0243,-110.7095
Bayport,912.7,40.7461,-73.0546
Montecito,371.0,34.4384,-119.6309
Woodmoor,559.4,39.1063,-104.8456
Park Forest Village,1364.8,40.7996,-77.9084
Fort Valley,451.2,32.552,-83.8817
Savoy,1034.7,40.06,-88.2552
Aransas Pass,257.8,27.8876,-97.1136
Baxter,180.3,46.3426,-94.2793
Boonton,1451.4,40.9047,-74.4048
Brownfield,521.9,33.1757,-102.273
Valley Cottage,774.0,41.1162,-73.9433
Bath,372.6,43.9346,-69.8346
Madison Park,1868.2,40.4454,-74.2966
Paloma Creek South,2698.9,33.21,-96.9325
Whitehouse,617.8,32.2222,-95.221
Hoquiam,355.7,46.9863,-123.9022
Fort Irwin,487.3,35.2477,-116.6834
Hope,317.5,33.6682,-93.5895
Dock Junction,360.8,31.2031,-81.5155
Dunn Loring,1433.2,38.8945,-77.2315
Topanga,177.3,34.0965,-118.6053
Edgemere,311.9,39.2273,-76.459
Maysville,178.6,38.6455,-83.7911
Guntersville,132.1,34.3671,-86.2637
North Haledon,976.0,40.9628,-74.1844
Coffeyville,356.9,37.0519,-95.618
Toppenish,1553.9,46.3806,-120.3122
Mascoutah,350.2,38.5192,-89.8045
Temple Hills,2397.2,38.8106,-76.9495
Presque Isle,44.5,46.6868,-67.9874
Hillview,502.3,38.0562,-85.6847
Rodeo,900.2,38.0367,-122.2526
Village Green-Green Ridge,1760.4,39.8639,-75.4257
Cameron,490.6,39.7444,-94.2329
Jeannette,1409.9,40.3277,-79.6139
Glencoe,905.1,42.1347,-87.7641
Fort Knox,165.8,37.8915,-85.9636
Millersville,1739.6,40.0047,-76.3522
Port Jervis,1329.2,41.3783,-74.691
Lake Villa,514.5,42.4184,-88.0836
White Meadow Lake,932.6,40.9241,-74.5107
Anthony,1244.9,32.0131,-106.5984
Othello,700.4,46.8221,-119.1653
Milliken,257.4,40.3115,-104.8561
Leisure World,2975.2,39.1023,-77.0689
Stevensville,522.0,38.9745,-76.3184
Rock Falls,841.7,41.7724,-89.6928
Arizona City,546.5,32.7506,-111.6707
Vega Alta,1771.5,18.4151,-66.3211
Orosi,1300.8,36.5433,-119.2914
Fort Mitchell,1081.5,39.046,-84.5562
Perry Heights,1171.7,40.7977,-81.468
Wharton,402.9,29.3177,-96.1022
Park Hills,164.6,37.8211,-90.505
South Lockport,539.5,43.1366,-78.6855
Tecumseh,591.5,42.0066,-83.945
Cheviot,2865.0,39.1577,-84.6139
Laughlin,204.2,35.1401,-114.6206
Clarendon Hills,1843.3,41.7981,-87.9568
Aibonito,2238.9,18.1398,-66.2659
Olmsted Falls,817.5,41.3657,-81.9038
Cumberland Hill,1048.5,41.9736,-71.4605
East Foothills,1566.6,37.3826,-121.8138
Chanute,469.2,37.6695,-95.4621
Perryton,694.1,36.3928,-100.7976
Montvale,827.7,41.0529,-74.0499
Glenwood,1013.6,41.541,-87.6118
Highland Heights,646.2,41.5518,-81.4691
Fair Lakes,1405.3,38.853,-77.3885
Templeton,420.2,35.556,-120.7181
Monona,1019.9,43.054,-89.3334
Long Hill,1026.0,41.2666,-73.2283
Fort Riley,517.6,39.1064,-96.8117
Fern Park,1654.4,28.6485,-81.3458
Conning Towers Nautilus Park,637.9,41.385,-72.0684
Miramar Beach,472.1,30.3854,-86.3442
Beebe,327.4,35.0713,-91.8998
Sonterra,1399.7,30.8079,-97.5952
West Long Branch,1159.4,40.2883,-74.0185
Sutherlin,541.6,43.3882,-123.3242
Arab,248.4,34.3309,-86.4991
Gering,593.6,41.8275,-103.6622
Hollymead,511.7,38.1266,-78.4386
Baltimore Highlands,1907.1,39.2355,-76.6367
Napoleon,531.9,41.3977,-84.1244
Innsbrook,756.9,37.6552,-77.5775
La Cresta,3157.7,35.3972,-118.9892
Corrales,306.2,35.2366,-106.6191
Wedgefield,141.6,28.4847,-81.0809
Skiatook,240.7,36.3699,-95.9856
Sallisaw,238.2,35.4606,-94.8072
Ellsworth,41.6,44.5847,-68.4875
Summit Park,244.2,40.7423,-111.5872
Closter,1043.9,40.9733,-73.9604
Olivette,1190.0,38.6724,-90.3786
Old Forge,961.3,41.3704,-75.7409
Delavan,444.3,42.6282,-88.6323
Perryville,403.6,37.7263,-89.8759
Lamesa,644.6,32.7333,-101.9541
Ahuimanu,1220.9,21.4379,-157.8404
Sangaree,1618.8,33.0327,-80.1253
Dunn,464.2,35.3114,-78.6129
Murillo,599.0,26.2642,-98.1233
Minnetrista,125.8,44.9356,-93.7107
Hondo,326.9,29.3531,-99.1616
Beecher,558.4,43.0903,-83.7039
Lewistown,1617.4,40.5964,-77.573
Swissvale,2719.9,40.4206,-79.8859
Seffner,909.7,27.9981,-82.2735
Malverne,3100.7,40.6746,-73.6721
Temperance,711.2,41.7653,-83.5755
Fort Lupton,247.6,40.0827,-104.8068
Conover,286.1,35.7154,-81.2174
Pukalani,868.7,20.8329,-156.3415
Kenwood,1356.0,39.2066,-84.375
Fruitland Park,457.1,28.8599,-81.9177
Gypsum,370.4,39.6287,-106.9348
Village Of Waukesha,159.1,42.9601,-88.248
Richland Hills,1043.5,32.8095,-97.2273
August,2604.4,37.9797,-121.2625
Bemiss,422.3,30.9318,-83.2386
Black Mountain,484.2,35.6144,-82.3274
River Road,1808.5,44.0833,-123.132
Barre,819.3,44.1998,-72.5085
Farmingdale,2981.8,40.7328,-73.4468
Hastings-On-Hudson,1648.4,40.9904,-73.8799
Center Line,1861.2,42.4805,-83.0274
Lake Geneva,475.3,42.5824,-88.4281
Villanova,1559.1,40.0405,-75.341
Corbin,409.6,36.9323,-84.1006
Brook Highland,1180.2,33.4359,-86.6849
Plumas Lake,274.8,38.9845,-121.5634
Grandview Heights,2471.9,39.9793,-83.0408
Whitefish,443.7,48.4328,-114.359
Guadalupe,2480.1,34.9609,-120.5735
Kronenwetter,63.0,44.8164,-89.5807
Pleasant Hills,1171.3,40.3298,-79.9596
Mont Belvieu,182.6,29.8518,-94.8775
Miles City,966.1,46.4059,-105.8385
Mukwonago,404.3,42.857,-88.3269
Dumbarton,1721.8,37.613,-77.5066
Sitka,1.1,57.2401,-135.3152
Wading River,331.3,40.9464,-72.823
Winnemucca,331.5,40.9645,-117.7247
Gilberts,590.1,42.1097,-88.3715
Atmore,148.2,31.0927,-87.4762
Lock Haven,1297.0,41.1365,-77.4521
Westwego,1038.6,29.9058,-90.1434
Crete,342.5,41.4401,-87.6235
Oak Hills Place,1039.5,30.369,-91.0887
Menominee,625.9,45.1221,-87.6234
Westgate,2127.4,26.6994,-80.0989
Los Altos Hills,356.3,37.3669,-122.1387
Park City,145.1,40.6502,-111.5013
Virginia,172.0,47.5168,-92.5127
Orrville,575.6,40.848,-81.7743
Hood River,1232.7,45.7092,-121.526
Payette,788.8,44.0788,-116.9255
Upper Saddle River,614.0,41.0634,-74.0985
Eaton,501.8,39.7506,-84.6342
Austell,506.0,33.8201,-84.6451
Stanwood,1083.2,48.2449,-122.3426
Hampshire,322.1,42.1124,-88.5118
Scott,274.7,30.2398,-92.0948
Waite Park,255.0,45.5313,-94.2528
Houghton,734.5,47.1118,-88.5675
Fort Stockton,580.3,30.8926,-102.8842
Kenilworth,1499.9,40.6781,-74.289
Shiprock,238.1,36.7924,-108.7005
Cushing,423.8,35.9794,-96.7609
Sioux Center,503.2,43.0748,-96.1707
Abingdon,399.9,36.709,-81.9713
Flushing,889.9,43.0637,-83.8403
Mayo,571.8,38.9042,-76.5179
Good Hope,286.0,33.7706,-117.2771
Twin Rivers,2542.6,40.2631,-74.4917
Runnemede,1564.3,39.8522,-75.074
Mount Joy,1330.8,40.1106,-76.5065
North Madison,821.0,41.8297,-81.0507
Trinidad,341.9,37.1751,-104.4908
Senatobia,206.1,34.6081,-89.9762
Firebaugh,861.3,36.8533,-120.4535
Selah,698.8,46.6481,-120.539
Mila Doce,975.0,26.223,-97.9601
Lely Resort,642.1,26.0889,-81.7031
Joshua,357.7,32.458,-97.3849
Twin Lakes,1946.8,39.8229,-105.0036
Duvall,1304.3,47.7354,-121.9726
Druid Hills,1071.2,33.7842,-84.3272
Long Grove,257.6,42.1967,-88.0058
Tuba City,357.5,36.125,-111.2467
West Haven-Sylvan,1422.9,45.5164,-122.7655
Alondra Park,2887.5,33.8885,-118.335
Carl Junction,575.7,37.1668,-94.5469
Orland,1046.0,39.7461,-122.1856
Rhinelander,349.7,45.6358,-89.4261
Prien,597.3,30.1601,-93.2611
Somers,123.5,42.6411,-87.8919
Orange Beach,216.3,30.2942,-87.5849
Rockton,463.5,42.4445,-89.0634
Castle Shannon,1990.5,40.3664,-80.0194
Mount Rainier,4990.8,38.9423,-76.9645
Helena Valley West Central,120.3,46.6634,-112.0604
Wytheville,219.1,36.953,-81.0881
Stayton,1016.8,44.8034,-122.7984
Prairie View,428.6,30.0847,-95.9892
Wynne,352.9,35.2322,-90.7897
Hatboro,2232.0,40.1775,-75.1055
Rawlins,384.6,41.7849,-107.2265
Price,630.2,39.604,-110.8003
Bay Minette,183.7,30.893,-87.7912
Croton-On-Hudson,675.0,41.2005,-73.9001
Orono,199.0,44.9657,-93.5908
Sans Souci,956.2,34.8901,-82.4241
Winooski,2292.2,44.4948,-73.1846
Mcgregor,1333.6,26.5611,-81.9134
Oradell,1312.4,40.9562,-74.0314
New Prague,804.0,44.5459,-93.5755
Milan,353.4,35.9126,-88.7554
Gulf Hills,409.0,30.4367,-88.815
Interlaken,322.6,36.9505,-121.7363
Sheboygan Falls,575.5,43.729,-87.8266
North Star,464.2,39.755,-75.7331
Garden City Park,3180.3,40.7435,-73.6639
Los Fresnos,718.7,26.075,-97.4875
Hornell,962.5,42.3333,-77.6633
Navasota,377.8,30.3873,-96.0901
Lake Of The Woods,636.5,38.3343,-77.7599
Downingtown,1440.6,40.0076,-75.7019
Breinigsville,934.2,40.5394,-75.6347
University Of California-Davis,1823.6,38.5378,-121.7579
Rolling Hills Estates,880.6,33.7783,-118.3509
Center Moriches,598.2,40.8004,-72.7958
Southwood Acres,592.6,41.9582,-72.5726
Ketchikan,821.7,55.3556,-131.6698
Camp Hill,1480.6,40.2422,-76.9274
Cuero,479.2,29.1023,-97.2871
Roxboro,424.3,36.3879,-78.9812
Lochbuie,853.2,40.0118,-104.7271
Travelers Rest,503.4,34.9582,-82.4412
Kalifornsky,45.7,60.4417,-151.1972
Hillside,991.3,41.8675,-87.9019
Sequim,496.8,48.0746,-123.0945
Dormont,4123.1,40.3941,-80.0377
Applewood,771.1,39.7523,-105.1604
Charlestown,273.8,38.427,-85.6677
Providence Village,1133.4,33.238,-96.9583
Spotswood,1354.2,40.3949,-74.392
Mahtomedi,902.7,45.0619,-92.966
Fort Belvoir,353.6,38.7119,-77.1459
Leola,521.0,40.0915,-76.1891
Plain City,258.4,41.3071,-112.0877
Kirby,1563.6,29.4614,-98.3855
Scappoose,910.0,45.7582,-122.873
Sabana Seca,2828.8,18.4273,-66.1809
Midway City,5127.5,33.7452,-117.9849
Lake Carmel,597.8,41.461,-73.6683
South San Gabriel,3742.0,34.0488,-118.0961
Whitmore Lake,650.8,42.4258,-83.753
Bermuda Dunes,1056.8,33.7435,-116.2874
Brazil,844.5,39.5226,-87.124
Middleborough Center,792.7,41.8945,-70.926
Bondurant,279.6,41.6985,-93.4556
Stuttgart,419.8,34.4952,-91.5487
Antigo,482.0,45.141,-89.1552
Oak Hill,320.9,37.9844,-81.1277
South Kensington,1486.0,39.0188,-77.0785
Fort Polk South,506.2,31.0512,-93.2159
Oberlin,631.5,41.286,-82.2198
Landen,1531.0,39.3154,-84.2768
Lucas,199.0,33.0942,-96.5797
Vinton,997.8,37.2746,-79.8887
Montpelier,308.6,44.2659,-72.5717
South Weber,662.6,41.1334,-111.9393
Atco,320.3,39.7682,-74.8618
Groesbeck,1057.8,39.229,-84.5959
Fort Dix,303.7,40.006,-74.6089
Wilmington Manor,1897.2,39.6858,-75.5849
Port Jefferson,1012.0,40.9466,-73.0577
Oak Brook,388.6,41.8373,-87.9516
Pismo Beach,885.9,35.1487,-120.6493
Island Lake,919.7,42.2782,-88.1999
Fletcher,489.1,35.4316,-82.5039
Carnegie,1909.6,40.408,-80.0861
Kaufman,317.4,32.5766,-96.3158
Timnath,422.8,40.5338,-104.9623
North Bay Village,4987.1,25.8487,-80.1535
Latrobe,1334.3,40.3125,-79.3825
Nevada,340.2,37.8445,-94.3492
Fruitvale,1090.8,39.0933,-108.4789
Wahpeton,576.5,46.2722,-96.6118
Butner,223.8,36.1285,-78.7501
Grand Blanc,854.6,42.9258,-83.6181
Greenbriar,1982.7,38.8717,-77.397
North Weeki Wachee,213.3,28.5592,-82.5537
Zebulon,463.7,35.8329,-78.3158
Woodfin,328.7,35.6457,-82.5915
Crestwood Village,718.3,39.9568,-74.3524
Waikele,2789.5,21.4025,-158.0058
Emmett,1053.6,43.8693,-116.4916
Watsessing,4957.4,40.7866,-74.2007
Glenside,2411.4,40.1032,-75.1517
Silvis,715.3,41.4976,-90.4101
Lincolnshire,671.0,42.1958,-87.9182
Three Rivers,548.0,41.947,-85.6281
Moundsville,1054.0,39.9221,-80.7422
Wagoner,306.0,35.9645,-95.3785
South Beloit,496.5,42.4825,-89.026
Gettysburg,1843.0,39.8304,-77.2339
Congers,960.4,41.1491,-73.9457
Mount Ivy,2073.4,41.1927,-74.0296
Woodland Park,461.9,38.9985,-105.0594
Dexter,423.5,36.7928,-89.9632
Siler City,452.5,35.7251,-79.456
Broadview,1716.3,41.8583,-87.8562
South Boston,233.4,36.7132,-78.9135
West Livingston,128.2,30.6957,-95.0097
Dalhart,636.6,36.058,-102.5123
Basking Ridge,450.8,40.7061,-74.5568
Farr West,514.4,41.3015,-112.0318
Bernardsville,236.8,40.7268,-74.5918
Cumming,401.8,34.2063,-84.1339
Blair,551.2,41.5416,-96.1359
West Dundee,755.9,42.0981,-88.3066
White Knoll,496.4,33.8902,-81.2391
Glastonbury Center,612.7,41.7016,-72.6002
Waller,381.1,47.2035,-122.37
Enoch,378.9,37.7669,-113.0449
Thompson'S Station,126.9,35.8106,-86.9003
Pinson,253.9,33.7055,-86.6678
Big Rapids,681.6,43.6992,-85.4806
Lihue,406.3,21.9721,-159.3564
Ponchatoula,641.4,30.4402,-90.4428
Round Lake Park,1462.9,42.3309,-88.075
Yreka,302.9,41.7291,-122.6312
Westlake Village,582.7,34.1369,-118.822
Glen Ridge,2370.7,40.8041,-74.2043
Robinwood,793.7,39.6265,-77.663
Jersey Village,868.3,29.8903,-95.5721
Tyrone,240.9,33.4752,-84.5941
Broadview Park,3007.2,26.0978,-80.209
Humboldt,290.2,35.8271,-88.9058
Grand Ledge,777.4,42.7534,-84.7448
St. Martin,701.8,30.44,-88.8652
Brevard,560.3,35.2438,-82.7265
Old Jefferson,854.6,30.3776,-91.006
Tuttle,102.0,35.3068,-97.7564
Magalia,214.3,39.8228,-121.6078
Half Moon,404.8,34.8297,-77.4591
Palmyra,1560.1,40.3099,-76.5943
Webster City,326.0,42.4622,-93.8168
Wildewood,1060.8,38.3035,-76.547
Dry Run,630.3,39.1049,-84.3312
Etowah,169.7,35.3061,-82.5902
Lake Dallas,1234.3,33.1279,-97.0234
Eden Isle,984.2,30.2268,-89.8043
South Cleveland,212.7,35.1096,-84.9097
Bradford,898.1,41.9605,-78.6412
Bonner Springs,191.1,39.0817,-94.8776
Baldwinsville,935.9,43.1578,-76.3325
Jennings Lodge,1878.1,45.3927,-122.6152
Ancient Oaks,1231.5,40.536,-75.5852
Manhasset,1251.4,40.7884,-73.6943
Sky Lake,2365.6,28.4611,-81.3913
Kill Devil Hills,532.0,36.0167,-75.6699
Acton,75.9,34.4956,-118.1858
Mount Horeb,918.2,43.006,-89.7316
Ripley,231.5,35.7449,-89.5358
Earlimart,1026.1,35.8914,-119.2721
Fanwood,2223.3,40.6417,-74.3857
St. Johns,706.7,43.0006,-84.5554
Hudsonville,722.9,42.8632,-85.8627
Dunellen,2802.8,40.5903,-74.4656
Brigantine,455.9,39.4138,-74.3787
Ruidoso,184.3,33.3646,-105.6434
Fairlawn,650.4,41.1271,-81.6216
Homestead Meadows South,809.9,31.811,-106.1643
Boonville,358.4,38.9587,-92.7472
Floresville,385.5,29.1451,-98.1651
Inverness,368.2,28.8416,-82.3418
Seward,673.2,40.9099,-97.0957
Ludington,880.6,43.9573,-86.4434
Thousand Palms,125.2,33.815,-116.3545
Gold River,1112.8,38.6268,-121.2488
Woodlake,1036.8,36.4122,-119.1
Canfield,578.8,41.0291,-80.7698
Nibley,650.4,41.6726,-111.8461
Beacon Square,1458.7,28.2118,-82.7504
Utuado,1617.4,18.27,-66.7048
Ilion,1182.7,43.0114,-75.0396
Catoosa,246.8,36.1834,-95.768
Lamar,564.6,38.074,-102.6154
Hales Corners,922.6,42.9409,-88.0491
Pittston,1921.8,41.3272,-75.7888
Mystic Island,424.9,39.5659,-74.3831
Westmere,927.9,42.6884,-73.8744
Farmville,383.0,37.2959,-78.4002
Albion,666.1,42.2478,-84.7572
Kenton,588.2,40.6449,-83.6093
Port Jefferson Station,1111.8,40.9259,-73.0652
Clear Lake,272.3,43.1347,-93.374
Hubbard,728.4,41.1595,-80.5672
Hewlett,3331.8,40.6422,-73.6942
Decorah,405.0,43.3012,-91.7839
Madras,359.4,44.6483,-121.139
Baywood,1279.9,40.7533,-73.2899
Ojai,671.5,34.4488,-119.2469
Ellwood City,1258.5,40.8619,-80.2829
Dade City,385.3,28.3565,-82.1942
Southwest Ranches,225.2,26.0476,-80.3751
Lander,620.6,42.8312,-108.7599
Kenai,100.2,60.5619,-151.1985
Freeland,443.2,43.5198,-84.1124
Swainsboro,232.1,32.5866,-82.3345
Pikeville,140.6,37.4806,-82.5262
Macclenny,622.8,30.2809,-82.1253
Laurel Hill,657.5,38.7026,-77.2422
Fort Scott,522.2,37.8283,-94.7038
Mount Sterling,648.4,38.0648,-83.9472
Northridge,951.1,39.9971,-83.777
Blandon,656.5,40.4447,-75.8799
Gresham Park,1037.5,33.7053,-84.3155
Hughson,1527.3,37.602,-120.866
Monahans,100.6,31.6289,-103.0403
Chehalis,501.0,46.6638,-122.965
Loughman,837.1,28.238,-81.5686
Cotati,1551.7,38.3278,-122.7092
Umatilla,573.1,45.9119,-119.3133
New Cumberland,1736.3,40.2297,-76.8764
California Polytechnic State University,1890.1,35.3053,-120.6655
River Oaks,1430.3,32.7767,-97.3985
Longboat Key,711.2,27.3926,-82.6341
North Springfield,1900.2,38.8023,-77.2027
Williston Park,4628.9,40.7587,-73.6465
Iron Mountain,384.4,45.8275,-88.0599
Lampasas,392.1,31.064,-98.1824
Camp Swift,239.9,30.1885,-97.2933
Great Neck Plaza,5918.8,40.7869,-73.7262
Breaux Bridge,375.2,30.2829,-91.9043
North Riverside,1760.7,41.8461,-87.8263
Meraux,697.4,29.9284,-89.9179
Tell City,637.9,37.9529,-86.7595
Haddon Heights,1845.9,39.8792,-75.0645
Hitchcock,47.8,29.2949,-95.03
Mechanicstown,862.3,41.4472,-74.3914
Inverness Highlands South,514.9,28.8007,-82.3371
Pocahontas,375.1,36.2635,-90.9706
Lockwood,224.5,45.8199,-108.4072
Thompsonville,1417.6,41.9915,-72.5965
Reserve,198.1,30.0741,-90.5557
Viola,1043.4,41.1288,-74.0855
Nyack,3745.7,41.0919,-73.9143
Wickenburg,106.9,33.9837,-112.7669
Sebastopol,1531.5,38.4001,-122.8275
Creston,555.6,41.0598,-94.365
Luquillo,2712.6,18.3719,-65.7221
Winters,980.5,38.532,-121.9781
Forestbrook,783.8,33.7242,-78.9677
Dubois,893.6,41.1223,-78.7565
Mantua,1214.3,38.8526,-77.2571
Prairie Grove,308.2,35.9858,-94.3049
Alamo Heights,1561.1,29.4828,-98.4682
Old Town,74.0,44.9491,-68.7249
Welcome,622.6,34.8203,-82.46
Jerseyville,547.9,39.1176,-90.327
Kimberly,1249.0,44.267,-88.3378
Trumann,490.3,35.677,-90.5259
Montevallo,222.7,33.1246,-86.8477
Escalon,1259.3,37.7912,-120.9982
Caribou,36.2,46.8662,-67.992
Belen,150.7,34.7115,-106.7986
South Apopka,1353.9,28.657,-81.5058
Red Chute,310.6,32.5732,-93.6059
Page,74.9,36.9426,-111.5071
Mascotte,222.0,28.611,-81.9106
Belle Plaine,478.5,44.6196,-93.7606
Hudson Falls,1535.1,43.3042,-73.5819
Bloomfield,153.9,36.7401,-107.9734
Crookston,557.6,47.7747,-96.6062
Wauseon,536.1,41.5532,-84.141
Villa Hills,790.4,39.0656,-84.5949
Gridley,1282.5,39.3622,-121.6971
Oroville East,131.8,39.4947,-121.4866
Bremen,266.3,33.7085,-85.1495
Mccook,520.6,40.2046,-100.6216
Cos Cob,1319.3,41.0513,-73.5934
Archbald,166.0,41.5077,-75.5453
Pea Ridge,352.8,36.4495,-94.1218
King,458.8,36.2769,-80.3566
Bellbrook,904.4,39.6383,-84.0864
Dunbar,1011.4,38.3688,-81.7345
Highlands,580.5,29.813,-95.0577
Scottsburg,511.4,38.6853,-85.7831
Lakes Of The Four Seasons,1243.9,41.4074,-87.2202
Noble,222.0,35.1381,-97.3695
Briarcliff Manor,472.2,41.14,-73.8438
Indian River Estates,512.6,27.3564,-80.2983
Charles City,461.6,43.0646,-92.6745
La Follette,574.2,36.3718,-84.1256
Cedarhurst,4180.3,40.6252,-73.7278
Cherry Valley,351.9,33.9797,-116.9694
Mira Monte,585.5,34.4312,-119.2878
Cullowhee,740.2,35.3097,-83.1816
Pacific,409.6,38.4809,-90.754
Willow Oak,903.5,27.9216,-82.0244
Taneytown,838.4,39.6569,-77.1683
Nebraska City,565.7,40.6762,-95.8613
Elkins Park,1615.5,40.0775,-75.128
Mims,164.7,28.6929,-80.8468
Flatwoods,789.8,38.521,-82.7196
East Shoreham,520.5,40.946,-72.8811
Shields,356.6,43.4211,-84.0747
Walled Lake,1271.9,42.5379,-83.4786
West Samoset,2085.3,27.4702,-82.5552
St. Rose,425.0,29.9649,-90.3088
Rumson,553.6,40.3626,-74.0046
Yorketown,1174.7,40.3064,-74.3385
Emerson,1257.0,40.9748,-74.024
Makawao,790.8,20.848,-156.319
Scotia,1660.6,42.8321,-73.9607
Clewiston,622.5,26.7529,-80.9399
Marble Falls,169.9,30.5649,-98.2768
Whitinsville,768.5,42.1146,-71.6688
Riverdale Park,1762.9,38.9643,-76.9266
Ladera Heights,943.9,33.9972,-118.374
East Hills,1228.0,40.7958,-73.6292
Lacy-Lakeview,642.7,31.6292,-97.1052
Southeast Arcadia,386.9,27.1862,-81.8521
Lake Hallie,196.6,44.8921,-91.4199
Ridley Park,2592.9,39.8785,-75.3251
North Patchogue,1417.4,40.7833,-73.0234
Arroyo,2006.5,17.9706,-66.0598
Tolleson,487.1,33.4484,-112.256
Mammoth Lakes,112.3,37.6273,-118.99
Mansfield Center,1013.2,42.0225,-71.218
Globe,153.4,33.387,-110.7513
Basehor,390.7,39.1332,-94.9333
Taft,182.7,35.1268,-119.4243
Souderton,2484.2,40.311,-75.3224
North Vernon,363.0,39.0171,-85.6317
Mills River,124.5,35.3853,-82.5854
La Junta,871.1,37.9791,-103.5471
Lake Lorraine,1351.1,30.4407,-86.5657
Sound Beach,1700.2,40.9578,-72.9725
Glenolden,2854.8,39.8996,-75.2919
Neptune Beach,1189.5,30.3165,-81.4118
San Martin,239.6,37.0829,-121.5963
Dahlonega,312.9,34.5311,-83.9804
Delafield,295.1,43.072,-88.3913
Belterra,1183.9,30.1885,-97.9845
Pike Creek,1031.7,39.7488,-75.695
Mead,381.9,47.7795,-117.35
Wetumpka,250.4,32.5406,-86.2053
Hiawatha,581.7,42.0547,-91.6911
South Haven,1219.6,41.5438,-87.1367
Sausalito,1569.6,37.8581,-122.4933
Highgrove,859.7,34.0106,-117.3098
Strasburg,679.3,38.9961,-78.3549
Keyport,2001.2,40.4328,-74.2011
Connerton,213.5,28.3022,-82.4624
Wescosville,1015.7,40.5617,-75.5489
West Frankfort,554.3,37.8997,-88.9301
Rapid Valley,430.9,44.0674,-103.1223
Brockport,1270.2,43.2137,-77.9404
Millsboro,538.1,38.5892,-75.3089
Withamsville,882.7,39.0628,-84.2808
Piñon Hills,85.9,34.4437,-117.6214
Rayne,721.5,30.2403,-92.2668
Clarkston Heights-Vineland,238.8,46.377,-117.092
Wailua Homesteads,377.1,22.065,-159.3771
Dacula,528.1,33.9815,-83.8952
Floris,993.0,38.9347,-77.4084
Kentfield,909.3,37.9481,-122.5497
Clover Creek,425.3,47.1404,-122.3827
Contra Costa Centre,4321.9,37.926,-122.054
Marengo,309.0,42.2299,-88.6163
Sandwich,580.5,41.6497,-88.6179
Mentor-On-The-Lake,1703.4,41.7132,-81.3647
Porters Neck,506.8,34.2942,-77.7695
Grove,288.6,36.5928,-94.7877
Heber Springs,301.5,35.4995,-92.0292
Oceano,1783.7,35.1019,-120.6088
Milton-Freewater,1349.3,45.934,-118.3909
River Rouge,1026.3,42.2731,-83.1245
Lionville,1105.9,40.0524,-75.644
Fircrest,1726.9,47.2307,-122.5157
West Miami,3854.2,25.7578,-80.2969
Ocean Shores,320.8,46.9684,-124.152
Winsted,559.6,41.9262,-73.0675
South Monrovia Island,4982.0,34.1234,-117.9958
Mecca,394.7,33.5767,-116.0645
Waveland,321.3,30.293,-89.3905
Delphos,820.9,40.8465,-84.3368
San Isidro,3636.9,18.3921,-65.8844
Alta Sierra,327.6,39.1237,-121.0523
Church Hill,288.8,36.5204,-82.7151
Lake Murray Of Richland,491.2,34.1209,-81.2653
Belle Isle,1129.1,28.4723,-81.3491
Addis,647.7,30.3652,-91.2658
"Islamorada, Village Of Islands",421.6,24.9407,-80.6098
Nappanee,551.2,41.4451,-85.994
Heathrow,989.8,28.7754,-81.3721
Richboro,620.0,40.2262,-75.0006
New Canaan,1752.6,41.142,-73.4905
Boyes Hot Springs,2560.1,38.3126,-122.4888
Waikoloa Village,172.2,19.9443,-155.8053
Woods Creek,193.3,47.8822,-121.8981
Frostburg,811.2,39.6506,-78.9269
Isanti,532.5,45.4925,-93.2408
Fort Pierce North,640.1,27.4736,-80.3595
Morrilton,307.1,35.1558,-92.7387
Atherton,540.4,37.454,-122.2031
Clover,572.3,35.1125,-81.2202
Sandston,274.4,37.512,-77.3149
Demopolis,152.5,32.498,-87.8298
Fort Bragg,936.0,39.4399,-123.8013
Spring Lake Park,1354.4,45.1161,-93.2451
Midland Park,1719.7,40.9952,-74.141
Kosciusko,358.1,33.0585,-89.5893
Milltown,1738.2,40.4504,-74.4351
Fair Plain,628.3,42.0823,-86.4516
Rockland,210.1,44.1274,-69.1369
Plymouth Meeting,690.6,40.1097,-75.2803
Youngtown,1813.7,33.5846,-112.3048
Robertsdale,390.0,30.5535,-87.7023
West Slope,1674.9,45.4962,-122.773
Belfast,79.2,44.4279,-69.0325
Staples,620.1,41.1508,-73.3283
Garnet,342.2,33.9179,-116.4796
Parkwood,1031.7,47.5266,-122.5986
Garden Home-Whitford,1737.4,45.4642,-122.7588
Mountainside,673.0,40.6811,-74.3601
Stratford,1712.4,39.829,-75.0156
Kasson,767.5,44.0333,-92.7479
Sudden Valley,628.3,48.7236,-122.3442
Ormond-By-The-Sea,1333.5,29.3437,-81.0677
Greenbrier,370.1,36.4243,-86.7975
Idabel,161.4,33.904,-94.8285
Stickney,1395.9,41.8183,-87.773
Natrona Heights,1245.5,40.6234,-79.7298
Homeland Park,569.4,34.4644,-82.6593
Nitro,501.4,38.4117,-81.8193
Hutchison,4880.8,38.9636,-77.411
Manorhaven,5702.5,40.8399,-73.7127
Sealy,228.4,29.7662,-96.163
Mount Healthy,1790.0,39.2338,-84.5468
Fowler,1014.6,36.6243,-119.6737
Lecanto,99.3,28.8359,-82.488
Orlovista,1455.2,28.5441,-81.4629
Morehead,276.3,38.1906,-83.4466
Tamaqua,279.5,40.8033,-75.9344
Binghamton University,3445.8,42.0893,-75.9684
Harrisville,891.2,41.2852,-111.9859
Ewa Villages,2368.7,21.3417,-158.0389
Whitemarsh Island,459.3,32.0304,-81.0109
Aquia Harbour,938.6,38.4598,-77.3806
Connellsville,1223.5,40.0161,-79.5893
Kirtland,160.1,41.5969,-81.3406
Ambridge,1794.4,40.5921,-80.2265
Catalina,188.6,32.4848,-110.8997
Wollochet,457.0,47.2828,-122.5768
Old Greenwich,1335.9,41.0254,-73.5692
Tellico Village,357.4,35.6984,-84.2641
Radisson,589.7,43.1824,-76.2988
Lincroft,477.3,40.3391,-74.1282
Napili-Honokowai,1025.2,20.9767,-156.6646
Mount Carmel,553.3,38.4187,-87.7695
Shamokin,3224.0,40.7881,-76.555
Huntingdon,734.8,40.5,-78.0097
Lacombe,100.5,30.3141,-89.931
Silsbee,345.9,30.3456,-94.1764
Sappington,1110.1,38.526,-90.373
Roslyn Heights,1800.6,40.7788,-73.6396
Taylor Mill,434.5,39.0092,-84.4988
Elkins,718.4,38.9237,-79.8541
Walden,1320.6,41.5603,-74.1879
Litchfield Park,809.0,33.5024,-112.3588
Castroville,2596.7,36.7649,-121.7534
Mexia,368.4,31.6809,-96.4833
Aspen,685.9,39.1951,-106.8369
Chesterland,188.9,41.5269,-81.3545
Port Labelle,246.4,26.7565,-81.3827
Charles Town,451.2,39.2746,-77.8631
Lanett,424.2,32.8577,-85.2078
Maple Glen,848.1,40.1778,-75.1793
Ben Lomond,316.0,37.0782,-122.0881
Calumet Park,2362.6,41.665,-87.6577
Darnestown,161.1,39.0969,-77.3033
Unionville,90.1,35.0716,-80.5173
Ave Maria,250.0,26.3218,-81.4397
Monessen,912.8,40.1519,-79.8828
Thomson,549.3,33.4679,-82.4968
Ambler,3090.7,40.1564,-75.2215
Tanglewilde,2027.4,47.0512,-122.7809
Clifton Heights,4178.1,39.9301,-75.2958
La Feria,599.7,26.1544,-97.8255
St. Augustine Beach,1236.9,29.8415,-81.2713
Valley Park,584.0,38.5513,-90.4923
Byron Center,517.8,42.8121,-85.7279
Marianna,141.4,30.7943,-85.2259
Litchfield,293.7,39.1954,-89.63
Loomis,363.7,38.8093,-121.1955
Osceola,229.5,35.6942,-89.9934
Pepper Pike,369.1,41.48,-81.462
Murphysboro,500.6,37.7678,-89.3324
Lake Alfred,125.1,28.1041,-81.7264
Roeland Park,1620.5,39.0359,-94.6374
Columbiana,429.9,40.8872,-80.6757
Bennettsville,424.9,34.6303,-79.6875
Bowleys Quarters,834.1,39.3198,-76.3856
Vandenberg Village,497.7,34.7111,-120.4622
Spotsylvania Courthouse,244.4,38.1993,-77.5892
Donaldsonville,694.1,30.0954,-90.9925
Sturtevant,638.5,42.6995,-87.9019
Satsuma,356.4,30.8578,-88.0631
University At Buffalo,1937.9,43.0025,-78.7887
Chesnut Hill,862.6,40.7236,-75.2074
Atlantic,315.5,41.3958,-95.0136
Bonne Terre,642.8,37.9209,-90.5425
Belle Mead,648.7,40.4684,-74.6559
South Monroe,1076.5,41.8927,-83.4186
Tehaleh,298.9,47.1165,-122.1824
Joshua Tree,72.4,34.1236,-116.3128
Orland Hills,2279.4,41.5905,-87.8414
Notre Dame,2206.3,41.7014,-86.2378
Stewartville,776.2,43.8606,-92.4896
Opp,110.2,31.2848,-86.257
Lake Mathews,163.6,33.825,-117.3683
Folcroft,2091.9,39.8891,-75.277
Linglestown,680.8,40.3444,-76.7948
Fox Point,910.7,43.1581,-87.9013
Bayville,1789.0,40.9076,-73.5602
Eldridge,266.8,41.639,-90.5809
Ross,459.2,41.5267,-87.3748
Nuevo,384.3,33.8011,-117.1414
North Syracuse,1307.4,43.1339,-76.1304
South Patrick Shores,1716.4,28.202,-80.6137
Vine Grove,377.9,37.8134,-85.9828
Purcell,170.7,35.0231,-97.3757
South Run,1025.4,38.7467,-77.2754
Gunnison,534.5,38.548,-106.9246
Oakmont,1636.5,40.52,-79.8365
Liberty Hill,558.8,30.6638,-97.9063
Jordan,713.4,44.6648,-93.6351
Tappan,938.8,41.027,-73.952
Eastwood,1308.6,42.3027,-85.5447
Air Force Academy,259.0,38.9942,-104.8639
Nephi,472.5,39.7069,-111.8326
Moapa Valley,59.2,36.6078,-114.4566
Galax,314.0,36.666,-80.9176
Willis,546.0,30.4314,-95.4831
Heathcote,823.8,40.3878,-74.578
Cochituate,678.0,42.329,-71.3576
Steilacoom,1283.0,47.1703,-122.5933
Plattsmouth,777.7,41.0054,-95.894
Edgemoor,1342.7,39.7547,-75.5069
Lutherville,1218.4,39.424,-76.6177
Kahaluu-Keauhou,321.7,19.5669,-155.9533
Raleigh Hills,1696.5,45.4851,-122.7567
Belpre,738.8,39.2815,-81.5972
Carolina Beach,1049.5,34.0396,-77.8966
Green Knoll,555.1,40.6047,-74.6147
Winthrop Harbor,553.1,42.4805,-87.8293
Blakely,674.5,41.486,-75.6012
Normandy Park,1034.4,47.4342,-122.3436
Gurabo,2135.4,18.2528,-65.9785
Ellettsville,491.5,39.2322,-86.6232
Forest Glen,2560.3,39.019,-77.0447
Bridgewater,1018.5,38.3862,-78.9674
Lackland Afb,606.3,29.3866,-98.6179
Homeacre-Lyndora,386.4,40.8721,-79.9211
Indiantown,181.0,27.0376,-80.491
Thermalito,202.2,39.4909,-121.615
Stone Mountain,1552.5,33.8035,-84.1723
Aubrey,691.5,33.2874,-96.9622
Hebron,399.2,39.0626,-84.709
Burnet,243.9,30.7496,-98.2383
Harvest,207.3,34.8558,-86.752
North Caldwell,833.4,40.8629,-74.2576
Rancho Calaveras,256.1,38.1248,-120.857
Jamul,151.8,32.7184,-116.8709
Green Hill,735.2,36.2349,-86.5733
Buena Vista,396.5,37.7319,-79.3568
Black Jack,986.2,38.7993,-90.264
Dunlap,519.5,41.6346,-85.9235
Orchard Mesa,700.3,39.0363,-108.5166
Strathmore,1293.2,40.4018,-74.2194
Belle Haven,1284.2,38.7775,-77.0574
Solvay,1574.4,43.0571,-76.2123
Hapeville,1069.3,33.6609,-84.4093
Northgate,1006.5,39.2533,-84.5941
West View,2516.2,40.5182,-80.0333
Upper Sandusky,376.3,40.8298,-83.2721
Geneseo,538.8,41.4509,-90.154
Pelican Bay,861.5,26.2327,-81.8108
Iowa Park,595.1,33.9622,-98.6819
Wailea,340.8,20.6873,-156.4291
St. Gabriel,85.5,30.2536,-91.1013
Treasure Island,1640.5,27.774,-82.7663
Olivarez,687.9,26.2285,-97.9931
Howland Center,626.0,41.2482,-80.7443
Amory,202.2,33.9814,-88.4823
Galliano,227.4,29.447,-90.3096
Pratt,327.9,37.6765,-98.7451
Kula,73.3,20.7706,-156.3284
Valley City,589.0,46.9222,-98.0055
South Lebanon,735.2,39.3672,-84.2205
Calipatria,678.6,33.1493,-115.5055
Ramblewood,744.8,39.9322,-74.9527
Marvin,420.5,34.9889,-80.8033
Larchmont,2305.1,40.9258,-73.7531
Irvington,905.3,41.0349,-73.866
Garrett,606.2,41.3527,-85.1237
Bronxville,2596.2,40.9395,-73.8265
Pecan Plantation,340.1,32.3628,-97.6553
Kathleen,350.4,28.1224,-82.0387
Swarthmore,1799.4,39.9023,-75.3488
Desert Palms,941.5,33.7789,-116.293
Gulf Breeze,537.7,30.3684,-87.1737
Morrow,720.9,33.5815,-84.3391
Schuyler,920.1,41.4497,-97.062
North Sea,227.6,40.933,-72.4047
Gulf Park Estates,947.8,30.3802,-88.7581
Union Gap,450.8,46.5566,-120.4979
Byron,806.8,44.0378,-92.6409
West Hattiesburg,1041.3,31.3114,-89.374
Brier,1143.8,47.7924,-122.2734
Huntingburg,496.9,38.301,-86.9622
Moraine,270.5,39.6983,-84.2458
Gananda,689.8,43.1274,-77.3361
Red Lion,1910.2,39.8986,-76.6078
Catasauqua,1940.0,40.6531,-75.4643
Hazardville,441.2,41.9921,-72.5344
Latimer,153.5,30.4974,-88.8607
Taos,412.8,36.3871,-105.5803
East Flat Rock,594.3,35.2802,-82.4171
Munford,263.1,35.4434,-89.8147
De Soto,568.5,38.141,-90.5609
Blue Bell,462.1,40.1474,-75.2687
Ralston,1522.9,41.2005,-96.0355
West Loch Estate,3772.5,21.3617,-158.0246
Thurmont,798.0,39.621,-77.4076
Colusa,570.0,39.2059,-122.0125
Leitchfield,230.9,37.4863,-86.2856
Clemson University,1173.5,34.675,-82.8344
Eatonton,121.1,33.3258,-83.3886
Watchung,412.6,40.6431,-74.4391
Chesapeake Beach,921.7,38.6881,-76.5448
Elm Grove,761.0,43.048,-88.0867
Canutillo,902.9,31.9185,-106.6006
Dacono,267.1,40.0623,-104.9476
Willard,409.7,37.2931,-93.4171
River Park,1053.3,27.3214,-80.3308
East Falmouth,455.6,41.5708,-70.5556
Wheelersburg,426.7,38.7383,-82.842
Cynthiana,543.6,38.386,-84.2992
Zimmerman,657.2,45.4416,-93.598
Ramtown,1143.9,40.1145,-74.1492
Gun Barrel City,395.6,32.3277,-96.1286
Dillon,465.8,34.4233,-79.3689
Fruitland,912.3,44.0197,-116.922
Johnson Lane,113.1,39.0489,-119.7245
Braddock,387.7,38.8308,-77.3565
Sanibel,152.7,26.4534,-82.1023
Prospect Park,3378.0,39.8859,-75.3075
Volo,599.1,42.3299,-88.1598
High Springs,107.3,29.807,-82.5955
Stratmoor,933.4,38.7731,-104.7786
Camino Tassajara,1934.9,37.7909,-121.8851
Pimmit Hills,1664.6,38.9105,-77.1991
Lake Mills,590.0,43.0775,-88.9055
Lindale,398.9,32.4933,-95.4069
Ranchettes,50.6,41.2186,-104.7729
Harrah,188.7,35.4786,-97.1873
Johnsburg,339.3,42.383,-88.2476
Nolanville,504.1,31.0754,-97.609
Ward,543.1,35.0117,-91.9577
Chickasaw,585.8,30.7715,-88.0793
Cherry Hills Village,396.1,39.6375,-104.948
Avra Valley,109.8,32.4195,-111.3393
Fountainhead-Orchard Hills,556.4,39.6878,-77.7173
Salida Del Sol Estates,1043.6,26.3257,-98.4469
Sullivan,300.9,38.2129,-91.1637
Penitas,262.0,26.2577,-98.4407
Walkersville,514.9,39.4832,-77.3559
Snowflake,72.7,34.5225,-110.0913
Pigeon Forge,177.3,35.7977,-83.5623
East End,122.1,34.5554,-92.3261
Carlstadt,620.5,40.8247,-74.0613
El Rio,1215.2,34.2453,-119.1568
Village Of Oak Creek,465.7,34.7813,-111.7606
Rochester Institute Of Technology,1235.1,43.0827,-77.6715
Tea,646.4,43.4564,-96.8257
Lucas Valley-Marinwood,426.5,38.0405,-122.5765
Shrewsbury,1695.2,38.5866,-90.3282
Simsbury Center,535.4,41.8808,-72.8111
West Yarmouth,365.0,41.6496,-70.2487
Clyde,465.0,41.3044,-82.9781
Huntington Woods,1639.1,42.4816,-83.1685
Dripping Springs,276.9,30.196,-98.0938
Glenarden,2043.0,38.9294,-76.8577
Crockett,275.6,31.3177,-95.4564
Hilmar-Irwin,621.1,37.4045,-120.8504
Lyman,365.4,34.9667,-82.1232
Rossford,471.3,41.5812,-83.5682
Waupaca,307.9,44.3506,-89.0719
Bethel,54.1,60.7928,-161.7917
Leisure Village,1867.5,40.0445,-74.1852
Covedale,861.0,39.1267,-84.637
Ville Platte,605.5,30.6901,-92.2746
Champion Heights,290.7,41.3031,-80.8514
Cold Spring,512.3,39.013,-84.435
Gladewater,210.2,32.5426,-94.9465
Obetz,417.1,39.8671,-82.9451
Defuniak Springs,170.8,30.7123,-86.1208
Manistee,738.9,44.2439,-86.3242
Talent,1814.1,42.2404,-122.7807
Steelton,1276.6,40.2258,-76.8253
Yardville,594.0,40.1849,-74.6604
East Rochester,1839.0,43.1122,-77.4869
Vero Lake Estates,716.3,27.7471,-80.5283
Adel,448.2,41.6101,-94.0124
Pembroke Park,1690.8,25.9852,-80.1777
Briar,118.8,32.9882,-97.5526
Kingston Estates,2083.4,39.9188,-74.9898
Salton City,112.5,33.2994,-115.9609
Silver Lake,977.3,34.1409,-77.9089
Crystal City,656.9,28.6908,-99.8258
Willows,849.5,39.5149,-122.1995
Loudon,190.4,35.7414,-84.3701
Brookville,587.3,39.8393,-84.4176
Fairfield Plantation,588.1,33.6457,-84.9254
Penn Wynne,2258.8,39.9867,-75.2715
Centerport,1085.7,40.8951,-73.3704
South Williamsport,1263.9,41.2294,-77.0009
Morris Plains,939.5,40.8356,-74.4786
Paulsboro,1246.5,39.84,-75.2397
Prosser,464.2,46.2068,-119.7663
Roseland,662.9,40.8208,-74.3086
Gleneagle,1028.8,39.0453,-104.8288
Boiling Spring Lakes,99.5,34.0327,-78.0685
East Kapolei,656.4,21.3633,-158.041
Portage Lakes,604.6,41.0034,-81.5347
Wilton,82.5,38.413,-121.2127
Bridgewater Center,410.2,40.6037,-74.6445
Martins Ferry,1026.7,40.1014,-80.7253
Exton,764.6,40.0307,-75.6303
Wolfforth,491.5,33.5147,-102.0067
Rushville,696.1,39.6171,-85.4463
Fair Haven,1497.9,40.3618,-74.0392
Crescent City,1215.5,41.7728,-124.1902
Old Bethpage,572.9,40.7558,-73.4545
Mays Landing,422.7,39.4506,-74.7098
Aztec,139.8,36.8225,-107.971
South Valley Stream,2742.1,40.6558,-73.7185
Braidwood,450.2,41.2695,-88.2235
Ishpeming,272.4,46.4862,-87.6658
Slinger,433.9,43.3317,-88.2798
Lake Fenton,431.8,42.8453,-83.7086
Bulverde,150.5,29.7744,-98.4364
North Scituate,634.4,42.2121,-70.7652
Doolittle,570.8,26.3597,-98.1167
Corry,396.9,41.9259,-79.6358
Northford,297.9,41.3949,-72.7826
Lauderdale-By-The-Sea,2712.3,26.1991,-80.0971
Rupert,1154.7,42.6189,-113.674
Quebradillas,1247.6,18.4724,-66.935
Cherryville,409.4,35.3844,-81.3781
Wesley Hills,708.4,41.1578,-74.0768
Marlow Heights,1167.2,38.8237,-76.9484
Snyderville,218.3,40.7041,-111.5434
Palmer,467.4,61.5971,-149.1148
Yaphank,173.8,40.8323,-72.9233
Churchville,739.8,40.1922,-74.9982
Plaquemine,810.5,30.2833,-91.243
Rib Mountain,96.5,44.9195,-89.6757
Zuni Pueblo,187.6,35.0693,-108.8558
South Lakes,303.5,61.5874,-149.316
Pontoon Beach,237.4,38.7208,-90.0609
Branford Center,1267.5,41.278,-72.8148
Oceanport,746.1,40.316,-74.0205
Laurence Harbor,802.5,40.4489,-74.2494
Darlington,502.1,34.3015,-79.867
Packanack Lake,1271.3,40.9382,-74.2564
Tallulah,849.6,32.4068,-91.1916
Aptos,359.5,36.9912,-121.8934
Paoli,1173.6,40.042,-75.4912
Potomac Mills,556.2,38.6554,-77.3
Hellertown,1801.2,40.5812,-75.3378
Gustine,1256.6,37.2545,-120.9949
Tequesta,1289.6,26.9618,-80.1011
Williamson,40.6,34.7082,-112.5343
Cheverly,1793.3,38.9254,-76.9141
Maquoketa,521.8,42.059,-90.6649
Clairton,851.2,40.2976,-79.8854
North Hobbs,90.6,32.7731,-103.125
Woodcliff Lake,697.3,41.0253,-74.0604
Gas City,468.3,40.4887,-85.5944
Little Silver,867.9,40.3357,-74.0346
Kennett Square,2209.4,39.8438,-75.7113
Battlefield,917.0,37.1194,-93.3683
Blackwell,421.3,36.8013,-97.3009
Briar Chapel,1123.8,35.8241,-79.1168
Northville,1151.2,42.4355,-83.489
De Queen,387.2,34.0426,-94.342
Mount Zion,551.2,39.7793,-88.8834
Barnesville,386.8,33.0508,-84.1528
Newtown Grant,1262.0,40.2619,-74.9481
Inniswold,1045.3,30.3982,-91.071
Everman,1328.8,32.6296,-97.2827
Homeland,547.9,33.7459,-117.1132
Puerto Real,1957.2,18.0767,-67.1858
Jonesborough,428.4,36.2959,-82.4766
Pollock Pines,271.1,38.7575,-120.5921
Elburn,623.2,41.8852,-88.4606
Schriever,163.9,29.7333,-90.831
Cheshire Village,583.6,41.5041,-72.8969
The Village Of Indian Hill,120.3,39.1916,-84.3345
Beardstown,637.9,39.9993,-90.4178
Gardiner,148.9,44.191,-69.7921
Swannanoa,366.0,35.6009,-82.3917
Moores Mill,171.6,34.8491,-86.5222
Cambria,276.9,35.552,-121.0838
Three Oaks,1344.1,26.4724,-81.7959
Pevely,460.8,38.2867,-90.3988
Fruit Heights,1009.5,41.0277,-111.9082
Barnhart,470.2,38.336,-90.4046
Eudora,715.7,38.9345,-95.0956
Oreland,1544.2,40.115,-75.1803
Solvang,960.6,34.5935,-120.1401
Rittman,369.9,40.9736,-81.785
Nazareth,1469.1,40.74,-75.3131
Pauls Valley,279.7,34.7231,-97.2281
Wilmore,467.8,37.8786,-84.6545
Massanetta Springs,490.0,38.3899,-78.834
Truth Or Consequences,83.1,33.1864,-107.2589
Dickson City,484.9,41.4684,-75.6358
Bellefonte,1260.7,40.9141,-77.7683
Elmwood,616.1,29.9554,-90.1879
Harriman,221.4,35.9307,-84.5602
Pine Brook,734.2,40.8676,-74.3438
Watford City,260.5,47.8027,-103.2678
Tarrant,364.6,33.5945,-86.7685
Raton,291.6,36.8849,-104.4396
Las Flores,920.9,33.584,-117.6237
Erwin,561.5,36.1456,-82.4115
Mocksville,293.3,35.9007,-80.5631
Hamlet,439.8,34.8892,-79.7099
Port Clinton,1087.2,41.5094,-82.9385
Gilbertsville,691.6,40.3219,-75.609
East Aurora,922.1,42.7667,-78.6172
West Concord,685.8,42.4517,-71.4035
Crafton,2026.3,40.4333,-80.0712
Daniels Farm,474.6,41.2778,-73.2022
Edna,559.8,28.9757,-96.6483
Hockinson,167.9,45.7302,-122.4833
Maize,230.0,37.7749,-97.462
Hilton,1294.7,43.29,-77.7925
North Fort Lewis,392.3,47.1222,-122.5962
Homestead Meadows North,148.3,31.8483,-106.1707
Oak View,678.2,34.403,-119.299
Country Homes,1382.5,47.7479,-117.4199
Mattydale,1201.8,43.0992,-76.1388
Sharon Hill,2991.1,39.9075,-75.2679
Eucalyptus Hills,484.9,32.885,-116.9453
Santa Teresa,260.6,31.8701,-106.6714
Holly,814.3,42.7987,-83.622
Finderne,563.3,40.5626,-74.5743
Fort Myers Shores,1110.5,26.7135,-81.7384
Childress,278.8,34.4293,-100.2516
Mcrae-Helena,357.5,32.0636,-82.8968
Moosic,354.7,41.3584,-75.7027
Fort Shawnee,241.7,40.6814,-84.1487
Asbury,722.7,42.512,-90.7802
Belding,486.3,43.0968,-85.2331
Doney Park,110.7,35.2656,-111.519
Montrose-Ghent,244.3,41.1538,-81.6437
Lucerne Valley,21.7,34.4427,-116.9021
Stokesdale,120.5,36.2318,-79.9834
Pass Christian,278.6,30.327,-89.2436
Larose,210.9,29.5669,-90.3751
Carver,480.9,44.7648,-93.6537
Barbecue,404.0,35.336,-79.0386
Bangor Base,206.2,47.7226,-122.7144
Chena Ridge,62.8,64.7941,-148.0357
Cidra,2050.0,18.1776,-66.158
Schlusser,664.6,40.2433,-77.1802
Edgerton,549.9,42.8385,-89.0699
West Bountiful,690.4,40.8984,-111.9082
Groveport,262.3,39.8586,-82.8978
Granville,475.0,40.0646,-82.5024
Holdenville,455.1,35.0838,-96.4017
Manasquan,1655.2,40.1186,-74.045
Enola,1418.6,40.2908,-76.9348
Mount Arlington,1063.7,40.919,-74.639
Hempstead,347.1,30.1006,-96.0777
Metropolis,378.3,37.1565,-88.7082
Stroudsburg,1320.4,40.9838,-75.1972
Hidden Valley Lake,231.8,38.8005,-122.5505
Old Tappan,686.6,41.0163,-73.9855
Krum,758.8,33.2655,-97.2252
Crawfordville,497.9,30.1996,-84.3634
District Heights,2625.1,38.8588,-76.8885
Wake Village,761.4,33.4238,-94.127
Littlefield,361.7,33.9192,-102.3348
Fort Wright,668.1,39.0463,-84.5362
Grayson Valley,1215.3,33.6467,-86.6417
Northchase,1319.5,34.3049,-77.8754
Estes Park,339.0,40.3699,-105.5217
Bonadelle Ranchos,251.8,36.9688,-119.8927
Oelwein,471.4,42.6715,-91.9131
Lakemoor,429.7,42.3396,-88.2039
Salamanca,378.6,42.1631,-78.7233
Wilmer,186.8,32.5983,-96.6815
Vauxhall,3853.0,40.7174,-74.2838
Venus,465.9,32.4317,-97.1018
Lakehills,74.8,29.6237,-98.9448
East Quogue,260.2,40.8489,-72.5785
Willow Springs,546.3,41.7333,-87.8859
Hightstown,1837.4,40.2686,-74.5253
Los Ranchos De Albuquerque,509.0,35.1625,-106.6482
Media,2970.4,39.9199,-75.3889
Spring Grove,250.2,42.4545,-88.2399
East Farmingdale,302.9,40.7367,-73.4114
Estherville,420.4,43.3997,-94.8342
Steele Creek,24.4,64.9295,-147.3955
Belmar,2165.4,40.1798,-74.0255
Swartz Creek,539.4,42.9631,-83.8251
Bartonville,280.8,40.6397,-89.6607
Harris Hill,559.4,42.973,-78.6793
Rincon Valley,88.8,32.1101,-110.6889
Petoskey,438.9,45.3649,-84.9888
Eagleton Village,747.4,35.7882,-83.9363
Lemoore Station,533.2,36.2633,-119.9048
Lake Bluff,552.6,42.2826,-87.851
Peoria Heights,903.7,40.7466,-89.57
Polk City,405.4,41.7779,-93.7134
Attalla,321.6,34.005,-86.1039
Mulvane,525.1,37.4789,-97.2724
Mckees Rocks,2130.6,40.4688,-80.063
Yarmouth Port,373.7,41.7091,-70.2225
Carterville,424.2,37.763,-89.0841
Starke,313.1,29.9474,-82.1129
Shady Hollow,1037.8,30.1645,-97.8631
Bensley,781.6,37.447,-77.442
Peculiar,247.7,38.7306,-94.4735
Windcrest,1044.4,29.515,-98.3818
Pleasure Point,2994.4,36.9619,-121.9715
Ulysses,695.1,37.5774,-101.3546
Shippensburg,1106.2,40.0484,-77.5227
Slaton,415.5,33.4421,-101.6476
Gardnerville,467.4,38.939,-119.7369
South Hooksett,332.6,43.0331,-71.4254
Ephraim,437.7,39.3563,-111.5845
Weiser,751.4,44.2547,-116.9689
Preston,328.0,42.0989,-111.8802
Jan Phyl Village,489.4,28.0201,-81.7933
Merion Station,1683.7,40.0035,-75.2501
Sierra View,420.7,41.0006,-75.4455
Lakeview,2235.4,40.6775,-73.6493
East Moriches,412.1,40.8085,-72.7573
Walkertown,333.8,36.1576,-80.1641
Bay Harbor Islands,5642.9,25.8877,-80.1334
Lochmoor Waterway Estates,933.3,26.6447,-81.9098
Osprey,427.7,27.1914,-82.48
Silver Lakes,427.1,34.7515,-117.343
Bear Valley Springs,57.5,35.174,-118.6532
Sherwood Manor,592.8,42.0101,-72.5667
Du Quoin,319.8,38.0019,-89.2323
Stafford Courthouse,554.8,38.4184,-77.4202
Cave Springs,288.3,36.2701,-94.2227
Bryn Mawr,2330.4,40.0208,-75.3161
Indian Hills,152.6,39.0894,-119.7977
Franklin Center,337.8,40.5321,-74.5415
Sultan,667.5,47.871,-121.8043
Zephyrhills West,846.9,28.2311,-82.2052
San Leon,468.3,29.4902,-94.9405
Jamesburg,2521.9,40.3493,-74.4399
Houghton Lake,206.9,44.3019,-84.7491
Ettrick,753.0,37.2435,-77.4287
Campbelltown,691.0,40.276,-76.5829
Paola,419.5,38.5788,-94.8617
Dos Palos,1647.5,36.9854,-120.6338
Deschutes River Woods,365.9,43.9887,-121.3608
East Hampton North,398.5,40.9728,-72.1892
Cottleville,468.5,38.7512,-90.6581
Homer,161.0,59.653,-151.5255
Dumfries,1446.1,38.567,-77.3233
Rutgers University-Busch Campus,1814.2,40.5214,-74.4654
Angier,482.6,35.5116,-78.7402
Eldorado At Santa Fe,106.8,35.5273,-105.934
New Holland,1141.2,40.1008,-76.09
Belle Fourche,246.3,44.664,-103.8564
Yabucoa,1705.9,18.0464,-65.8803
Tontitown,123.7,36.1642,-94.2457
Central City,418.0,37.2963,-87.128
Bright,176.6,39.2254,-84.8613
Finley,191.5,46.1697,-119.0447
East Alton,415.9,38.884,-90.1074
International Falls,325.3,48.5884,-93.4084
Washingtonville,870.6,41.4297,-74.1577
Union Beach,1239.5,40.4454,-74.1699
Spring Ridge,820.4,39.4043,-77.3405
Pontotoc,197.4,34.2531,-89.0091
Berryville,334.3,36.371,-93.5704
Hutchins,242.2,32.6421,-96.7093
Mckenzie,346.0,36.1372,-88.5077
Poolesville,560.3,39.1423,-77.4102
Holtville,102.0,32.6314,-86.3268
Wappingers Falls,1961.3,41.5984,-73.9181
Tonganoxie,541.0,39.1088,-95.0811
Saranap,1936.7,37.8878,-122.076
Zeeland,734.6,42.8139,-86.0129
Siesta Key,937.2,27.2779,-82.5516
Punxsutawney,652.5,40.9438,-78.9767
Elsa,1052.1,26.2978,-97.9936
Hartford City,565.5,40.4537,-85.3736
Genoa,845.6,42.0926,-88.6964
Lake Goodwin,390.5,48.1343,-122.2785
Benton Park,2925.3,35.3463,-119.0297
Kermit,866.0,31.854,-103.0924
Black Diamond,332.2,47.313,-122.0181
West Clarkston-Highland,780.5,46.4017,-117.0624
Dowagiac,492.2,41.9834,-86.1126
Fruitridge Pocket,3703.8,38.5326,-121.4558
Highland Lakes,583.7,33.3973,-86.6495
Sandersville,174.3,32.9827,-82.8089
East Harwich,273.0,41.7081,-70.0339
Moyock,209.8,36.5165,-76.1728
Bliss Corner,1093.2,41.6053,-70.9421
Offutt Afb,551.4,41.1207,-95.9209
Winston,792.1,43.1201,-123.4246
Tracyton,1139.6,47.6094,-122.6533
Selinsgrove,1193.0,40.8003,-76.8646
Kayenta,165.6,36.7144,-110.259
Yoakum,476.2,29.2934,-97.1468
Pelham Manor,1612.1,40.893,-73.8058
New Whiteland,1499.0,39.5617,-86.0994
Waimanalo,499.1,21.3421,-157.7303
North Windham,323.4,43.8233,-70.4293
West Modesto,1575.2,37.6178,-121.0346
Crosspointe,983.4,38.7253,-77.2638
Henryetta,317.5,35.4417,-95.9864
Chisago City,122.0,45.3473,-92.9116
Towaco,362.3,40.9263,-74.3451
Laurel Bay,521.7,32.4599,-80.7869
Anadarko,305.8,35.065,-98.2443
Hidden Valley,512.1,39.1672,-84.8444
Creswell,1266.0,43.9212,-123.016
Eastman,329.3,32.1973,-83.1714
Lavon,506.5,33.0252,-96.4381
Palmerton,873.8,40.8023,-75.616
Kings Point,645.3,40.8161,-73.7405
Rainsville,104.5,34.4938,-85.8436
Leesville,243.1,31.1324,-93.2673
Rancho Murieta,182.2,38.5085,-121.0716
Mena,311.7,34.5812,-94.2369
Dundee,193.7,28.0115,-81.5995
East Pasadena,1639.0,34.1378,-118.0776
Suncrest,218.9,47.8297,-117.6056
Ranson,266.3,39.325,-77.8667
Country Knolls,629.9,42.9085,-73.807
Hollidaysburg,923.2,40.4311,-78.393
St. Clair,733.0,42.8262,-82.493
East Port Orchard,1395.0,47.5194,-122.6183
Carlinville,638.9,39.2775,-89.8762
Belleview,533.9,29.0608,-82.0565
Williams,434.7,39.1498,-122.1389
White Rock,304.2,35.8075,-106.2067
Kaser,6246.0,41.1214,-74.0684
Laie,1605.7,21.6442,-157.9279
Wyndmoor,1306.3,40.0856,-75.1941
Lake Mohegan,744.4,41.3165,-73.8475
Surfside,3855.8,25.8787,-80.125
Leakesville,341.9,31.1497,-88.5557
Grosse Pointe,2021.8,42.3915,-82.9118
Monaca,1058.5,40.6833,-80.2736
Sylvester,326.7,31.53,-83.8338
New Burlington,628.9,39.2628,-84.5501
Mcswain,355.9,37.3145,-120.5868
Anamosa,849.5,42.1091,-91.2758
New Carlisle,799.1,39.9446,-84.0257
Chestertown,744.3,39.2182,-76.0714
Fort Myers Beach,770.1,26.4308,-81.9146
La Habra Heights,347.7,33.9603,-117.951
Morganville,395.3,40.3756,-74.2444
Dulles Town Center,890.8,39.0265,-77.4196
Pahokee,402.4,26.8202,-80.6621
Margaret,217.7,33.6734,-86.468
Philomath,1035.8,44.5423,-123.3599
Dewitt,343.5,41.8227,-90.5448
Somerdale,1535.3,39.8455,-75.0218
Rothschild,326.2,44.8761,-89.6173
Credit River,91.2,44.6744,-93.3791
Columbia Falls,935.7,48.3708,-114.1902
Locust,259.6,35.2688,-80.4369
Gray,185.8,29.678,-90.7831
Silver Springs,29.8,39.3826,-119.2148
Noroton,1181.1,41.0595,-73.4922
White Hall,301.7,34.2741,-92.1006
Sinton,416.3,28.0392,-97.5153
Walton,447.6,38.8645,-84.6122
Treasure Lake,168.5,41.1677,-78.7187
Bessemer City,373.7,35.284,-81.2828
Iroquois Point,2615.3,21.3218,-157.9803
Holdrege,502.2,40.4394,-99.3773
Verdigris,373.0,36.2536,-95.66
Marlin,470.1,31.3085,-96.8934
Kodiak,540.1,57.7934,-152.4059
Strawberry,1595.1,37.8925,-122.5078
Quantico Base,303.2,38.5228,-77.3186
Glasgow Village,2212.8,38.7578,-90.1984
Walterboro,304.6,32.901,-80.676
Otis Orchards-East Farms,263.7,47.703,-117.0854
Blauvelt,469.5,41.0689,-73.9545
Pawcatuck,619.5,41.3774,-71.8492
Prairie Du Chien,357.9,43.0429,-91.1372
Spirit Lake,467.1,43.4176,-95.1109
Floral City,90.5,28.7065,-82.309
Coraopolis,1586.1,40.5148,-80.1627
St. Paul Park,703.7,44.8359,-92.9949
The Meadows,887.3,27.3647,-82.4716
Shillington,2110.5,40.3029,-75.967
Fishhook,32.3,61.7199,-149.2621
Candlewick Lake,1140.2,42.3525,-88.8694
Belvedere,623.3,33.537,-81.9424
South Gate Ridge,1205.5,27.2856,-82.497
Rockdale,491.5,30.6543,-97.0089
Ellenton,636.5,27.5269,-82.5258
Toronto,1009.2,40.4581,-80.6095
Hampton Manor,701.7,42.6197,-73.7288
Willow Park,326.9,32.7548,-97.6498
Sayre,1040.2,41.9856,-76.5207
Smiths Station,257.0,32.528,-85.0943
Palermo,72.0,39.4313,-121.5225
Walnut Ridge,125.8,36.0848,-90.9467
Chesterbrook,1348.2,40.0735,-75.4582
Douglass Hills,1583.3,38.2367,-85.5499
Fairport,1328.5,43.099,-77.4427
Wyldwood,185.3,30.1299,-97.48
Wrightsboro,188.5,34.2895,-77.9217
Aledo,730.7,32.6974,-97.6069
New Hempstead,737.9,41.1488,-74.0485
Williamsville,1666.6,42.9623,-78.7418
Caruthersville,406.2,36.1814,-89.6664
Wellston,300.7,39.1172,-82.5375
Alvarado,309.2,32.4068,-97.2149
Zephyrhills South,1059.0,28.2152,-82.1886
North Hills,758.9,40.7765,-73.6778
Ashton-Sandy Spring,203.9,39.1515,-77.0065
Cocoa West,572.6,28.3591,-80.7713
Algona,450.9,43.0743,-94.2311
Hyde Park,436.3,41.8008,-111.8121
Coco,1220.6,18.0009,-66.2602
Trooper,913.9,40.1489,-75.3991
Pennside,2058.1,40.3384,-75.8764
Semmes,137.2,30.7899,-88.2389
Conley,1080.1,33.6399,-84.3376
Neshanic Station,222.4,40.5291,-74.7358
Battlement Mesa,187.0,39.4506,-108.0063
Lake Holiday,595.1,41.6159,-88.6683
Lake Barrington,363.4,42.2121,-88.1684
Rio Pinar,958.7,28.5271,-81.2628
Oak Point,355.8,33.1795,-96.9907
Layhill,1310.4,39.0871,-77.0404
Marlene Village,2297.9,45.5173,-122.8199
Colby,566.1,39.3848,-101.0452
Sansom Park,1678.0,32.8027,-97.4021
Old Fig Garden,1248.2,36.7989,-119.8052
Sheldon,433.0,43.1797,-95.8437
Winterset,441.2,41.345,-94.0138
East Freehold,697.2,40.2718,-74.2425
St. Helena,418.6,38.5063,-122.4682
Van Alstyne,373.9,33.4216,-96.5838
Orangetree,570.8,26.2929,-81.5786
Tice,1739.4,26.6756,-81.8166
Cramerton,446.4,35.2343,-81.0734
Okeechobee,511.8,27.2413,-80.8298
Cape May Court House,239.7,39.0788,-74.8205
North Fond Du Lac,974.9,43.8107,-88.486
Reminderville,948.5,41.3338,-81.4018
Olyphant,381.3,41.4506,-75.5753
Iola,464.2,37.9274,-95.4006
St. Martinville,653.8,30.1263,-91.8319
Clarinda,406.2,40.7377,-95.0338
Balm,205.9,27.7542,-82.2882
Goddard,366.9,37.6652,-97.5617
Thatcher,310.3,32.8323,-109.7595
Boulder Creek,275.1,37.1341,-122.1272
Senoia,335.4,33.3082,-84.5546
Clementon,1091.5,39.8046,-74.985
Whitfield,1839.4,40.3362,-76.0053
Peñuelas,2138.3,18.0595,-66.7206
Polson,458.5,47.6886,-114.1411
Guánica,804.7,17.9698,-66.9309
Rusk,284.7,31.7978,-95.1489
Benson,49.4,31.9157,-110.3257
Posen,1760.7,41.629,-87.6859
Keyes,1312.6,37.5573,-120.9114
Englewood Cliffs,967.9,40.8823,-73.9467
Brookshire,475.3,29.7824,-95.9514
Muleshoe,599.6,34.2292,-102.7284
St. Robert,244.2,37.8244,-92.1532
Canal Fulton,573.0,40.8895,-81.5882
Ashland City,192.5,36.2607,-87.0412
Moab,427.1,38.5701,-109.5478
Turpin Hills,691.8,39.1063,-84.3703
Dove Valley,655.0,39.5752,-104.8309
Grandwood Park,1419.3,42.3927,-87.989
Blythewood,192.9,34.2121,-80.9921
Shaw Heights,3030.1,39.8566,-105.0391
Buckley,530.7,47.1615,-122.02
Ione,447.2,38.3613,-120.9422
Edinboro,895.1,41.8762,-80.1247
Montevideo,434.5,44.9505,-95.7153
Mayflower Village,2984.4,34.116,-118.0096
Grambling,344.6,32.5275,-92.7124
Brush,722.8,40.2598,-103.6323
Whiskey Creek,1324.4,26.5733,-81.8903
Westvale,1515.2,43.0399,-76.2176
Palm Springs North,2568.2,25.9351,-80.3339
Weldon Spring,267.1,38.7119,-90.6513
Westville,628.4,41.5376,-86.9049
Chackbay,73.6,29.8809,-90.775
Primera,734.5,26.2237,-97.7529
Kahaluu,585.8,21.4575,-157.8453
Orchard Homes,362.7,46.8559,-114.0778
Pana,528.4,39.3829,-89.0642
Firthcliffe,684.8,41.4408,-74.0353
Peppermill Village,2743.0,38.8939,-76.8878
West Salem,607.3,43.8989,-91.0882
Lehighton,1253.2,40.8306,-75.7165
La Crescent,604.4,43.83,-91.3042
Wheatley Heights,1542.8,40.7624,-73.3705
Fox Chapel,258.3,40.5247,-79.8898
Brownfields,490.6,30.5467,-91.1225
Naples Manor,2968.6,26.0892,-81.7254
Margate City,1434.1,39.3307,-74.507
Tipton,741.0,40.282,-86.0423
Rigby,838.4,43.6734,-111.9132
Flagler Beach,571.6,29.4716,-81.1303
Bigfork,64.8,48.0852,-114.0551
Delhi Hills,1373.7,39.0871,-84.6177
Granite Shoals,286.8,30.5894,-98.3671
Schuylkill Haven,1449.1,40.6283,-76.1729
Chardon,461.3,41.5798,-81.207
Highwood,2811.9,42.206,-87.8128
Cresaptown,760.9,39.5944,-78.8356
Brewton,178.8,31.1113,-87.0737
Bargaintown,792.4,39.3687,-74.5924
El Granada,411.3,37.5134,-122.4657
Tillamook,1060.1,45.4562,-123.8331
Vinita,163.8,36.6375,-95.1725
Sandy Oaks,846.2,29.1821,-98.4081
Collegeville,1283.7,40.1873,-75.4581
Rainbow Springs,174.8,29.094,-82.4408
Ceiba,1832.8,18.265,-65.6488
Islip Terrace,1583.5,40.7503,-73.1869
Fort Rucker,185.6,31.3428,-85.7154
Uhrichsville,716.9,40.4005,-81.3515
West Pleasant View,1313.0,39.732,-105.1785
Brady,225.2,31.1322,-99.37
Nassau Bay,1656.4,29.5448,-95.0865
Pleasant Run,971.4,39.2927,-84.5757
Porter,325.2,41.6257,-87.0801
Chadron,515.3,42.826,-103.0025
Glennville,284.9,31.9379,-81.9305
Center,251.3,31.793,-94.1795
Eaton Rapids,552.7,42.5091,-84.6531
Tucumcari,211.1,35.17,-103.7046
Vancleave,46.5,30.5483,-88.6675
Northwood,234.4,41.6089,-83.4837
Big Stone Gap,417.8,36.8626,-82.7769
Bealeton,363.9,38.5822,-77.7781
Veneta,779.9,44.0471,-123.3514
Comstock Northwest,620.6,42.3219,-85.518
Colona,524.6,41.4678,-90.3446
Richlands,354.6,37.0878,-81.8081
Duquesne,1102.5,40.3732,-79.8502
Carlyss,180.9,30.1761,-93.3704
Troy Hills,695.3,40.8483,-74.3993
Elmsford,1893.6,41.0541,-73.8143
Shanor-Northvue,296.3,40.9104,-79.9157
Allegan,520.2,42.5299,-85.8462
Breckenridge,476.7,32.7566,-98.9125
Deale,376.9,38.791,-76.5469
Woodside,174.5,37.4221,-122.2586
New Martinsville,747.6,39.6635,-80.8569
North Oaks,289.2,45.1002,-93.0882
Samsula-Spruce Creek,118.9,29.0484,-81.0628
Tichigan,178.0,42.8087,-88.215
Mayfair,3853.5,36.7694,-119.7612
Windsor Heights,1391.8,41.6045,-93.7128
Mayville,613.4,43.4986,-88.5474
Beach Haven West,1229.3,39.6703,-74.2338
Hickory Creek,407.0,33.1109,-97.0308
Calistoga,772.3,38.5818,-122.5824
Camilla,301.6,31.2337,-84.2088
Williamston,441.3,35.8465,-77.0661
Cherokee,291.4,42.7499,-95.5529
Cut Off,136.0,29.5164,-90.3291
West Hazleton,1261.1,40.9701,-76.0142
Linton,607.5,39.0354,-87.1577
Ledgewood,359.2,40.8769,-74.6724
Waipio Acres,2027.5,21.4688,-158.0173
Falcon Heights,889.6,44.9899,-93.177
Coal City,344.4,41.2772,-88.2803
Buckhannon,697.2,38.9927,-80.2281
Mechanicville,2367.3,42.9036,-73.6894
Rockmart,367.6,34.0103,-85.044
Daytona Beach Shores,2408.0,29.1696,-80.9796
Kingsford,459.3,45.8061,-88.0995
West Hills,404.3,40.8199,-73.4339
Boothwyn,1587.4,39.8357,-75.4454
Doffing,456.9,26.2788,-98.3856
West Ocean City,472.2,38.3466,-75.1122
Headland,65.2,31.3501,-85.3523
Social Circle,134.6,33.6505,-83.7116
Fussels Corner,367.0,28.0574,-81.861
Frankenmuth,631.4,43.3322,-83.7391
Hazard,264.4,37.2584,-83.1977
Monee,426.3,41.4181,-87.7502
El Cerro Mission,334.8,34.7688,-106.6447
Midfield,741.2,33.4553,-86.9224
Saranac Lake,676.3,44.3252,-74.1309
Heeia,615.1,21.4205,-157.8205
Port Isabel,290.0,26.054,-97.2505
Yosemite Lakes,94.1,37.1885,-119.7723
Carle Place,2052.4,40.7499,-73.6124
Fortville,543.9,39.9246,-85.8466
Sergeant Bluff,661.3,42.3978,-96.3517
Birdsboro,1484.2,40.2619,-75.8099
Buellton,1242.1,34.6152,-120.1943
Giddings,372.1,30.1833,-96.9279
Lakeport,642.0,39.0392,-122.9218
Ridge Wood Heights,1389.3,27.2874,-82.5137
Denair,1195.6,37.5254,-120.7974
Dorneyville,905.4,40.5762,-75.5194
Davison,987.8,43.0318,-83.5187
West York,3735.5,39.9534,-76.761
Whispering Pines,517.3,35.2537,-79.3754
Connell,263.6,46.6622,-118.8405
Ballston Spa,1225.5,43.0068,-73.8525
Westport,534.2,35.5103,-80.9783
Cherokee Village,96.0,36.2959,-91.5696
Suncook,526.5,43.1382,-71.453
Redwood Falls,371.0,44.547,-95.1031
Hiram,498.0,33.8777,-84.771
Winona Lake,663.9,41.2166,-85.8105
Beckett,1122.2,39.7559,-75.3569
Helena Valley Northwest,119.5,46.7289,-112.0631
Lone Grove,78.8,34.1809,-97.2559
Todd Creek,197.9,39.9797,-104.8734
Silver Hill,1462.1,38.8392,-76.9367
Spring House,733.8,40.185,-75.2267
Justin,430.5,33.0882,-97.3041
Concordia,434.4,39.5669,-97.6467
Iowa Falls,362.7,42.519,-93.2662
Clarks Summit,1232.0,41.4902,-75.7065
Tallassee,171.7,32.5315,-85.8903
Pinckneyville,475.3,38.0851,-89.3717
Duryea,353.2,41.3533,-75.7757
Lake Wisconsin,145.6,43.3739,-89.5858
Terrell Hills,1209.5,29.4771,-98.4472
Turtle Creek,2002.1,40.4085,-79.8214
St. Clairsville,803.8,40.0791,-80.8997
Running Springs,463.1,34.2104,-117.1147
Labelle,134.4,26.7219,-81.4506
Hoopeston,527.9,40.4608,-87.6635
Big Bear Lake,311.1,34.2429,-116.8951
Sea Cliff,1744.5,40.8441,-73.6442
Archer Lodge,214.4,35.6907,-78.3749
Falmouth,623.4,38.3319,-77.4655
Ayden,509.7,35.4693,-77.4167
Louisburg,398.4,38.6202,-94.677
Three Points,41.7,32.0596,-111.2866
Cave Creek,51.5,33.8513,-111.9801
Myrtletown,925.6,40.7888,-124.1286
Manheim,1404.4,40.163,-76.3964
Vandergrift,1426.9,40.5994,-79.5746
Wind Lake,281.1,42.8239,-88.1563
Sawmills,293.7,35.8165,-81.4781
Kenneth City,2717.3,27.8156,-82.7162
Wright City,320.2,38.8341,-91.0399
Cheraw,325.8,34.6956,-79.9084
Ellisburg,2142.4,39.9199,-75.0093
Munroe Falls,699.7,41.1386,-81.4344
Odenville,138.4,33.6978,-86.4228
Swoyersville,896.2,41.2977,-75.8799
Dodgeville,476.7,42.966,-90.1297
Lake Of The Pines,765.8,39.0357,-121.059
Alva,306.7,36.7895,-98.6649
Ardsley,1462.9,41.0134,-73.8394
Las Piedras,1461.4,18.1787,-65.8711
Ironwood,293.7,46.4522,-90.1505
South Barrington,259.1,42.0881,-88.158
New Freedom,928.4,39.7353,-76.6967
Summerside,935.7,39.1187,-84.2861
Grandyle Village,1026.3,42.9867,-78.9524
Chamberlayne,576.7,37.628,-77.4288
Ste. Genevieve,494.4,37.9755,-90.0477
Lake San Marcos,1130.1,33.1197,-117.209
North Westport,371.7,41.654,-71.0927
Winter Beach,280.4,27.712,-80.4254
Naples Park,1568.0,26.2633,-81.8094
Pensacola Station,222.6,30.3541,-87.305
Chain Lake,176.6,47.9028,-121.985
Pleasant Garden,128.1,35.9595,-79.76
Forked River,704.0,39.8257,-74.1819
The Pinehills,472.1,41.8946,-70.5966
Shelley,842.5,43.3795,-112.1261
Circle Pines,1099.9,45.1409,-93.1505
Colville,622.5,48.5454,-117.8985
Baxley,234.8,31.7641,-82.3509
Argyle,165.9,33.1102,-97.1867
Union Grove,740.6,42.6864,-88.0496
Ampere North,3282.1,40.7758,-74.1918
Lake Wildwood,627.1,39.2349,-121.2002
Long View,476.6,35.7217,-81.3857
Lares,946.9,18.2964,-66.8836
Northwest Harbor,132.5,41.0086,-72.2287
Wadesboro,290.7,34.9645,-80.0746
Sonora,606.2,37.9819,-120.3828
Kingfisher,429.4,35.8444,-97.9386
Marksville,398.2,31.1246,-92.0652
Bisbee,370.2,31.4126,-109.9178
Saltillo,200.9,34.379,-88.6938
Adairsville,204.7,34.3709,-84.9212
Brielle,1090.9,40.1048,-74.0637
Island Park,4304.4,40.6051,-73.6553
Becker,164.1,45.3824,-93.8772
Creedmoor,351.7,36.1224,-78.6757
Oakhurst,57.2,37.3475,-119.6202
Robbins,1320.7,41.6431,-87.7081
Gilmer,504.8,32.7318,-94.9461
Kanab,123.4,37.0262,-112.5219
Theodore,239.4,30.5408,-88.1885
Willits,675.4,39.4047,-123.3494
West Sayville,994.8,40.7295,-73.1051
Skyline View,713.8,40.3376,-76.7256
Gibraltar,517.0,42.096,-83.2029
Massac,471.5,37.0335,-88.6858
Kenmar,930.5,41.2547,-76.955
Batesburg-Leesville,232.4,33.9126,-81.5313
Lindstrom,498.9,45.387,-92.8477
Omak,505.4,48.4229,-119.5159
Port Allen,671.2,30.4456,-91.2098
Medical Lake,564.4,47.5712,-117.6893
Herculaneum,457.3,38.2579,-90.3948
Rio Communities,247.1,34.6459,-106.7164
Granite Falls,384.9,35.797,-81.4237
Barling,184.9,35.3284,-94.2791
Progreso,634.0,26.0962,-97.9566
Demarest,915.9,40.955,-73.9568
Elko New Market,503.2,44.5665,-93.338
Tara Hills,2844.2,37.9939,-122.3188
Royersford,2409.9,40.1862,-75.5382
Wauchula,580.3,27.5469,-81.8102
Luverne,516.8,43.6531,-96.2148
Wrightwood,318.3,34.3495,-117.63
South Sarasota,984.5,27.2857,-82.5332
North Manchester,534.0,41.0044,-85.7751
Minot Afb,260.5,48.4209,-101.3381
Fellsmere,32.9,27.7241,-80.5974
Hillandale,1001.7,39.0249,-76.9737
Harlan,427.7,41.6495,-95.3268
Golden Triangle,668.6,39.9288,-75.0398
Daleville,133.5,31.2915,-85.7117
Farmers Loop,86.6,64.9061,-147.6957
Flemington,1751.2,40.5087,-74.8599
Reidland,393.9,37.0085,-88.5261
Hinton,398.0,35.4895,-98.3575
Wahoo,643.8,41.2166,-96.6172
Harrington Park,1021.6,40.9899,-73.9804
Needles,61.6,34.8164,-114.6189
Baldwin City,636.9,38.7782,-95.188
Eagleville,1100.2,40.1599,-75.4089
Carmi,727.5,38.0861,-88.1722
Zapata,246.5,26.9026,-99.2612
Estacada,710.3,45.2986,-122.3337
Paulden,32.8,34.8897,-112.4937
East Merrimack,557.3,42.8692,-71.4819
Raynham Center,446.1,41.9327,-71.0431
Lawnton,1290.2,40.2653,-76.7984
Keyser,952.5,39.4394,-78.9821
Desloge,644.4,37.8751,-90.5191
Dellwood,1813.6,38.7564,-90.2766
Spring Lake Heights,1451.1,40.1521,-74.043
St. Augustine South,1184.6,29.8449,-81.3156
Penns Grove,2102.1,39.7275,-75.4691
Flora,400.1,38.6688,-88.4758
Albertson,2763.1,40.7715,-73.6482
James City,243.6,35.0592,-77.02
Chatsworth,365.7,34.7808,-84.7835
Spry,725.9,39.9125,-76.6864
Green Tree,903.4,40.417,-80.0544
Chittenango,754.3,43.0462,-75.8748
Pupukea,545.1,21.6511,-158.0437
June Park,622.8,28.072,-80.6876
Utqiagvik,99.7,71.2727,-156.7575
Santa Isabel,1830.1,17.9691,-66.4051
Pearl Beach,389.4,42.6295,-82.5834
North Alamo,1307.4,26.216,-98.1264
Carolina Shores,644.7,33.9077,-78.574
Coopersville,388.6,43.0658,-85.9341
Hendron,349.9,37.035,-88.6427
Luray,384.3,38.665,-78.4546
South Brooksville,104.5,28.5243,-82.4159
South Bound Brook,2894.5,40.5535,-74.5277
King George,173.2,38.2807,-77.1896
Palos Park,289.3,41.6679,-87.8891
Glendive,536.9,47.1101,-104.707
Wauna,296.1,47.386,-122.6695
Indian Wells,130.4,33.7036,-116.3396
Pilot Point,236.4,33.3949,-96.9497
South Bay,651.4,26.677,-80.7265
Venersborg,174.2,45.786,-122.4721
Okauchee Lake,499.3,43.1256,-88.4385
Point Pleasant Beach,1308.9,40.0928,-74.0459
Seven Lakes,222.0,35.2647,-79.5865
Prairie Heights,497.3,47.1529,-122.1048
Cochran,378.2,32.3875,-83.3523
Telford,1845.4,40.3259,-75.3274
Cornelia,447.8,34.517,-83.5311
Fountain Hill,2526.0,40.6029,-75.3961
Littlestown,1014.9,39.7452,-77.0892
Flourtown,1315.9,40.1039,-75.2069
Reedurban,979.2,40.7979,-81.4358
Bret Harte,3373.2,37.6021,-121.0045
Wolf Lake,523.2,43.2451,-86.1074
Cheboygan,270.1,45.641,-84.4687
Stafford Springs,290.8,41.9595,-72.3105
Penn Yan,772.1,42.6609,-77.0535
Carrizo Springs,599.7,28.5267,-99.8589
Ogallala,373.9,41.1292,-101.7211
Ahoskie,420.9,36.2842,-76.9902
Riva,754.1,38.9448,-76.5876
Manitou Springs,588.1,38.8575,-104.9127
Ottawa Hills,984.6,41.6682,-83.6433
Platte City,466.8,39.3574,-94.7651
Timber Pines,840.9,28.469,-82.5999
Lonsdale,708.6,44.4778,-93.4225
Worland,402.9,44.0025,-107.9544
Brookridge,729.9,28.5483,-82.4897
Windom,451.2,43.8736,-95.1201
Searingtown,1983.2,40.7705,-73.6603
Elk Ridge,631.4,40.0099,-111.6775
Northvale,1459.6,41.0101,-73.9505
Oak Park Heights,631.0,45.0324,-92.8098
Winnsboro,461.3,32.165,-91.721
Higginsville,489.3,39.0652,-93.727
Calcutta,151.3,40.684,-80.5621
Crystal Springs,338.9,31.9903,-90.354
Richwood,412.0,29.0723,-95.4046
Mount Orab,190.1,39.0293,-83.9267
Grantley,882.0,39.9386,-76.7297
North Kansas City,420.1,39.1396,-94.5641
Combee Settlement,929.1,28.0597,-81.9051
Warm Mineral Springs,778.3,27.0472,-82.2702
Nellis Afb,670.1,36.2466,-115.0571
Cedar Knolls,892.8,40.8199,-74.4551
Christiana,207.2,35.7193,-86.4129
Nassau Village-Ratliff,125.0,30.5108,-81.8089
Sugarcreek,48.8,41.438,-79.8183
West Milton,539.8,39.9585,-84.3261
Bridgeville,1670.1,40.3578,-80.1061
Sawgrass,604.2,30.19,-81.3704
Jeanerette,791.5,29.9157,-91.6758
Chisholm,408.7,47.4877,-92.8786
Dansville,700.5,42.5625,-77.6968
Mather,182.1,38.5488,-121.2831
Santa Ynez,377.7,34.6168,-120.0948
Stock Island,2179.3,24.5658,-81.7351
Butler Beach,716.9,29.798,-81.2653
Whiteville,327.9,34.3306,-78.7014
Crossett,254.5,33.128,-91.9631
Le Claire,391.5,41.5963,-90.3686
Brisbane,609.7,37.6902,-122.4021
Miami Heights,474.6,39.1676,-84.7152
Lake Pocotopaug,331.5,41.596,-72.51
Osage Beach,185.4,38.1353,-92.6478
Longbranch,91.0,47.2257,-122.7739
Leonardtown,472.5,38.3039,-76.6395
Montoursville,500.7,41.2472,-76.9184
Woodmore,277.8,38.9222,-76.781
Morgan'S Point Resort,596.6,31.1519,-97.4587
Jenkintown,3099.6,40.0962,-75.1296
Fabens,419.9,31.5136,-106.1521
Naguabo,2892.5,18.2117,-65.737
Country Lake Estates,1593.3,39.9486,-74.5409
East Palestine,575.7,40.8392,-80.5467
Grayson,743.2,33.8904,-83.9576
Lemoyne,1124.9,40.2442,-76.8991
Ocean Bluff-Brant Rock,833.6,42.1006,-70.6626
Childersburg,147.0,33.2962,-86.3456
Moses Lake North,316.7,47.1949,-119.3178
Elberton,376.3,34.1063,-82.8705
West Elmira,596.1,42.0879,-76.8472
Swartz,222.6,32.5809,-91.9869
Valdese,230.3,35.7566,-81.5634
East Troy,396.0,42.7846,-88.3973
Avalon,2935.8,40.5011,-80.068
Meadows Place,1939.8,29.6513,-95.5874
Mount Plymouth,629.1,28.8024,-81.5351
Garwood,2783.0,40.6513,-74.3231
Fort Pierce South,699.4,27.4098,-80.3539
Lillington,235.6,35.4001,-78.8138
Blanchester,442.1,39.2934,-83.9795
Crooked River Ranch,87.3,44.4242,-121.2757
Tuscola,612.0,39.7968,-88.2749
Haleiwa,585.9,21.5965,-158.1003
Hurstbourne,1001.2,38.2379,-85.5891
Lake Worth,731.2,32.813,-97.4306
Dilworth,520.4,46.8795,-96.6985
Paradise Hills,1760.1,35.1981,-106.7023
Añasco,2213.3,18.2861,-67.1409
Adjuntas,2401.1,18.1638,-66.7235
Springhill,289.5,33.0019,-93.4613
Gifford,661.6,27.6756,-80.4252
Silverthorne,442.9,39.6562,-106.0869
Pacheco,2393.6,37.9878,-122.07
Nikiski,25.9,60.7152,-151.2317
Grant-Valkaria,66.0,27.9322,-80.5655
Boalsburg,309.9,40.7783,-77.7734
Mount Ephraim,2030.1,39.8805,-75.0918
West Pittston,2188.2,41.3296,-75.8
Copperopolis,134.7,37.9488,-120.6352
Clarkdale,176.1,34.7501,-112.0555
Negaunee,133.3,46.497,-87.5968
Forsyth,198.9,33.0352,-83.939
Los Chaves,156.7,34.7334,-106.7611
Pittsboro,201.0,35.7255,-79.1713
Buckhead,656.2,31.8613,-81.2623
Rogersville,476.4,36.4081,-83.0043
Buckingham,99.4,26.6613,-81.7402
American Falls,1109.3,42.7828,-112.8541
Clarcona,431.1,28.6268,-81.4979
Olympia Fields,609.1,41.517,-87.6924
Lorane,1005.6,40.2921,-75.8486
Watseka,607.2,40.7752,-87.7304
Ashville,749.0,39.7238,-82.9575
Buhl,950.4,42.5984,-114.7596
Oconto,263.2,44.8923,-87.8715
Michigan Center,354.1,42.2268,-84.323
Blue Point,990.5,40.7519,-73.0353
Panther Valley,598.3,40.9078,-74.8412
Weaverville,451.4,35.6963,-82.5585
Barnwell,227.3,33.2419,-81.3659
Lake Montezuma,154.5,34.6414,-111.796
Blackwood,1461.1,39.7982,-75.0629
La Joya,423.6,26.2518,-98.4699
Kalaheo,508.9,21.9159,-159.5236
Wood Village,1889.2,45.5358,-122.4205
Randleman,431.7,35.8165,-79.8066
Folkston,424.9,30.8392,-82.0073
Neptune City,1986.1,40.2005,-74.0333
Cornwall,183.1,40.2659,-76.4077
Belfair,241.1,47.4495,-122.8487
Noyack,211.6,40.9826,-72.335
South Tucson,1729.9,32.1955,-110.9692
South Greeley,1063.5,41.0929,-104.8066
New Boston,417.9,33.4612,-94.4183
Sauk Centre,431.9,45.736,-94.9523
Waimanalo Beach,896.7,21.3288,-157.6974
Pinardville,1064.1,43.001,-71.5171
Big Pine Key,173.4,24.6893,-81.3676
Wapato,1528.8,46.4437,-120.4215
Coopertown,55.9,36.4142,-86.9658
East Petersburg,1462.4,40.1006,-76.3511
Glen Head,1075.3,40.8449,-73.618
Holts Summit,476.4,38.6472,-92.1142
Moon Lake,294.7,28.2993,-82.605
East Porterville,830.9,36.0581,-118.9749
Camanche,198.4,41.7923,-90.277
Lake Tansi,199.6,35.8701,-85.0614
Mullica Hill,469.6,39.727,-75.2194
Heron Bay,390.4,33.3393,-84.1922
Floyds Knobs,274.3,38.3245,-85.8736
Shannon Hills,666.7,34.6157,-92.4217
Ranlo,853.8,35.2889,-81.1294
Whiting,973.2,41.6731,-87.4842
Newton Falls,595.0,41.1889,-80.9711
Clintonville,395.9,44.6222,-88.7513
Post,469.3,33.191,-101.3814
Sellersville,1534.1,40.36,-75.3083
Moxee,740.7,46.564,-120.3966
Raeford,409.6,34.9809,-79.2291
Nowthen,52.1,45.3421,-93.4495
Thiells,965.3,41.2068,-74.0121
West Reading,2947.3,40.3337,-75.947
Donora,922.0,40.1789,-79.8625
Mountain Lakes,662.2,40.8907,-74.4406
Jim Thorpe,119.9,40.8712,-75.7433
Horseshoe Bay,122.2,30.5403,-98.3804
Maeser,270.7,40.4718,-109.5786
Holly Ridge,413.9,34.4953,-77.527
Diboll,351.6,31.1873,-94.7833
Evansdale,437.7,42.4635,-92.2766
Paxtonia,756.0,40.3166,-76.7884
Hearne,424.4,30.877,-96.5956
Royal Pines,644.2,35.4783,-82.5038
Canastota,523.4,43.0836,-75.7559
Hummelstown,1406.9,40.2657,-76.7126
Lake Panasoffkee,406.3,28.785,-82.1258
Potosi,95.2,32.3404,-99.6789
Hartwell,315.8,34.3496,-82.9289
Guerneville,179.8,38.5137,-122.9894
Prospect,455.4,38.3471,-85.6103
Heritage Village,665.8,41.4855,-73.2349
Dardanelle,478.6,35.2263,-93.1649
Seat Pleasant,2147.0,38.8952,-76.9016
Suquamish,255.1,47.7238,-122.583
Bethel Manor,3449.5,37.0972,-76.4243
Hancock,626.5,47.1367,-88.5979
Cross Mountain,284.5,29.6559,-98.658
West Wendover,232.7,40.7407,-114.0783
Phoenix Lake,157.1,38.0076,-120.309
Stone Park,4974.3,41.9033,-87.8805
Menands,567.9,42.691,-73.7271
Hawaiian Beaches,114.2,19.5447,-154.9288
Rio Bravo,2675.5,27.3648,-99.482
Fox River Grove,1014.9,42.1955,-88.2147
Buena,229.4,39.5282,-74.9448
Landing,814.1,40.9078,-74.6593
Josephine,867.4,33.0617,-96.3187
Hallsville,434.9,32.5021,-94.57
Mountain Grove,432.2,37.1341,-92.266
Taylor Creek,569.1,27.2173,-80.7925
Hokes Bluff,145.4,33.9902,-85.8639
Mosinee,221.2,44.7874,-89.6839
Mcguire Afb,321.5,40.0285,-74.5883
China Grove,381.0,35.572,-80.5791
Eldon,487.2,38.3511,-92.5766
Piney,266.1,34.5024,-93.142
Narberth,3441.3,40.0077,-75.2634
Mabank,198.1,32.3685,-96.1138
Edenton,321.8,36.0579,-76.6008
Beattystown,571.2,40.8222,-74.8502
New Lexington,888.0,39.716,-82.208
Millis-Clicquot,551.2,42.1648,-71.3544
Ridge Manor,200.4,28.4988,-82.1832
Wolverine Lake,1373.9,42.555,-83.4883
Haughton,301.8,32.5277,-93.5041
Viroqua,381.8,43.5603,-90.8858
Smith Mills,369.5,41.6432,-70.9922
Broadmoor,3992.7,37.6916,-122.4814
Brewerton,544.7,43.2345,-76.141
Imbéry,2665.1,18.4371,-66.5566
Honesdale,444.1,41.5774,-75.2524
Shallotte,171.8,33.9768,-78.3803
Fredericktown,398.5,37.5644,-90.2988
Wahneta,758.1,27.9574,-81.7287
Lee Acres,166.9,36.7031,-108.0648
Peotone,854.9,41.3308,-87.7956
Shady Side,259.0,38.8285,-76.5207
Loch Lomond,2396.5,38.7812,-77.4817
North Plymouth,1381.4,41.9727,-70.6889
New Roads,375.5,30.6959,-91.4537
Charlotte Harbor,741.5,26.9629,-82.0571
Selmer,180.2,35.1708,-88.5955
Argo,160.8,33.6963,-86.5063
Barclay,1037.1,39.9013,-75.0009
Oasis,87.6,33.5275,-116.1261
Violet,438.0,29.8962,-89.892
Tulia,483.1,34.5374,-101.7741
Level Green,451.9,40.3902,-79.7215
Soldotna,248.1,60.4862,-151.0672
Falfurrias,599.6,27.2243,-98.1452
Mojave,29.4,35.0139,-118.1896
Mystic,469.9,41.3562,-71.9546
Castle Pines Village,385.1,39.4418,-104.897
Huxley,502.9,41.8965,-93.592
Arabi,976.0,29.9562,-89.9986
Carmel Valley Village,90.2,36.4824,-121.7198
Vandercook Lake,373.4,42.1917,-84.3855
Samoset,1168.3,27.4764,-82.543
Wayland,577.4,42.6725,-85.6408
Devine,532.2,29.1456,-98.9049
Unalaska,16.7,53.8984,-166.568
La Verkin,125.3,37.2309,-113.2523
Dewey-Humboldt,91.0,34.5174,-112.2496
Mcloud,94.8,35.4081,-97.099
Marlow,242.1,34.6296,-97.9578
Crouch Mesa,82.5,36.748,-108.0853
Tazewell,248.4,37.1268,-81.5134
National Harbor,1338.9,38.7876,-77.0113
Florida Gulf Coast University,707.2,26.4613,-81.7686
Breckenridge Hills,2127.6,38.7158,-90.3684
Bloomfield Hills,343.5,42.578,-83.2456
Eagar,138.7,34.1056,-109.2961
Atlantic Highlands,1346.7,40.4112,-74.0295
Vilonia,213.3,35.0807,-92.2088
Thornwood,1522.8,41.1184,-73.7795
Longview Heights,408.6,46.1794,-122.9568
Beaver,1856.2,40.6936,-80.3074
Farley,287.5,37.0405,-88.5734
Crescent Springs,1137.4,39.0553,-84.5787
Glassport,1074.1,40.3261,-79.8861
Roseburg North,936.6,43.2662,-123.3477
Indian Mountain Lake,266.5,41.0003,-75.5058
Helena Valley Northeast,31.9,46.6974,-111.9428
Bayside,711.6,43.1827,-87.9017
Apison,104.9,35.0104,-85.0142
Ivanhoe,1296.2,36.3834,-119.22
Emerald Lake Hills,1435.7,37.4662,-122.2674
North Terre Haute,474.0,39.537,-87.3653
Chinle,104.2,36.1505,-109.5794
Brooktrails,233.8,39.4429,-123.3963
Palacios,310.9,28.7171,-96.2334
Barboursville,422.6,38.4067,-82.2964
Minersville,2581.3,40.6908,-76.2594
Scottsville,257.1,36.7544,-86.2053
Pleasant Run Farm,1594.8,39.3016,-84.5493
La Vale,185.9,39.6625,-78.8229
Denver City,649.3,32.968,-102.8318
Lemmon Valley,106.2,39.6879,-119.8364
Prairie Du Sac,849.5,43.292,-89.7353
Armonk,285.1,41.1319,-73.7138
Puhi,1902.8,21.9622,-159.3917
Ludlow,1846.1,39.0904,-84.5498
Lolo,178.6,46.7756,-114.1018
Hamburg,895.4,40.5561,-75.9825
Placitas,57.4,35.3226,-106.4437
Oak Valley,2421.1,39.8055,-75.1589
Breese,631.8,38.6138,-89.523
Whiteland,307.9,39.5505,-86.0739
Archbold,341.5,41.5166,-84.3039
Gang Mills,385.5,42.1534,-77.123
Kewaskum,679.4,43.5177,-88.2306
Mississippi State,771.9,33.4516,-88.7912
Wayzata,545.0,44.967,-93.516
Tri-City,231.8,42.9894,-123.2999
Wadena,304.4,46.445,-95.1285
Pocomoke City,444.3,38.0635,-75.5553
Hanamaulu,1323.6,21.9953,-159.3494
Pocola,55.5,35.2455,-94.4775
Hunters Creek Village,860.7,29.7715,-95.4987
Dyersville,241.9,42.4818,-91.1178
Harrogate,231.5,36.5752,-83.6462
Baxter Village,1186.8,35.028,-80.9792
Scott City,344.9,37.2243,-89.536
Union Mill,168.2,38.7978,-77.3815
Belleair,970.1,27.9365,-82.8114
Hutchinson Island South,390.0,27.3243,-80.2425
Isle Of Palms,378.6,32.8043,-79.7552
North Wilkesboro,253.3,36.1728,-81.139
Mcmurray,547.3,40.2815,-80.0874
Sykesville,1049.8,39.3716,-76.9716
Wanamassa,1505.8,40.2366,-74.0294
Woodruff,330.0,34.7421,-82.0371
Freeburg,245.4,38.4397,-89.9169
Boulevard Park,1424.6,47.5137,-122.316
Portola Valley,184.0,37.3711,-122.2202
Pantops,718.3,38.0316,-78.4437
Middleville,683.7,42.7138,-85.4693
Sunset Beach,247.2,33.892,-78.5107
Mount Hermon,296.9,36.6716,-79.4202
Indian River Shores,325.8,27.7084,-80.3851
Hebbronville,257.6,27.3251,-98.6857
Lake Darby,482.2,39.9604,-83.2242
Mathis,503.2,28.0909,-97.817
Maytown,453.4,40.0791,-76.5791
Old Westbury,194.6,40.7866,-73.5975
Reedsport,805.2,43.6983,-124.1121
Mills,327.1,42.8473,-106.383
Chelan,248.5,47.8415,-120.0262
Huber Ridge,1589.8,40.0909,-82.9174
Ford City,1084.4,35.1647,-119.4584
Leisure Village East,1073.0,40.0384,-74.1678
Whiteriver,106.0,33.8358,-109.9616
Bonsall,122.1,33.2764,-117.1941
Gaylord,319.5,45.0208,-84.6809
Crandall,236.3,32.6233,-96.4525
Lower Grand Lagoon,794.8,30.1444,-85.7526
Coarsegold,96.4,37.2401,-119.7021
Chalfont,1026.1,40.2893,-75.2095
Lajas,1110.9,18.0431,-67.0574
Chattanooga Valley,223.7,34.9241,-85.3431
Holiday City South,882.6,39.9533,-74.2367
Dawson,441.7,31.7721,-84.4437
Adamsville,63.2,33.6073,-86.974
Mcgovern,719.3,40.2362,-80.2268
Sinking Spring,1334.4,40.3242,-76.0235
Clearlake Riviera,313.0,38.9513,-122.7208
Tarentum,1345.4,40.6043,-79.7602
Bagdad,260.8,30.5824,-87.0447
Caro,561.8,43.4891,-83.4025
Haleyville,197.3,34.2331,-87.6175
Mauston,369.7,43.7995,-90.0775
Slatington,1249.3,40.7543,-75.6114
Kaplan,708.2,30.006,-92.284
Wiggins,153.4,30.8557,-89.1386
Saukville,465.5,43.3847,-87.9439
Morgan,540.0,41.0414,-111.6802
Medford Lakes,1445.5,39.8581,-74.8053
Boyertown,2129.0,40.3322,-75.6375
Bradley Beach,2696.9,40.2018,-74.0128
Highland Beach,3067.5,26.4087,-80.0661
Ligonier,573.4,41.4625,-85.5948
Normandy,888.1,38.7071,-90.3009
Bristow,475.8,35.8336,-96.3944
Lonoke,342.2,34.7906,-91.9072
Laureldale,2031.2,40.3897,-75.9134
Buchanan,651.9,41.8283,-86.3656
Russell,338.5,38.8874,-98.8514
Paintsville,248.0,37.8163,-82.8089
North Braddock,1100.7,40.4023,-79.8533
Suncoast Estates,603.9,26.7123,-81.8684
Elmira Heights,1432.7,42.1267,-76.8254
Hayfield,1280.5,38.7536,-77.1321
Elverta,185.7,38.7185,-121.4455
Euharlee,303.7,34.1441,-84.9327
West Jefferson,164.1,39.9475,-83.3076
Larksville,349.7,41.2639,-75.9327
Hatillo,1515.9,18.4811,-66.8221
West Peoria,777.4,40.697,-89.6399
Harbison Canyon,162.7,32.8273,-116.8381
Osawatomie,317.9,38.5063,-94.9486
Hometown,3421.6,41.7312,-87.7311
Spackenkill,911.7,41.6547,-73.91
Spindale,303.0,35.3597,-81.9232
Garden Ridge,229.4,29.6379,-98.2927
Farrell,722.9,41.2112,-80.4971
Ovilla,282.9,32.5352,-96.8895
Lake View,778.4,33.2802,-87.1259
Chariton,433.9,41.0175,-93.3097
Forty Fort,1252.5,41.2846,-75.869
French Island,808.9,43.8593,-91.2614
County Center,809.4,38.6917,-77.3507
West Laurel,722.4,39.1134,-76.8924
Santa Bárbara,2467.0,18.3954,-65.9172
Brookland,205.5,35.8991,-90.5767
Ho-Ho-Kus,938.9,41.0001,-74.0972
Pine Level,64.8,32.5785,-86.4523
Comanche,357.8,31.9005,-98.6043
Park Rapids,220.8,46.9169,-95.0576
Spring Valley Village,1342.5,29.7898,-95.5041
Ashdown,228.6,33.6746,-94.1265
Kutztown University,3443.0,40.5103,-75.7851
Fox Farm-College,541.4,41.1105,-104.7871
Fayette,190.6,33.6943,-87.8307
Broadway,685.4,38.6083,-78.8016
Aumsville,1443.4,44.8462,-122.87
Aldan,2729.8,39.9224,-75.2881
Sharpsville,1171.1,41.2595,-80.4813
Surfside Beach,835.7,33.6093,-78.9772
Mirrormont,156.5,47.4616,-121.9937
Cannon Falls,354.5,44.5122,-92.9034
Broken Bow,265.7,34.0292,-94.7426
Slaughterville,42.1,35.091,-97.2881
Bay Hill,684.9,28.4559,-81.5122
Grape Creek,103.9,31.5817,-100.5474
Ellenville,187.0,41.7009,-74.3609
East Camden,454.0,34.2687,-80.5681
High Ridge,431.0,38.4608,-90.5338
Chagrin Falls,780.6,41.4319,-81.3887
Wamego,615.7,39.2054,-96.3099
Northwest Harwich,203.4,41.6917,-70.1026
Mattituck,180.7,41.0012,-72.5419
Kelseyville,562.7,38.9704,-122.8328
Mount Olive,592.8,35.1997,-78.0662
Le Sueur,312.7,44.4702,-93.9026
Charleroi,2129.3,40.1384,-79.9002
Poplar Grove,206.0,42.3517,-88.8353
Clarion,1030.5,41.2106,-79.3803
Paxton,534.3,40.4563,-88.102
Jacksonwald,918.8,40.3279,-75.8414
Galeville,1294.2,43.0868,-76.1871
West Bay Shore,742.6,40.6948,-73.2618
Bellville,595.1,29.9472,-96.2598
Rising Sun-Lebanon,453.1,39.1,-75.5047
Scott Afb,373.5,38.5412,-89.853
Park Layne,1105.5,39.8881,-84.0394
Edinburgh,488.7,39.3509,-85.9625
Malmstrom Afb,316.9,47.5059,-111.1825
Kildeer,375.0,42.183,-88.0488
Kutztown,1011.0,40.5212,-75.7772
Danielson,1477.4,41.8086,-71.8854
Lisbon Falls,439.2,44.0086,-70.0571
Harbour Heights,744.9,26.9928,-82.0072
Madera Ranchos,619.8,36.9279,-119.8773
Monte Vista,611.6,37.5789,-106.1499
Fairway,1428.4,39.0245,-94.6287
Swanton,473.5,41.5839,-83.888
Dallastown,2050.8,39.8996,-76.641
Caseyville,220.9,38.6302,-90.0339
Wingate,613.8,34.9859,-80.448
Jourdanton,442.3,28.9141,-98.5409
Pipestone,387.9,43.9958,-96.3117
Shackle Island,290.2,36.3775,-86.6168
Capitol View,1004.2,33.965,-80.9223
Surf City,209.0,34.4346,-77.5644
Amity Gardens,1352.1,40.2718,-75.7321
Montesano,147.1,47.0102,-123.5857
Whitesboro,480.0,33.6612,-96.9022
Gardnertown,332.4,41.5328,-74.0595
Algonac,1129.7,42.6207,-82.5339
Jacksboro,221.8,33.2256,-98.1594
Clay Center,501.9,39.3812,-97.1276
Roosevelt Park,1558.7,43.1982,-86.2733
Dawsonville,166.6,34.4362,-84.125
Lansford,1041.4,40.8331,-75.8848
Dimmitt,507.8,34.5324,-102.3111
Southport,394.2,33.9411,-78.0205
Coal Valley,505.1,41.4416,-90.4462
Wonder Lake,322.1,42.3794,-88.3493
Gibson,336.3,34.8923,-92.2341
Akwesasne,38.4,44.9647,-74.6664
Jena,290.7,31.6914,-92.1298
Thorndale,858.1,39.9991,-75.7517
Saxon,671.2,34.9616,-81.9713
Lyncourt,1276.4,43.082,-76.1265
Church Point,551.3,30.4037,-92.2145
Jersey Shore,1378.3,41.2012,-77.2666
South Highpoint,2183.9,27.9086,-82.7162
Dakota Dunes,645.7,42.492,-96.487
Brittany Farms-The Highlands,1337.1,40.269,-75.214
Hawaiian Acres,81.9,19.5324,-155.0498
Walhalla,409.6,34.7705,-83.0615
Mclendon-Chisholm,126.5,32.8481,-96.391
Wellsville,217.7,41.6223,-111.943
Friona,1130.2,34.6394,-102.723
North El Monte,3735.3,34.1029,-118.0239
Reiffton,832.1,40.3126,-75.8663
Monongahela,830.1,40.1955,-79.9222
Simonton Lake,471.9,41.7478,-85.9657
Burnt Mills,1901.8,39.034,-76.9983
Woodville,187.8,30.312,-84.2611
Bystrom,2916.8,37.6198,-120.9813
Hunter,733.3,39.494,-84.2852
University Center,1726.9,39.0599,-77.4443
Valley Grande,47.3,32.4862,-87.0305
Goodview,714.9,44.0692,-91.7166
Pinetop-Lakeside,142.1,34.1486,-109.9657
The College Of New Jersey,3703.5,40.2689,-74.7764
Falls City,475.2,40.0623,-95.5989
North East,774.6,39.6076,-75.9414
Gordon Heights,927.8,40.8645,-72.9678
Forest Oaks,329.5,35.9889,-79.7079
Fruit Hill,1230.1,39.0699,-84.367
Metamora,693.5,40.7951,-89.3672
North Muskegon,882.2,43.2517,-86.2715
Trent Woods,530.8,35.081,-77.0945
Green Oaks,395.2,42.2954,-87.9115
Armona,768.1,36.3166,-119.7054
North Brooksville,241.7,28.5731,-82.3744
Pascoag,310.7,41.952,-71.7042
Bullard,376.1,32.1451,-95.3196
Herricks,2747.5,40.7567,-73.6635
Garden City South,3947.2,40.712,-73.6607
Montauk,85.1,41.0466,-71.9465
Hazlehurst,332.2,31.8651,-82.5994
Marseilles,173.7,41.3099,-88.685
Mulberry,231.5,27.9058,-81.9873
Leisure Village West,1299.0,40.0104,-74.2806
Throop,316.2,41.4382,-75.5927
Gentry,277.6,36.2571,-94.4908
Hugoton,749.2,37.1745,-101.3447
West Milwaukee,1402.7,43.0124,-87.971
Rock Valley,351.5,43.2028,-96.2897
Cross Plains,833.2,43.1145,-89.6479
Delmar,928.6,38.445,-75.5662
Crittenden,460.1,38.7755,-84.6137
Santa Rita Ranch,396.0,30.6642,-97.8328
Candelaria Arenas,1568.1,18.4175,-66.2203
Holloman Afb,124.6,32.8483,-106.0998
Tierra Verde,1263.3,27.6687,-82.7299
Lathrup Village,1037.7,42.4921,-83.2273
Marine City,724.7,42.7137,-82.5012
Rosewood Heights,935.1,38.8885,-90.0723
Quitman,378.5,30.7849,-83.5603
Larch Way,1403.7,47.8429,-122.2528
Fleetwood,1496.0,40.4565,-75.8209
Weston Lakes,589.1,29.6627,-95.9352
Winnfield,428.6,31.924,-92.6425
Bosque Farms,396.6,34.8539,-106.7011
Comerío,3465.6,18.22,-66.2246
Amite City,401.9,30.7323,-90.5133
Haskell,318.4,34.5095,-92.6406
Enon,361.4,37.3273,-77.3195
Mary Esther,1070.1,30.4127,-86.6588
Mount Repose,758.8,39.1907,-84.2197
Loxley,48.8,30.6812,-87.7416
Cedar Creek,86.4,30.0811,-97.518
Elkin,228.2,36.2621,-80.8443
Bardonia,606.1,41.1128,-73.9822
South Eliot,215.9,43.1287,-70.7952
Coquille,561.4,43.1802,-124.1841
Cayuga Heights,878.1,42.468,-76.4876
Camdenton,282.4,38.0121,-92.7499
West Bradenton,1192.1,27.5016,-82.6146
Stanley,507.2,35.3552,-81.0938
Capitol Heights,1989.0,38.8765,-76.9075
Warminster Heights,2458.4,40.1884,-75.0841
Millstadt,435.8,38.4579,-90.0834
Mineral Ridge,434.7,41.1385,-80.7672
Westover,508.1,39.6329,-79.9882
Marlboro Meadows,253.8,38.8374,-76.7144
Cutler,1262.9,36.5247,-119.2889
Algood,377.8,36.2,-85.4468
St. Bernard,1005.9,39.1711,-84.4955
Trappe,748.4,40.1991,-75.4754
Basalt,762.6,39.3663,-107.0413
Indian Head Park,1653.3,41.769,-87.8977
Ridgway,589.9,41.427,-78.7297
San Miguel,1467.2,37.8867,-122.0368
Friendship Heights Village,7695.0,38.9633,-77.0898
Esperance,2126.8,47.7937,-122.3469
Riverwoods,388.1,42.1723,-87.8951
Singac,3351.0,40.8849,-74.2431
Ladonia,492.9,32.4609,-85.0877
Chilton,381.1,44.0293,-88.1625
Hawkinsville,286.3,32.2965,-83.4815
University Gardens,2898.0,40.7752,-73.7281
Southern Shops,431.7,34.9846,-81.9934
Tierras Nuevas Poniente,1679.4,18.4614,-66.4891
Indian Head,1250.2,38.5987,-77.1555
Saw Creek,484.7,41.1197,-75.0465
Burnham,828.0,41.6375,-87.5447
Penrose,86.1,38.4213,-105.0004
Magee,292.0,31.873,-89.734
Edgefield,354.7,33.787,-81.9291
Metter,204.5,32.3958,-82.0621
Colorado City,287.7,32.3996,-100.8582
South Russell,402.9,41.4318,-81.3352
Tangerine,334.7,28.759,-81.6341
Heritage Hills,816.5,41.3398,-73.7016
Madill,346.7,34.0872,-96.7744
Pecan Acres,81.1,32.9704,-97.4725
Scandia,43.9,45.254,-92.8278
Mullins,479.4,34.204,-79.2536
Wallace,130.1,30.6746,-87.1996
Horace,120.6,46.7558,-96.9078
Palmer Heights,1320.0,40.6907,-75.2671
Carroll Valley,284.5,39.7499,-77.3805
Castle Hills,619.4,29.5229,-98.5197
White Bluff,239.3,36.1005,-87.2117
Marlboro,306.7,41.6047,-73.9772
Meadow Lake,131.4,34.8024,-106.5701
Grant,60.9,45.0825,-92.909
Sagamore,458.9,41.7842,-70.5332
Pennsburg,1924.8,40.3936,-75.4965
Battle Mountain,249.9,40.6299,-116.9518
Shenandoah Farms,117.5,38.9752,-78.0482
Meiners Oaks,626.3,34.4553,-119.2702
Boardman,379.0,45.8378,-119.6937
Golden Beach,402.6,38.49,-76.7019
Nash,341.0,33.4423,-94.1345
Dorr,473.7,42.727,-85.719
Saint Davids,987.9,40.0385,-75.3729
Turners Falls,802.1,42.5975,-72.5573
Schnecksville,544.1,40.6699,-75.6115
Dell Rapids,676.1,43.8244,-96.7143
Cozad,582.1,40.8613,-99.9863
Coleman,247.8,31.8317,-99.4223
Emigsville,1109.5,40.0077,-76.7303
Ely,199.5,39.265,-114.8708
Cherry Grove,1343.3,39.0802,-84.322
Madeira Beach,1548.2,27.7985,-82.7887
Santa Venetia,414.9,38.0056,-122.5033
North Richmond,1093.4,37.9641,-122.3711
Woodson Terrace,1961.3,38.7286,-90.36
El Jebel,286.4,39.405,-107.0921
Flagler Estates,128.3,29.6441,-81.4571
Oaklyn,2421.4,39.9023,-75.0813
South Chicago Heights,960.9,41.4831,-87.6369
Bayou Vista,842.5,29.6912,-91.2672
Colonial Beach,619.8,38.2567,-76.9777
Pine Manor,3283.1,26.573,-81.8774
Raymond,42.5,42.8003,-88.0118
Cisco,282.3,32.3848,-98.9805
Metzger,2008.1,45.4493,-122.7621
North Pembroke,338.6,42.0989,-70.7823
Barrington Hills,56.1,42.1399,-88.2034
Rockwell,462.6,34.4636,-93.134
Del Mar,881.8,32.9635,-117.2624
Sullivan City,421.5,26.2752,-98.5644
Kiel,598.6,43.9167,-88.0266
Citronelle,58.4,31.0952,-88.2467
Brown Station,245.3,38.8539,-76.7978
Emerald Isle,307.0,34.6648,-77.0292
Dupo,236.0,38.5146,-90.2168
Valdez,7.1,61.0963,-146.2596
Kittanning,1515.2,40.8279,-79.5233
Oronoque,669.5,41.2527,-73.1089
Morongo Valley,59.8,34.0724,-116.5627
Berne,652.1,40.6572,-84.9555
Fairbury,594.6,40.1448,-97.1764
Lockeford,180.6,38.1508,-121.1554
Hudson Bend,377.8,30.414,-97.928
Cresco,451.0,43.3718,-92.1163
Windber,765.4,40.2355,-78.8247
Campanilla,2883.7,18.4225,-66.2391
Ball,189.4,31.4188,-92.4084
Hidden Meadows,228.5,33.2237,-117.1198
Great Notch,1517.2,40.8705,-74.2084
Parkesburg,1184.5,39.9593,-75.9177
Pinch,423.7,38.4062,-81.481
Swansboro,671.6,34.6957,-77.1367
La Center,570.3,45.8601,-122.6756
Loyola,1078.3,37.3503,-122.0979
South Blooming Grove,320.3,41.3735,-74.179
Oak Lane,1764.6,40.0565,-75.1213
Goodland,332.7,39.3489,-101.7143
Northumberland,928.9,40.8966,-76.7933
Zelienople,727.9,40.7886,-80.1428
Waynesburg,1854.5,39.8983,-80.1855
Empire,1277.8,37.6432,-120.9073
Baden,660.4,40.6396,-80.2228
Granite Hills,534.6,32.8033,-116.9056
Norwood Young America,605.7,44.7721,-93.9192
Alturas,27.7,27.8417,-81.6952
Baxter Springs,473.7,37.0195,-94.7351
Irwin,1780.1,40.325,-79.6996
Auburn Lake Trails,117.1,38.8916,-120.9849
Frackville,2506.1,40.7833,-76.2329
Ballville,328.9,41.3224,-83.1341
York Harbor,464.1,43.1435,-70.649
North Hudson,948.7,44.9973,-92.7564
Wills Point,405.3,32.7093,-96.0052
Mccall,163.9,44.9076,-116.1124
Ravenswood,817.1,38.9561,-81.7619
St. James City,101.7,26.5506,-82.0979
Manning,505.6,33.6933,-80.2167
Rocky Ford,883.9,38.0499,-103.7225
Knox,375.0,41.291,-86.6212
Zumbrota,519.1,44.295,-92.6736
Aguilita,1651.2,18.0284,-66.533
Nichols Hills,751.4,35.5468,-97.5445
Amberley,425.5,39.2035,-84.4283
Wintersville,473.9,40.3791,-80.7095
Deephaven,636.2,44.9318,-93.5293
Juno Beach,725.0,26.8754,-80.0589
Karns,496.0,35.9778,-84.1091
Skippers Corner,211.3,34.3292,-77.9141
Fort Mckinley,1108.4,39.8027,-84.246
Avenue B And C,2047.2,32.7192,-114.6598
Boyne City,366.1,45.2136,-85.0132
Elim,740.3,40.2989,-78.943
Hahnville,265.8,29.9641,-90.4141
Genesee,223.1,39.6872,-105.2718
Brookmont,1126.3,38.9546,-77.1292
Cascade Valley,397.4,47.1417,-119.326
Dana,165.8,35.3239,-82.3722
Prestonsburg,100.2,37.6819,-82.7661
Quinnipiac University,1067.4,41.4174,-72.8992
Whitmore Village,1620.4,21.5119,-158.0274
Nelsonville,314.9,39.4561,-82.2211
Merchantville,2482.1,39.9502,-75.0504
Unicoi,91.0,36.2217,-82.3292
Troutman,172.8,35.6873,-80.883
Hawaiian Ocean View,40.5,19.0959,-155.775
Rockfish,296.7,34.9902,-79.0694
Fort Gibson,110.0,35.7763,-95.2602
Harrington,539.3,38.9243,-75.5707
Lake California,232.8,40.3608,-122.2102
Lake Sarasota,2193.2,27.2948,-82.4323
Bunker Hill Village,1017.8,29.7647,-95.5317
Pocono Woodland Lakes,235.2,41.3225,-74.8902
Boonsboro,480.5,39.5078,-77.6585
Horicon,418.6,43.4454,-88.6403
Pixley,279.2,35.9785,-119.3003
Waukon,516.0,43.2686,-91.4785
West Liberty,829.2,41.5727,-91.2623
Paw Paw Lake,285.4,42.2113,-86.2759
Dwight,379.1,41.0983,-88.4249
Mission Hills,1211.9,34.6861,-120.4404
India Hook,555.7,35.0142,-81.0378
Bishop,785.8,37.3665,-118.3958
Harlem,222.3,33.4275,-82.3131
Hohenwald,277.8,35.5515,-87.5539
Wheatland,180.2,39.0287,-121.39
Manhasset Hills,2474.3,40.7592,-73.6809
Red Bud,557.7,38.2096,-89.9989
Navy,1077.8,38.8882,-77.3907
Buckner,169.2,38.3903,-85.4535
Ajo,43.8,32.3923,-112.8839
Morrison,579.8,41.8076,-89.9616
La Cienega,125.2,35.5794,-106.113
Maiden,219.4,35.5845,-81.224
Glenwood Landing,1503.7,40.8295,-73.6378
Port Reading,737.5,40.5685,-74.2469
Carter Lake,811.8,41.2884,-95.9171
Niwot,364.6,40.098,-105.1552
Lindsborg,794.6,38.5774,-97.6738
Golf Manor,2509.0,39.1878,-84.4469
Walthourville,378.7,31.7716,-81.6216
Lely,1060.9,26.1032,-81.7297
New Lebanon,711.4,39.744,-84.3943
Hardin,489.0,45.7422,-107.6082
Hazel Green,144.9,34.9236,-86.5671
Grand Bay,167.6,30.4717,-88.345
Plainwell,700.3,42.4457,-85.6435
Eldorado,580.2,37.8114,-88.4415
Idyllwild-Pine Cove,105.8,33.7443,-116.7258
Cedarville,1107.8,39.7471,-83.8109
White House Station,576.0,40.6216,-74.7737
Point Baker,219.3,30.6855,-87.0522
Sloan,1859.8,42.8921,-78.7918
Old Stine,2351.1,35.3478,-119.047
Edgecliff Village,1215.9,32.6561,-97.3406
Cambrian Park,2506.9,37.2563,-121.9287
Captain Cook,112.7,19.4995,-155.8937
North Baltimore,574.8,41.1803,-83.6695
Spurgeon,354.1,36.443,-82.4621
Hesston,404.9,38.1401,-97.427
Mcgehee,215.5,33.6278,-91.3953
Esparto,314.2,38.6934,-122.0241
East Village,222.1,41.3612,-73.1845
Stilwell,409.0,35.8145,-94.6317
South Glens Falls,1062.7,43.2951,-73.6351
Breñas,1464.0,18.4734,-66.3346
Mountain Green,266.7,41.1476,-111.7901
Mogadore,673.1,41.0523,-81.3994
Lowesville,212.3,35.4193,-80.9998
Cockrell Hill,2478.6,32.7382,-96.8885
Sixteen Mile Stand,1295.2,39.2749,-84.3266
San Joaquin,1237.3,36.6057,-120.1897
Melwood,509.6,38.8024,-76.8419
Honea Path,410.3,34.4476,-82.395
Punta Santiago,927.5,18.1619,-65.7584
Gooding,948.5,42.9373,-114.7134
Elm Creek,509.3,28.7783,-100.491
Landis,420.8,35.5477,-80.6113
Balmville,679.2,41.5281,-74.0234
Oglesby,288.0,41.2932,-89.071
Hill 'N Dale,653.7,28.519,-82.2918
Felton,309.6,37.0392,-122.0808
Angels,395.5,38.0706,-120.5501
Kaunakakai,111.9,21.0905,-156.9981
Kitty Hawk,177.0,36.0717,-75.7184
Bunk Foss,369.9,47.9618,-122.0944
Dunean,914.6,34.8203,-82.4225
Greentown,562.2,40.9266,-81.4015
Whiteman Afb,214.5,38.7302,-93.5589
Grand Mound,345.3,46.8018,-123.0118
Watergate,3443.1,26.3359,-80.2125
Trevose,2027.7,40.1509,-74.982
Beechwood,228.4,32.3303,-90.819
Mora,277.2,45.8768,-93.2914
Lenwood,688.0,34.8861,-117.1078
North Shore,102.4,37.0783,-79.6525
Imlay City,583.8,43.0171,-83.0771
West End-Cobb Town,347.2,33.6526,-85.8741
Westhampton,112.9,40.8325,-72.6616
Gamewell,176.3,35.864,-81.5978
South Toms River,1234.5,39.9418,-74.2087
Highland-On-The-Lake,700.7,42.7012,-78.9819
Hoschton,243.1,34.0853,-83.7594
Highland Falls,1304.9,41.3643,-73.9682
Mono Vista,505.0,38.0123,-120.2697
Tabor City,424.3,34.1538,-78.8737
Port Hadlock-Irondale,213.3,48.0316,-122.789
Haviland,289.5,41.765,-73.8977
Maple Heights-Lake Desire,350.6,47.4441,-122.0972
Greenhills,1146.0,39.267,-84.5194
Pine Island,229.9,44.1968,-92.6166
Penn Estates,704.7,41.0346,-75.2417
Bloomer,489.4,45.1033,-91.4915
Cotulla,708.7,28.4364,-99.2367
Woodstown,904.6,39.6503,-75.3251
Florida,943.2,18.3643,-66.5611
Barron,489.1,45.4015,-91.8476
Albia,437.8,41.0268,-92.8038
Vandenberg Afb,63.6,34.7477,-120.519
Hephzibah,73.1,33.2906,-82.0994
Setauket,565.3,40.9484,-73.116
Tiptonville,429.4,36.3871,-89.4712
East Dennis,294.3,41.7392,-70.1577
Glen Raven,430.2,36.1246,-79.4649
Long Prairie,517.8,45.9775,-94.863
Middlebury,310.0,41.6696,-85.7075
Landmark,144.5,34.6076,-92.3186
Chipley,322.6,30.7752,-85.5406
Taylor Lake Village,1266.3,29.5765,-95.0561
Montura,63.6,26.6428,-81.0937
Heyburn,543.7,42.5599,-113.7624
Wynantskill,415.0,42.6879,-73.6449
Manila,356.5,35.8847,-90.1652
Sunnyslope,177.3,47.4913,-120.3493
Putnam Lake,311.4,41.4737,-73.5507
Carefree,160.9,33.8234,-111.9161
Bajadero,697.5,18.4245,-66.6765
Hemlock Farms,183.9,41.3157,-75.0515
Eastlawn Gardens,816.0,40.748,-75.2913
Leo-Cedarville,380.5,41.2199,-85.0193
Rutherfordton,341.5,35.3642,-81.9613
Frontenac,491.7,38.6301,-90.419
Nome,111.4,64.5213,-165.4053
Indian Rocks Beach,1676.1,27.8961,-82.8444
Rexland Acres,2724.4,35.3051,-118.997
Eastover,125.0,35.0959,-78.7862
Centre,120.9,34.1537,-85.6689
Wilkesboro,214.7,36.1424,-81.174
Lake Holm,169.2,47.2985,-122.1335
Stonybrook,740.8,39.9811,-76.6306
Cedar Springs,712.4,43.2201,-85.5535
Highland Acres,947.2,39.1163,-75.5216
Spencerport,1022.3,43.1882,-77.8067
Minoa,1057.9,43.0742,-76.0083
Yellow Springs,512.8,39.7987,-83.8904
North River Shores,1114.7,27.2223,-80.2738
Romeo,652.7,42.8049,-83.0041
Lake Isabella,65.0,35.6378,-118.482
Northwoods,2019.8,38.7035,-90.2824
Priceville,219.4,34.5246,-86.8856
Emmetsburg,371.7,43.1145,-94.68
Moundville,305.6,32.9968,-87.6272
Moscow Mills,445.3,38.94,-90.9254
Riverview Park,1420.0,40.3912,-75.9509
Waikapu,127.7,20.8391,-156.5221
Gatlinburg,134.7,35.725,-83.4938
Desert Edge,620.1,33.9223,-116.4401
Port Vue,1239.8,40.337,-79.872
Salem Heights,864.2,39.0658,-84.384
Omro,573.9,44.0391,-88.7378
Howe,281.5,33.5067,-96.6155
North Great River,597.2,40.7599,-73.168
Tyro,109.2,35.7997,-80.3765
Combined Locks,817.9,44.2642,-88.3064
Eastland,319.8,32.4024,-98.8176
Gravette,91.6,36.4291,-94.3712
Johnson,387.7,36.1328,-94.1757
Escatawpa,209.6,30.4912,-88.5495
Rollingwood,3192.2,37.9654,-122.3306
Linwood,2153.3,39.8254,-75.4253
Upper Greenwood Lake,510.4,41.1856,-74.3787
North Wildwood,810.2,39.0033,-74.8006
Key Center,95.5,47.3376,-122.7506
Vine Hill,929.8,38.007,-122.0873
Tuckerton,415.2,39.5973,-74.3306
Franklinton,319.4,30.848,-90.1459
Fort Defiance,217.8,35.7477,-109.0674
East Basin,155.0,40.7359,-111.4708
Lordship,1666.4,41.1533,-73.1197
Buies Creek,461.1,35.4082,-78.7414
Gibson City,600.4,40.4665,-88.3788
Delshire,1996.9,39.0884,-84.5949
Laguna Vista,288.4,26.1097,-97.2968
North Lakeville,275.7,41.862,-70.9411
Shavano Park,422.7,29.5861,-98.5563
Clifton Knolls-Mill Creek,877.7,42.8482,-73.8082
Ballinger,397.1,31.7394,-99.9559
Two Harbors,424.5,47.0302,-91.6752
Marin City,2587.5,37.871,-122.5137
East Sandwich,184.8,41.7365,-70.4341
Walton Park,449.6,41.3142,-74.2237
Sweeny,697.6,29.0463,-95.6988
Brices Creek,176.7,35.0505,-77.0844
Roebling,1399.6,40.1167,-74.7775
Halfway House,660.4,40.2796,-75.6405
Locust Valley,1529.9,40.8783,-73.5884
Piggott,256.8,36.3858,-90.2016
Eagle Grove,338.3,42.6662,-93.9024
Redwood,215.0,29.81,-97.9103
Newcomerstown,483.4,40.2762,-81.5949
High Bridge,578.7,40.6684,-74.894
Squaw Valley,21.8,36.6997,-119.1995
Wyboo,92.4,33.5613,-80.2148
Islandia,624.5,40.8069,-73.1711
Lake Land'Or,305.6,38.017,-77.5593
Osage,616.5,43.2827,-92.8113
Perham,386.1,46.5999,-95.5771
North Cape May,688.6,38.9804,-74.9509
St. Augusta,46.5,45.4498,-94.1995
Del Monte Forest,172.0,36.5854,-121.9434
Silt,820.4,39.5483,-107.6531
O'Neill,590.0,42.461,-98.6465
Kane,881.3,41.6631,-78.8094
Benton Heights,357.4,42.1211,-86.4137
Ahtanum,178.5,46.5573,-120.6138
Lloyd Harbor,147.7,40.9138,-73.4616
Marietta-Alderwood,236.9,48.7934,-122.5573
Hacienda San José,2454.6,18.2409,-66.0721
Bonanza,1313.6,33.4589,-84.3379
Suny Oswego,4503.3,43.4515,-76.5439
Celada,2057.8,18.2667,-65.9621
Blackshear,271.8,31.2954,-82.2453
Compo,812.6,41.1225,-73.3516
Palo Cedro,168.1,40.5658,-122.2425
Kensington Park,1422.0,27.3578,-82.4942
Saylorville,202.4,41.6809,-93.628
Benton City,552.2,46.2622,-119.4812
Canyon Creek,224.9,48.1157,-121.9832
Ponderosa Park,95.1,39.3987,-104.6355
Mattawa,1370.0,46.737,-119.9043
Ketchum,427.6,43.6867,-114.373
Stanhope,745.9,40.9141,-74.7027
Spring City,1786.1,40.1768,-75.5466
Broad Brook,231.3,41.9097,-72.5426
Lake Clarke Shores,1485.5,26.6461,-80.0752
Mount Healthy Heights,1865.4,39.2702,-84.5693
Tolono,664.2,39.9914,-88.2625
El Dorado Springs,444.1,37.8694,-94.0196
Carey,633.8,40.9497,-83.3831
Aguas Buenas,1394.2,18.2573,-66.1061
Netcong,1644.3,40.8985,-74.7019
Mill Bay,397.0,57.8185,-152.3657
Chattahoochee Hills,23.4,33.5694,-84.7441
Hansville,128.7,47.8979,-122.5579
Manti,423.4,39.2668,-111.6351
Los Prados,1921.2,18.233,-66.0621
Roland,388.3,35.4147,-94.5137
Avondale Estates,1112.8,33.7699,-84.2648
Hainesville,736.7,42.3415,-88.0686
Planada,781.4,37.2902,-120.3217
Nowata,399.4,36.6985,-95.6372
Lake Delton,178.7,43.5932,-89.7841
Mahanoy City,2667.9,40.8126,-76.1382
Village Green,1177.1,43.1323,-76.3108
Northern Cambria,451.1,40.6561,-78.7783
Westway,1181.2,31.9603,-106.576
Day Valley,73.3,37.0255,-121.8559
Midway North,784.1,26.1872,-98.0189
Black River Falls,324.2,44.2981,-90.842
Milbank,488.9,45.2195,-96.6338
Paulding,565.8,41.1424,-84.5824
Smithton,300.7,38.4159,-89.9902
Bunnell,9.9,29.4193,-81.3231
Triana,483.8,34.5888,-86.7489
Gloucester Courthouse,194.3,37.4053,-76.526
Clearview,291.9,47.8292,-122.1451
Elroy,207.2,35.3308,-77.9226
Holden Lakes,1317.8,28.5013,-81.3878
Buckhorn,274.5,38.4548,-120.5323
Laureles,281.9,26.1168,-97.4875
Sauk City,843.2,43.2722,-89.7312
Port St. Joe,144.2,29.8274,-85.3075
Frazer,638.7,40.0374,-75.556
Muttontown,222.9,40.8254,-73.5363
Wayne Heights,631.9,39.7455,-77.5437
Myrtle Creek,540.1,43.0227,-123.2812
Merton,406.9,43.1416,-88.3082
Pleasant Valley,417.5,39.4504,-80.1552
Gibbstown,821.2,39.8233,-75.2782
Ainaloa,681.2,19.5215,-154.9944
Springtown,444.2,32.9693,-97.6804
New Baden,739.2,38.5367,-89.7071
Lockland,1106.5,39.2279,-84.4565
Welch,176.6,37.4455,-81.5721
Central Gardens,534.7,29.9893,-94.0216
Hidden Springs,511.6,43.7201,-116.2508
Wildwood Lake,112.2,35.0893,-84.8512
Pen Argyl,1003.5,40.8676,-75.2534
Stepney,200.5,41.3256,-73.2674
Seacliff,1845.3,36.977,-121.9176
Alexander,596.4,34.6185,-92.4512
Shingle Springs,164.3,38.6665,-120.9371
Camuy,1348.2,18.4825,-66.8501
Durand,688.8,42.9127,-83.989
Nicholls,569.4,31.5186,-82.6396
Vineyards,687.6,26.2279,-81.728
Clifton Forge,445.2,37.8232,-79.825
Kekaha,1402.1,21.9684,-159.7141
French Camp,434.5,37.8803,-121.2803
Brownstown,540.8,40.1267,-76.2184
Barceloneta,1385.9,18.453,-66.5381
Coleytown,363.4,41.1742,-73.3461
Wrightsville,366.6,32.727,-82.7191
La Blanca,325.0,26.3048,-98.0286
San Antonio Heights,549.2,34.1573,-117.6592
Mariemont,1501.9,39.1429,-84.3783
Sage,19.7,33.5983,-116.9154
Hauula,1158.3,21.6111,-157.9118
Bennett,194.2,39.7366,-104.4286
Eveleth,212.5,47.4637,-92.5444
Roebuck,312.0,34.8789,-81.9646
Eagle Lake,456.3,29.5879,-96.3282
Mifflinburg,741.4,40.9202,-77.0465
Lake Nacimiento,127.5,35.7308,-120.8695
Heflin,82.9,33.647,-85.5698
New Hampton,398.7,43.0563,-92.3153
Princess Anne,800.2,38.2054,-75.697
Monte Sereno,817.5,37.2405,-121.9881
Elba,87.1,31.4172,-86.0759
Goldendale,451.0,45.8192,-120.8233
Shadyside,1321.6,39.9716,-80.751
Pemberwick,1972.5,41.0225,-73.6564
Shady Spring,215.2,37.7032,-81.0914
Tiger Point,948.7,30.3757,-87.0573
West Sand Lake,279.6,42.6402,-73.6033
Lisbon,386.2,44.0289,-70.1076
Elma,482.2,47.0055,-123.4112
Goulding,1122.7,30.4396,-87.23
Wellsboro,271.3,41.7458,-77.3031
Reamstown,589.3,40.2113,-76.118
Grangeville,882.5,45.926,-116.1224
Teague,263.2,31.6296,-96.2802
Crystal River,173.9,28.8964,-82.5991
West Orange,390.8,30.0791,-93.7598
Moreland Hills,185.6,41.4422,-81.4293
Kenedy,301.2,28.8176,-97.8518
Shannondale,157.6,39.2123,-77.8105
Fetters Hot Springs-Agua Caliente,909.4,38.3274,-122.4871
South Berwick,484.2,43.2321,-70.7963
Dennis Port,437.0,41.6677,-70.1358
Sleepy Eye,709.5,44.299,-94.7234
West Nyack,454.0,41.0907,-73.9714
Gothenburg,365.4,40.9242,-100.154
Tashua,362.2,41.2761,-73.2536
Melody Hill,969.2,38.024,-87.512
Slippery Rock,805.8,41.0695,-80.058
Wellford,289.5,34.962,-82.0937
Grasonville,239.6,38.9559,-76.1947
Dandridge,216.7,36.0284,-83.4308
Loyalhanna,561.6,40.3144,-79.356
Germantown Hills,756.7,40.7711,-89.4669
Lake Providence,367.8,32.8132,-91.1825
Coplay,2165.5,40.671,-75.4961
Rural Hall,463.2,36.2251,-80.2973
Humboldt Hill,317.9,40.7219,-124.1987
North Wales,2249.5,40.2111,-75.2745
Kirtland Afb,242.5,35.0497,-106.5599
Dahlgren,493.2,38.3443,-77.0624
Tomahawk,167.9,45.4746,-89.7228
Lewes,314.5,38.7776,-75.145
Forks,318.4,47.9527,-124.3903
Jewett City,1869.5,41.607,-71.9806
Ringgold,262.9,34.9136,-85.1215
Fort Branch,1210.8,38.2461,-87.5734
Llano,248.7,30.7509,-98.6763
Four Bridges,599.4,39.3828,-84.3542
Mount Angel,1157.7,45.0695,-122.7972
Loxahatchee Groves,105.1,26.7106,-80.2763
Peshtigo,451.3,45.056,-87.7471
Hahira,429.6,30.9941,-83.3786
Lake Lakengren,459.6,39.6894,-84.69
Washoe Valley,260.8,39.2923,-119.7767
Port Ewen,628.7,41.9042,-73.9778
Summersville,292.3,38.2864,-80.8409
Moulton,218.8,34.4844,-87.2833
Yountville,880.3,38.3963,-122.3671
Wilder,515.2,43.6804,-72.3168
North Plains,1201.7,45.5974,-122.9948
Ponce Inlet,304.6,29.0927,-80.9472
Enochville,328.3,35.5205,-80.6644
Nokomis,671.9,27.1241,-82.4354
Desert View Highlands,2967.1,34.5903,-118.1535
Dewey,485.4,36.7913,-95.9328
Emerald Mountain,81.3,32.4396,-86.0857
Pickens,427.3,34.8856,-82.7104
Peralta,293.9,34.8283,-106.6859
Oliver Springs,226.3,36.0399,-84.3285
Holton,488.3,39.4699,-95.7319
Etna,1774.7,40.4975,-79.9475
Mingo Junction,485.4,40.3244,-80.6173
West Menlo Park,2692.3,37.4339,-122.2034
Ebensburg,778.5,40.4884,-78.7264
Water Valley,186.2,34.1622,-89.63
Cleves,843.5,39.1635,-84.7468
Rainbow Lakes Estates,82.3,29.158,-82.5099
Rio Dell,523.9,40.5023,-124.1105
Newburgh,872.0,37.9494,-87.4053
Waldron,230.9,34.9022,-94.0953
Johnson Creek,429.3,43.0812,-88.7702
Level Park-Oak Park,249.7,42.3642,-85.2664
Fox Island,250.2,47.2477,-122.6256
Story City,437.1,42.1866,-93.5863
Beaver Dam Lake,531.9,41.4429,-74.1216
Village Shires,1067.2,40.2016,-74.9706
Lake Cherokee,105.5,32.3569,-94.6513
Saddle River,263.8,41.0273,-74.0956
Wyncote,1578.6,40.0915,-75.1463
Cornville,96.9,34.7389,-111.9086
Altavista,241.8,37.1235,-79.2856
Hartville,480.0,40.9618,-81.3348
Dillonvale,1451.4,39.2173,-84.4031
Gallipolis,359.8,38.8186,-82.1934
Johnston City,611.4,37.8214,-88.929
Woodbourne,1049.4,40.2017,-74.8873
South Hempstead,2236.6,40.6814,-73.6233
Robins,214.9,42.08,-91.6763
Mount Oliver,4251.8,40.4113,-79.9856
Nesquehoning,61.0,40.866,-75.8322
Essexville,997.1,43.6123,-83.8423
Meadow Vista,244.4,39.0029,-121.0303
Ossian,677.6,40.877,-85.1683
Blackstone,287.0,37.0822,-78.003
Clare,345.4,43.8259,-84.763
Pine City,293.8,45.8368,-92.9682
Morada,432.2,38.0386,-121.2456
Lake Cassidy,121.7,48.0639,-122.092
Hannahs Mill,298.1,32.9369,-84.3406
Ingram,2969.3,40.4447,-80.0685
Millvale,2079.7,40.4818,-79.9736
Warm Beach,295.1,48.1665,-122.3448
Big Coppitt Key,1115.3,24.5914,-81.6574
Farmerville,222.5,32.7752,-92.4013
Wrightstown,283.4,44.3263,-88.1756
Lordstown,55.4,41.1684,-80.859
Woodlawn Beach,541.2,30.3865,-86.9944
Larned,533.2,38.1833,-99.1012
East Brewton,376.7,31.0906,-87.0556
Weaver,371.2,33.7601,-85.8117
Welsh,202.9,30.2355,-92.8135
Bandon,464.9,43.1141,-124.4158
Ohioville,55.0,40.6872,-80.4783
Haworth,661.9,40.9622,-73.9976
Circle D-Kc Estates,138.1,30.1611,-97.235
Fordyce,190.6,33.8182,-92.4174
West Lake Hills,356.2,30.292,-97.8083
Newbern,282.1,36.1169,-89.2713
Dilley,548.7,28.6675,-99.1765
East Richmond Heights,2204.6,37.945,-122.314
Pine Grove,170.8,38.403,-120.6571
Feather Sound,450.5,27.9061,-82.6813
Keowee Key,368.2,34.8257,-82.9158
Brillion,413.2,44.1758,-88.0707
Berwyn Heights,1836.3,38.9928,-76.9132
Claryville,177.3,38.914,-84.4095
Crane,1209.9,31.3918,-102.3503
Tusculum,262.4,36.175,-82.7454
Blanding,96.8,37.6213,-109.5073
Niantic,846.1,41.3258,-72.1952
Blountville,258.3,36.533,-82.329
Chincoteague,137.6,37.9593,-75.3495
Hominy,648.0,36.4219,-96.393
Bunkie,421.5,30.954,-92.1884
Moose Lake,388.1,46.4442,-92.7654
Rayville,551.2,32.4707,-91.7576
Erda,31.7,40.6028,-112.3214
Muldrow,299.9,35.404,-94.5976
Frostproof,111.6,27.7494,-81.5252
State Line,463.6,39.7329,-77.7247
Union Springs,191.4,32.1395,-85.7141
Rio Grande,469.8,39.0193,-74.8787
Port Monmouth,974.9,40.4338,-74.1009
Lanai City,187.3,20.8279,-156.9147
Barton Creek,258.5,30.2818,-97.8681
West Deland,588.8,29.0162,-81.3343
Mannford,164.7,36.1306,-96.334
Southpointe,494.3,40.2898,-80.1758
Thiensville,1219.2,43.2361,-87.9785
Paw Paw,474.7,42.2148,-85.8919
Vassar College,1758.0,41.686,-73.8931
Minerva,578.7,40.7306,-81.1023
South Duxbury,430.4,42.0203,-70.6913
Newmanstown,579.3,40.3515,-76.2117
San Manuel,60.9,32.6091,-110.6415
Pottsgrove,456.3,40.2644,-75.6093
Monte Grande,882.2,18.0894,-67.1201
Sierra Ridge,2487.8,39.5286,-104.8172
West Wyomissing,1558.4,40.3222,-75.995
Cashmere,1047.3,47.5175,-120.467
Boscobel,388.3,43.1437,-90.6948
Hodgenville,543.1,37.5668,-85.7354
Rush City,296.4,45.6875,-92.9655
Meadow Oaks,862.6,28.3465,-82.6025
Sugar Creek,114.1,39.1433,-94.3994
Penbrook,2818.3,40.2781,-76.8483
Hideaway,609.2,32.489,-95.4578
Ravena,856.4,42.4755,-73.8112
South Jacksonville,555.4,39.7025,-90.2292
Hanceville,285.2,34.0632,-86.7645
Lake Wilderness,597.9,38.3036,-77.7277
Hartsdale,1480.8,41.0154,-73.8036
Orofino,508.9,46.4866,-116.2572
Paloma Creek,2729.1,33.2253,-96.9371
Burgaw,264.7,34.5509,-77.9224
Trafford,867.0,40.3846,-79.7576
Lake Erie Beach,328.0,42.6242,-79.0786
Macungie,1267.3,40.5165,-75.5545
Iowa,369.0,30.2393,-93.013
Venice Gardens,1355.4,27.0739,-82.4125
Calcium,223.4,44.0401,-75.8468
Howards Grove,563.1,43.8261,-87.8232
Mineral Springs,152.6,34.9412,-80.6847
Leisuretowne,606.3,39.8987,-74.7059
Putney,56.9,31.4755,-84.101
Hogansville,171.0,33.1674,-84.9027
Red Rock,26.5,32.561,-111.3745
Zephyrhills North,1261.7,28.252,-82.1654
Weimar,541.1,29.7,-96.7773
Masontown,836.4,39.8486,-79.9085
Goldstream,14.5,64.9339,-148.0083
Melbourne Beach,1265.5,28.0668,-80.561
Willcox,188.6,32.2515,-109.8359
Mount Penn,3056.7,40.3287,-75.8897
Blissfield,555.1,41.8311,-83.8635
Red Oaks Mill,519.3,41.6517,-73.8748
Tallapoosa,124.5,33.7335,-85.2859
Ocilla,490.5,31.5987,-83.2498
Louisiana,398.1,39.4413,-91.0626
Roselawn,188.0,41.1535,-87.2881
Perkins,427.1,35.9785,-97.0301
Kalaeloa,204.5,21.3136,-158.065
Blennerhassett,250.4,39.2562,-81.6316
Port Richey,561.4,28.2759,-82.7254
Smithville-Sanders,116.3,39.0597,-86.5108
South Point,423.3,38.4214,-82.5784
Crestview Hills,655.8,39.0249,-84.5695
Presidio,483.8,29.5603,-104.3653
Hardwick,256.2,33.0523,-83.244
Las Lomas,1200.1,36.8688,-121.7317
Attica,667.1,40.2874,-87.2452
North Lakeport,326.4,39.0883,-122.9053
Nyssa,802.3,43.8779,-116.9956
Grantville,210.9,33.2371,-84.8293
Drum Point,746.5,38.3324,-76.4307
Algoma,506.0,44.6058,-87.4465
Long Lake,1053.2,42.3758,-88.1276
Cordes Lakes,114.8,34.3103,-112.1073
Moosup,509.9,41.7173,-71.8757
North Hartsville,274.3,34.401,-80.071
Heber-Overgaard,180.9,34.4141,-110.5696
Cutten,966.6,40.7657,-124.1445
Beach City,277.1,29.7269,-94.8549
Pistakee Highlands,966.7,42.4023,-88.2115
Minster,577.2,40.3947,-84.3789
Williston Highlands,109.6,29.3336,-82.5357
Red Bay,127.2,34.4357,-88.1361
Kachina Village,1058.4,35.0947,-111.6928
Konterra,204.4,39.0774,-76.9023
Blairsville,876.5,40.4326,-79.2599
Country Squire Lakes,484.6,39.038,-85.6849
Freedom,1093.8,36.9403,-121.7953
Arbuckle,704.2,39.0141,-122.061
Morganfield,440.1,37.6869,-87.8878
Cassville,361.9,36.6786,-93.8682
Mount Shasta,328.6,41.3206,-122.315
Cabán,2731.0,18.445,-67.1363
Helemano,2661.4,21.5362,-158.0194
Brodhead,689.5,42.6168,-89.3756
Warrior,126.5,33.8149,-86.8157
Brackenridge,2410.0,40.6079,-79.7411
Central Park,351.5,46.9705,-123.7018
Lesslie,203.9,34.8856,-80.9541
Wind Gap,923.5,40.8484,-75.2917
Monmouth Beach,1186.1,40.3364,-73.9863
Garnett,400.8,38.2845,-95.2408
Hayfork,17.1,40.561,-123.1298
Mountain Home Afb,123.8,43.0496,-115.8655
Oakridge,571.0,43.7451,-122.4638
Val Verde Park,1509.2,29.3746,-100.8306
Scissors,773.8,26.1333,-98.0475
Salmon,491.9,45.1743,-113.8947
Sewaren,1010.0,40.5519,-74.2581
Orchard City,107.0,38.8144,-107.9705
South Dennis,270.7,41.7051,-70.1537
Old Mystic,287.0,41.3852,-71.9851
Wesleyville,2323.7,42.1369,-80.0123
Hoosick Falls,770.5,42.9009,-73.35
Washington Heights,836.9,41.4692,-74.4177
Comunas,1082.0,18.0846,-65.8435
Carmel-By-The-Sea,1159.1,36.5528,-121.9222
Six Mile Run,164.5,40.473,-74.5334
Brightwaters,1273.5,40.7193,-73.2642
Vado,412.9,32.1278,-106.6571
West Burlington,254.1,40.8215,-91.1755
Belville,721.0,34.219,-77.9976
Aguada,2439.7,18.3803,-67.1884
Barbourville,462.5,36.8667,-83.885
Orchidlands Estates,126.5,19.557,-155.0142
Hortonville,362.0,44.3368,-88.6361
Lake Wynonah,387.4,40.5879,-76.181
Dogtown,94.7,38.2096,-121.1551
Green Level,817.7,36.1233,-79.3463
Le Roy,510.3,40.3395,-88.7628
East Rockingham,358.8,34.9116,-79.7661
Havana,441.7,40.295,-90.0566
Cuba,383.6,38.0671,-91.4057
Annetta,326.2,32.6938,-97.6581
Blue Earth,368.8,43.6409,-94.1005
Millersburg,477.3,40.5533,-81.9171
Tilton Northfield,390.4,43.4444,-71.5924
East Gaffney,404.8,35.0846,-81.6218
Byrnes Mill,237.9,38.4395,-90.5741
Nevada City,544.5,39.2607,-121.0231
Bermuda Run,489.9,36.0041,-80.4306
Grand Saline,583.1,32.6776,-95.7114
Virden,646.9,39.506,-89.7711
Corydon,739.6,38.213,-86.1257
Experiment,410.8,33.279,-84.276
Nags Head,184.6,35.9473,-75.6273
Zillah,670.8,46.4084,-120.2727
Monroe City,402.9,39.6542,-91.7327
Holiday Shores,771.6,38.9222,-89.936
Kingstree,383.8,33.6665,-79.8292
Early,327.4,31.7421,-98.9366
San Castle,2906.4,26.5652,-80.0611
Port Washington North,2548.5,40.8434,-73.7014
Culloden,310.1,38.4154,-82.0705
Combes,375.4,26.2448,-97.7257
Lucerne,226.6,39.0698,-122.7746
Sabana Hoyos,468.3,18.4213,-66.6084
East Dundee,416.2,42.0972,-88.2545
Mountain View Acres,766.8,34.4976,-117.3472
East Greenville,2371.8,40.4057,-75.5059
Pleasant Gap,763.4,40.8673,-77.7439
Oracle,76.7,32.6085,-110.7826
El Verano,1064.0,38.2975,-122.4915
Luis Lloréns Torres,2648.7,18.0565,-66.5267
Ladysmith,288.0,45.4606,-91.0973
Watkinsville,368.3,33.861,-83.4072
Mcdonald,715.8,41.1636,-80.7233
Soda Springs,274.7,42.659,-111.5878
Wolfdale,459.1,40.1979,-80.3001
Bushnell,89.1,28.686,-82.1165
Maybrook,834.5,41.4881,-74.213
Sharpsburg,2514.8,40.494,-79.9249
Carrabelle,253.6,29.8555,-84.6685
Brimfield,305.6,41.0941,-81.3482
Henrietta,237.7,33.8146,-98.1924
Port Aransas,135.2,27.8102,-97.0875
Denmark,310.5,33.3152,-81.1364
Yerington,41.1,38.9554,-119.1101
Cherryvale,669.5,33.9543,-80.4609
Carlyle,353.3,38.6217,-89.3734
Eielson Afb,40.5,64.6741,-147.0605
Juniper Canyon,12.9,44.2027,-120.755
Chenango Bridge,493.8,42.1716,-75.8586
West Fork,323.4,35.9355,-94.18
Gleed,223.5,46.6594,-120.6025
Mount Morris,1052.4,43.1176,-83.6987
Summit Hill,139.0,40.8249,-75.8464
Ferriday,740.8,31.6343,-91.5562
Northwest Harwinton,138.8,41.7769,-73.0794
One Loudoun,1904.8,39.0505,-77.456
Tarpey Village,1536.1,36.7941,-119.7012
San Saba,445.3,31.1975,-98.7194
Lincoln Heights,1623.6,39.2434,-84.457
Lawnside,843.2,39.8673,-75.0289
Cold Spring Harbor,353.4,40.8621,-73.4506
Valley Green,862.3,40.1567,-76.7947
Tybee Island,418.2,32.0095,-80.8531
Choccolocco,103.4,33.6683,-85.7128
La Salle,1223.5,40.3484,-104.7062
Southern Shores,305.2,36.1205,-75.7328
Hollywood Park,832.8,29.5994,-98.4841
Iuka,124.2,34.8077,-88.1978
Gillespie,811.0,39.1258,-89.8174
Woodbury Heights,965.4,39.816,-75.1511
South Alamo,590.2,26.1517,-98.1079
Bethel Acres,42.5,35.3048,-97.037
The Homesteads,314.6,32.4755,-97.1663
North Barrington,254.4,42.2065,-88.1316
Wewoka,248.2,35.1441,-96.4968
Blue Ridge,197.4,37.3783,-79.8206
Lakeshore,1415.1,32.535,-92.0328
Holden Heights,1362.2,28.5013,-81.3878
Abernathy,374.7,33.842,-101.8162
Red Springs,342.7,34.8046,-79.1822
Turner,837.2,44.8489,-122.9518
Moonachie,693.2,40.8408,-74.059
Commercial Point,282.6,39.7809,-83.0387
Marienville,197.9,41.4687,-79.1181
Wallburg,214.4,36.0088,-80.1453
Clyde Hill,1135.6,47.6304,-122.218
New Holstein,477.6,43.9491,-88.0942
Myerstown,1399.3,40.3722,-76.3055
Kilauea,241.2,22.2108,-159.3965
Lake Wissota,317.2,44.922,-91.3013
Proctor,356.3,46.7407,-92.2282
Churchill,547.4,40.4389,-79.8416
Karnes City,515.8,28.8858,-97.9002
Ocean Grove,1808.2,41.7281,-71.2098
Anahola,324.6,22.1455,-159.3151
Tishomingo,226.6,34.2388,-96.683
Parowan,173.7,37.8326,-112.8296
Saluda,367.8,34.0009,-81.7713
Bon Secour,276.5,30.3222,-87.7271
Wildwood Crest,920.4,38.9718,-74.8377
Mcsherrystown,2333.4,39.8036,-77.0199
El Cerro,281.3,34.7807,-106.6955
Fairport Harbor,1162.4,41.7475,-81.2731
Park Hill,48.1,35.8417,-94.9734
Elma Center,190.1,42.8282,-78.6342
Saugatuck,642.3,41.1143,-73.3717
Guayanilla,1678.8,18.0222,-66.7898
Piney Point Village,561.7,29.7588,-95.5156
Burnettown,216.5,33.5186,-81.8635
Jayuya,2467.5,18.2199,-66.5984
Lochsloy,159.7,48.0598,-122.0411
Calais,34.7,45.134,-67.224
Decordova,845.6,32.428,-97.6911
Mount Pocono,345.0,41.1225,-75.3582
Inman,674.9,35.0463,-82.0897
Golden Grove,206.2,34.7324,-82.4407
Tuxedo,27.0,41.2324,-74.1774
Sandia Heights,645.1,35.1747,-106.4884
Shady Cove,611.7,42.6117,-122.8179
Mount Hope,541.0,40.9182,-74.5508
North Middletown,2743.2,40.4395,-74.1179
South Beach,437.8,27.5883,-80.3435
Gladwin,413.4,43.9837,-84.4876
Narragansett Pier,333.4,41.4281,-71.4668
Tama,400.1,41.9648,-92.5743
Stepping Stone,1617.6,39.514,-104.8217
Walsenburg,397.6,37.6307,-104.7818
Old Hill,550.6,41.1491,-73.3764
Oostburg,586.5,43.6237,-87.7888
Blountstown,372.7,30.443,-85.0455
Cordaville,654.1,42.2727,-71.5221
Momence,751.5,41.164,-87.663
Needville,591.5,29.3957,-95.8386
Andrews Afb,171.3,38.8054,-76.8744
Val Verde,462.7,34.4504,-118.6717
Nocona,421.6,33.7835,-97.7302
Green Forest,481.3,36.3347,-93.431
Wanakah,984.5,42.7435,-78.9027
Turnersville,788.5,39.7666,-75.0613
Crown Heights,1404.8,41.6416,-73.9287
Smithsburg,1009.8,39.6559,-77.575
George West,611.0,28.33,-98.1183
Monument Beach,458.7,41.7192,-70.606
Salunga,658.0,40.0929,-76.4279
Potterville,677.8,42.6299,-84.7433
Pitcairn,2340.8,40.4079,-79.7765
Vails Gate,1147.6,41.4588,-74.0533
Sewell,593.5,39.7696,-75.1443
Cactus,554.9,36.0444,-102.008
Arthurtown,635.6,33.9644,-81.0023
Double Oak,483.0,33.0633,-97.1117
Beulah,483.5,47.2665,-101.7734
Okemah,380.6,35.4292,-96.2998
Wormleysburg,1520.4,40.2604,-76.9094
Hilltop,647.0,34.9755,-81.9586
Toa Alta,1682.3,18.3879,-66.2508
Maugansville,482.2,39.6937,-77.7472
Checotah,131.7,35.482,-95.5224
Unadilla,195.3,32.2583,-83.7356
Lakeview Estates,2321.8,33.7047,-84.0367
Biscayne Park,1903.5,25.8818,-80.1814
Corunna,370.5,42.9837,-84.1162
Villalba,908.6,18.1278,-66.4819
Doylestown,633.4,40.97,-81.6954
Lutcher,349.5,30.0646,-90.7124
Ridgemark,458.4,36.8082,-121.3623
Dade City North,717.8,28.3839,-82.1943
Keokea,64.2,20.7211,-156.3625
Underwood-Petersville,203.1,34.877,-87.6975
Wilkshire Hills,254.7,40.636,-81.4313
South Vacherie,231.6,29.9406,-90.6893
Snowmass Village,42.3,39.2212,-106.9392
Cornwall-On-Hudson,591.9,41.4369,-74.0145
Kotzebue,48.2,66.8766,-162.5231
Cache,322.5,34.6294,-98.6184
Cuthbert,386.0,31.7713,-84.794
Cliffwood Beach,1297.2,40.4427,-74.2179
National Park,1165.3,39.8676,-75.1852
Auberry,25.3,37.0853,-119.4495
Holmes Beach,699.9,27.5108,-82.7152
Sherrill,508.0,43.0704,-75.5993
North Sarasota,1428.6,27.3592,-82.5213
Rutgers University-Livingston Campus,879.0,40.5198,-74.4403
Cut Bank,1014.7,48.6344,-112.3304
Little Flock,156.3,36.3853,-94.1363
South Pittsburg,142.8,35.0111,-85.7183
Chappaqua,1295.5,41.1575,-73.766
Chaffee,653.7,37.1812,-89.6615
East Syracuse,752.3,43.0638,-76.0698
Crosby,526.8,29.9146,-95.0591
Hokendauqua,1064.2,40.6585,-75.4952
Bamberg,327.9,33.2995,-81.0323
Deer Lodge,755.2,46.398,-112.7334
Port Angeles East,310.4,48.1041,-123.3694
Shark River Hills,1368.1,40.1923,-74.0463
Crest,179.4,32.8,-116.8671
Windermere,614.8,28.5028,-81.5377
Dadeville,73.5,32.8326,-85.7675
Indialantic,1204.9,28.0871,-80.57
Milaca,342.5,45.7574,-93.6513
St. Maries,985.9,47.3146,-116.5723
Shorewood Forest,616.1,41.4598,-87.1497
Sloatsburg,468.0,41.162,-74.1902
Walbridge,534.5,41.5864,-83.493
New Palestine,571.5,39.7256,-85.896
Dover Base Housing,1555.9,39.1178,-75.4837
Victor,441.4,43.6014,-111.1108
Rosita,148.6,28.6244,-100.4287
Greens Farms,306.8,41.1264,-73.322
Greenwood Lake,576.4,41.2214,-74.2892
Bal Harbour,3169.3,25.8935,-80.1258
Vivian,211.3,32.8711,-93.9862
Harbor Bluffs,1683.7,27.9081,-82.827
Oak Ridge North,780.1,30.157,-95.4421
Tonkawa,282.3,36.6769,-97.3235
Sisters,602.9,44.2923,-121.5531
North Sioux City,349.4,42.535,-96.4998
Malabar,108.8,27.9884,-80.5781
El Lago,1808.5,29.5731,-95.044
Moss Beach,520.5,37.5184,-122.5036
Fairchild Afb,175.8,47.6187,-117.6484
Granite Quarry,395.3,35.6131,-80.4489
Cadiz,132.5,40.2644,-80.998
Waialua,531.3,21.566,-158.1199
David City,277.4,41.2578,-97.1282
Kelly Ridge,595.6,39.5289,-121.4662
Bad Axe,498.3,43.8043,-82.9985
Iron River,172.5,46.0966,-88.6396
Dry Ridge,281.6,39.2589,-84.6342
Groveville,525.0,40.1679,-74.6523
Homedale,822.0,43.6154,-116.9379
Mountville,1348.4,40.0402,-76.4339
Reliez Valley,491.7,37.9399,-122.1027
Baldwyn,100.0,34.5071,-88.6416
Selbyville,300.3,38.4629,-75.2117
Lake Delta,346.7,43.2893,-75.4672
Orwigsburg,534.6,40.6541,-76.104
Montezuma,253.9,32.2997,-84.0246
Elm Springs,194.6,36.2068,-94.2382
Sewanee,298.0,35.1975,-85.9213
Sacaton,124.6,33.0793,-111.7683
Chickamauga,406.5,34.8753,-85.2885
Heavener,235.7,34.8919,-94.6075
Timberville,866.4,38.6335,-78.7731
Avery Creek,668.4,35.4651,-82.5719
Lead,562.2,44.3528,-103.7671
Kalama,321.1,46.0164,-122.8402
Agua Dulce,148.3,31.6549,-106.1369
Bolivar Peninsula,27.2,29.486,-94.5666
Villa Ridge,235.2,38.4676,-90.8854
Barranquitas,1508.7,18.1848,-66.3102
Dequincy,361.6,30.449,-93.4456
Bean Station,195.1,36.3323,-83.2852
Pines Lake,859.7,40.9983,-74.2643
Everson,773.0,48.9125,-122.3507
New York Mills,978.3,43.1007,-75.2932
Kenhorst,1967.7,40.3069,-75.9438
Hopelawn,2638.5,40.5286,-74.2936
Yadkinville,393.4,36.1315,-80.6592
Pawhuska,311.9,36.6687,-96.3313
Quail Ridge,298.3,28.3451,-82.5535
Mauriceville,136.8,30.2187,-93.8758
Dakota City,819.7,42.4184,-96.4201
Parksdale,662.7,36.9465,-120.0212
Kingwood,473.5,39.4719,-79.6822
Bar Nunn,548.2,42.922,-106.3475
Oconto Falls,399.8,44.8738,-88.1444
Port Ludlow,99.8,47.9101,-122.7006
Summerset,422.2,44.1912,-103.3394
Valhalla,1386.1,41.0773,-73.7778
Ava,346.1,36.9547,-92.6662
Kenova,871.4,38.4026,-82.5822
Clever,705.9,37.0333,-93.4729
Jones,84.0,35.5662,-97.2901
Eglin Afb,373.1,30.4592,-86.5499
Dresden,193.3,36.279,-88.694
Richville,372.0,40.7529,-81.4684
Ingalls Park,1032.7,41.5204,-88.0345
Bowmansville,537.0,40.2029,-76.0211
Great Neck Estates,1496.2,40.7857,-73.7396
North Catasauqua,1596.6,40.664,-75.4741
Williams Bay,412.6,42.5788,-88.5457
Genoa City,432.6,42.5065,-88.3192
Flemingsburg,425.7,38.4236,-83.7373
Piedra Aguza,1812.8,18.0338,-66.4955
Green Island,1532.8,42.7474,-73.6926
Paddock Lake,378.5,42.5707,-88.1044
Chattahoochee,204.4,30.6977,-84.8341
Egypt,777.8,40.6856,-75.5335
Canterwood,534.8,47.3765,-122.6021
Valley View,1465.0,39.9497,-76.701
Dixon Lane-Meadow Creek,340.5,37.3864,-118.4153
Dixmoor,916.0,41.633,-87.6673
Lake Royale,175.5,35.9666,-78.196
Amery,367.6,45.3045,-92.3635
Millen,319.2,32.8071,-81.9423
Bishopville,488.6,34.2202,-80.2483
Merrimac,663.9,37.1902,-80.4243
Desert Aire,335.7,46.6873,-119.931
Menlo Park Terrace,2975.2,40.5534,-74.3243
Oaklawn-Sunview,2123.4,37.6084,-97.2984
Moorefield,427.5,39.0675,-78.9623
Gibsonia,296.3,40.6322,-79.9684
Sublimity,1214.9,44.8294,-122.7923
Bushland,190.6,35.1992,-102.0633
Fowlerville,493.0,42.6596,-84.0743
Noroton Heights,1300.0,41.0741,-73.4972
Ferrysburg,380.8,43.085,-86.2221
Dalzell,194.7,34.0189,-80.4297
Naranjito,1716.6,18.3029,-66.2498
Libby,617.9,48.387,-115.5559
Sharpes,474.0,28.4381,-80.7552
Meadowdale,1067.3,47.8583,-122.316
Plumsteadville,476.9,40.3863,-75.1428
Bonny Doon,68.7,37.0436,-122.137
Eddyville,164.1,37.0759,-88.077
Lucedale,177.9,30.9312,-88.5959
Huguley,137.4,32.8431,-85.2396
Afton,45.3,44.9041,-92.8174
Sisco Heights,82.2,48.118,-122.1112
Buzzards Bay,592.8,41.755,-70.6128
Farm Loop,124.7,61.6343,-149.1614
Wise,373.7,36.9767,-82.5809
Lake Point,248.0,40.6815,-112.2632
Barrett,177.5,29.8671,-95.0537
Youngwood,591.0,40.2443,-79.5811
Channel Islands Beach,2682.4,34.1625,-119.2241
Kechi,188.1,37.8234,-97.2891
Shallowater,698.9,33.6901,-101.9893
Ferris,243.5,32.5369,-96.6738
Verona Walk,898.9,26.086,-81.6798
La Villa,1897.5,26.2964,-97.9269
East Prairie,905.1,36.7789,-89.3837
Gowanda,710.0,42.4612,-78.9339
Sorgho,238.4,37.7518,-87.219
Mobridge,576.8,45.5409,-100.4349
Kurtistown,158.0,19.586,-155.0713
Hackberry,1664.5,33.1501,-96.9184
Grottoes,554.1,38.2691,-78.8251
Crownpoint,16.8,35.7173,-108.1432
Mohnton,1478.0,40.2872,-75.987
Chester Heights,509.6,39.8927,-75.4698
Burney,209.9,40.8846,-121.6691
Philippi,398.8,39.1488,-80.0417
Lakemore,776.2,41.0215,-81.4263
Wales,348.9,43.0042,-88.374
North Fork,34.9,37.2306,-119.5199
Delphi,414.3,40.5834,-86.6668
Heritage Lake,373.4,39.7288,-86.7122
Oxoboxo River,264.2,41.4441,-72.1249
Cedar Grove,293.7,30.1812,-85.6268
Pima,154.0,32.8886,-109.8437
Arkwright,434.8,34.9131,-81.9395
Desert Hills,260.9,34.5506,-114.3754
Mount Gilead,331.6,40.5532,-82.828
Lake Shastina,279.8,41.5213,-122.3756
Brandenburg,258.2,37.9956,-86.1773
Amesti,382.3,36.9583,-121.7805
Mascot,161.0,36.0673,-83.7649
North Seekonk,801.1,41.8883,-71.3297
Lula,244.6,34.3955,-83.6659
Lake Junaluska,211.7,35.5305,-82.9749
Cutchogue,114.6,41.0168,-72.4871
Statham,278.5,33.9647,-83.6018
Goldsby,42.7,35.1308,-97.4783
Soperton,254.4,32.3782,-82.5945
Diamond,589.4,41.2852,-88.2507
Winner,488.5,43.3776,-99.8552
Oak Trail Shores,441.2,32.4885,-97.8357
Wynnewood,1885.5,40.0029,-75.2707
Woodlynne,4914.8,39.9167,-75.0957
Galena,242.1,42.4218,-90.4293
Montana City,32.8,46.5257,-111.9401
Fairfield Harbour,388.7,35.0706,-76.9571
Montara,288.5,37.5483,-122.4923
River Bend,445.0,35.0717,-77.1504
Winnebago,578.3,42.2671,-89.234
Mcchord Afb,190.2,47.133,-122.4923
North Browning,387.0,48.5706,-113.0267
Eagle Crest,73.4,44.2614,-121.2995
Rothsville,452.6,40.1532,-76.2473
Seven Fields,1386.2,40.6868,-80.0638
Swift Trail Junction,302.8,32.7305,-109.7148
Turley,307.4,36.2472,-95.9655
Pleasureville,815.8,40.0012,-76.7059
Emajagua,1309.9,18.0016,-65.8829
San Andreas,111.3,38.1911,-120.6763
Mamou,790.1,30.6349,-92.4179
Grissom Afb,278.5,40.6585,-86.1481
Womelsdorf,1284.2,40.3655,-76.1864
Capitanejo,1175.0,18.0132,-66.5358
Bicknell,821.6,38.7743,-87.3078
West Simsbury,239.9,41.8757,-72.845
White River Junction,475.6,43.6499,-72.329
Atkins,181.2,35.2414,-92.9465
Lake Helen,243.9,28.983,-81.2309
Olga,263.5,26.7114,-81.695
Poteet,640.9,29.0373,-98.5728
Cannon Afb,189.4,34.3885,-103.3185
Gramercy,551.8,30.061,-90.6929
Kincheloe,876.9,46.2688,-84.4568
Wimberley,123.9,29.9848,-98.0906
Rogers City,244.6,45.415,-83.8186
Lake Orion,1400.8,42.7827,-83.2453
Freemansburg,1589.3,40.628,-75.3401
Bayshore,468.9,34.2893,-77.8025
Portageville,542.9,36.4295,-89.6993
Hillsville,113.8,36.7613,-80.7371
Rineyville,242.7,37.7501,-85.9703
Stirling,473.6,40.6782,-74.4936
Arcola,547.2,39.6833,-88.3013
Hurlburt Field,109.8,30.4289,-86.6989
Aspinwall,2602.6,40.4929,-79.9037
Mountain Iron,16.2,47.5474,-92.6255
Eutaw,92.7,32.8436,-87.8986
Dodge Center,458.5,44.0284,-92.8518
Pearisburg,346.4,37.3289,-80.7275
Patillas,970.6,18.0069,-66.0134
Westport Village,868.3,41.1428,-73.3609
Gambrills,145.5,39.0927,-76.6511
Bayfield,548.1,37.234,-107.5952
Onawa,209.8,42.0265,-96.0909
Wilburton,355.4,34.9182,-95.3049
Park View,746.0,41.6953,-90.5394
Shady Shores,340.9,33.1632,-97.0401
Ruleville,438.3,33.7245,-90.55
Brazoria,417.4,29.0454,-95.567
Midway South,1127.5,26.1569,-98.0213
Alderton,192.8,47.1728,-122.2209
Emmitsburg,681.8,39.7051,-77.3217
South Padre Island,409.5,26.1218,-97.1703
Savanna,420.7,42.0904,-90.1395
Bellows Falls,810.1,43.1344,-72.455
Weatogue,367.4,41.8459,-72.8294
Cottondale,319.5,33.1923,-87.4543
Arcanum,859.1,39.9923,-84.5543
Gray Summit,142.8,38.4949,-90.8163
Loogootee,702.2,38.6756,-86.914
Quarryville,851.0,39.8957,-76.1617
Aromas,232.1,36.8771,-121.6404
Vamo,1409.6,27.2219,-82.4988
Manistique,342.2,45.9591,-86.2507
Eatonville,600.1,46.8682,-122.2697
Mondovi,281.7,44.5712,-91.6668
Sabina,933.0,39.4903,-83.6345
Agua Fria,452.7,35.6615,-106.0149
Seagraves,755.2,32.942,-102.5657
East Douglas,322.0,42.0779,-71.7121
St. Helen,191.5,44.3592,-84.4117
Whetstone,11.7,31.7258,-110.2746
Emerald Lakes,368.4,41.0845,-75.4154
St. Hedwig,37.0,29.4197,-98.2047
Graymoor-Devondale,1480.2,38.2733,-85.6177
Littleton Common,309.6,42.5352,-71.4727
Osage City,347.9,38.6337,-95.8218
Filer,745.8,42.5679,-114.6115
Natalbany,247.5,30.5486,-90.4848
North Zanesville,308.5,39.9905,-81.9982
La Paloma,508.4,26.0518,-97.6552
Longtown,41.9,35.2408,-95.5176
Gosnell,677.9,35.9644,-89.9721
Norway,115.6,45.7997,-87.914
Rancho Viejo,532.9,26.0358,-97.5568
Hickman,990.4,40.6248,-96.6307
West Union,386.3,38.7917,-83.5441
Roman Forest,500.7,30.1811,-95.1551
Almont,807.6,42.9206,-83.0434
Voorheesville,510.5,42.6517,-73.9347
Lakeside Park,1392.0,39.0339,-84.5673
Liberty City,179.1,32.4502,-94.9439
South Hutchinson,383.8,38.0278,-97.9429
Holualoa,31.1,19.6548,-155.9207
Kewaunee,308.8,44.4607,-87.5132
Knob Noster,378.4,38.7674,-93.5617
Belle Meade,355.1,36.0994,-86.8562
Donalsonville,259.2,31.0404,-84.8792
East Sonora,445.6,37.9774,-120.3409
Pembroke,342.9,34.6766,-79.1935
Santa Claus,168.0,38.1168,-86.9293
Holly Lake Ranch,125.6,32.7125,-95.2003
Sibley,609.9,43.4015,-95.743
Federalsburg,563.7,38.6929,-75.7727
Heyworth,327.2,40.3138,-88.9928
Lake Success,587.8,40.768,-73.7089
Licking,510.2,37.4993,-91.8618
Decherd,225.7,35.2156,-86.0757
Poplarville,200.9,30.8391,-89.5306
St. Henry,629.4,40.421,-84.6324
South Oroville,411.8,39.4767,-121.5439
Cumberland Center,256.5,43.7982,-70.2541
Montgomery City,321.4,38.9737,-91.5024
Spearman,515.4,36.1982,-101.1943
Rafael González,2602.5,18.4264,-66.7872
South Bloomfield,271.0,39.7168,-82.993
Glenrock,470.3,42.8565,-105.8625
Moline Acres,1891.4,38.7456,-90.243
Garrettsville,426.6,41.2844,-81.0932
West Portsmouth,230.3,38.7622,-83.0417
Madrid,884.0,41.8757,-93.8205
Mar-Mac,237.8,35.3345,-78.0545
Mayflower,240.4,34.9688,-92.4224
Stockton University,982.0,39.4889,-74.5417
Skidway Lake,95.7,44.1918,-84.0467
Harveys Lake,200.4,41.3623,-76.0385
Kingston Springs,107.5,36.0842,-87.1039
Palmas Del Mar,359.7,18.0922,-65.8005
Pennington,1124.3,40.3262,-74.7908
Owensville,416.0,38.3491,-91.4974
Towanda,950.0,41.7706,-76.4472
Crewe,535.9,37.1812,-78.1307
Munsey Park,2090.2,40.799,-73.6799
Grundy Center,419.8,42.3637,-92.774
Fairbanks Ranch,211.7,32.9919,-117.1859
Keasbey,738.7,40.5143,-74.3078
Castle Point,1773.9,38.7568,-90.2485
Townsend,1016.6,39.3968,-75.6943
Acushnet Center,761.7,41.685,-70.9064
West Grove,1655.6,39.8206,-75.8284
Gluckstadt,122.7,32.5322,-90.1034
K. I. Sawyer,629.6,46.3299,-87.3673
Follansbee,584.5,40.3385,-80.5975
Cape May,435.4,38.9409,-74.9042
Kemmerer,134.9,41.7761,-110.5555
Winnie,272.1,29.8167,-94.3807
Postville,501.8,43.0842,-91.5676
Walworth,625.1,42.5305,-88.5939
Colfax,284.2,46.9029,-117.34
Inverness Highlands North,536.1,28.8637,-82.3766
Ester,16.7,64.8646,-148.0916
De Leon Springs,398.8,29.1172,-81.3517
Bonifay,228.4,30.7786,-85.6862
Dulce,83.7,36.9399,-107.0049
Jonesville,372.4,36.2336,-80.8351
Coalfield,43.4,36.0219,-84.4414
Coronita,1773.0,33.876,-117.6109
Borrego Springs,24.7,33.241,-116.3571
Combine,147.4,32.5914,-96.5188
Bakerstown,442.1,40.6538,-79.9394
Cokato,690.3,45.077,-94.1877
New Tazewell,211.8,36.4381,-83.6053
Honeoye Falls,421.8,42.9557,-77.5902
Lena,404.6,42.3786,-89.8218
Ciales,922.6,18.3357,-66.4723
Lexington Hills,227.2,37.1617,-121.9879
West Wareham,287.3,41.79,-70.755
Sale Creek,35.5,35.3894,-85.0874
Lawai,264.0,21.9204,-159.5006
Angwin,221.8,38.5776,-122.4513
Hallam,1605.8,40.0024,-76.6041
Pepperdine University,1988.6,34.0422,-118.7091
Homestead Valley,31.6,34.273,-116.4146
Sunray,626.5,36.0184,-101.8245
Stroud,90.7,35.7686,-96.6467
Glen Rose,267.2,32.2461,-97.7442
Shrub Oak,677.7,41.3257,-73.8296
North Beach,2091.7,38.708,-76.5346
Meridian Village,2094.8,39.528,-104.8258
Wernersville,1421.2,40.3302,-76.0818
Beechwood Trails,300.1,40.0251,-82.6463
Weed,221.6,41.4127,-122.3816
Callender,466.8,35.048,-120.576
Wisconsin Dells,136.1,43.6336,-89.7752
Fennimore,616.2,42.9794,-90.6491
Ocean View,383.8,38.5355,-75.0984
Bartonsville,498.9,39.3901,-77.3513
Mangum,631.8,34.8787,-99.5038
Polkton,348.8,35.0031,-80.1963
Pine Mountain Lake,56.2,37.8599,-120.1844
Carrizales,1882.4,18.4811,-66.7879
Emma,979.0,35.6019,-82.5958
Rising Sun,643.3,39.7003,-76.0587
Pine Ridge At Crestwood,673.5,39.9586,-74.3169
Russell Springs,225.6,37.051,-85.0774
Philipsburg,1219.9,40.8952,-78.2146
Tainter Lake,57.4,44.9882,-91.8437
Meadowood,678.4,40.8443,-79.8939
Cecil-Bishop,383.3,40.3185,-80.1919
Van,355.2,32.5242,-95.6373
Mcleansboro,386.9,38.0902,-88.5388
Middlefield,314.1,41.46,-81.071
Keego Harbor,2140.6,42.6088,-83.3442
Hypoluxo,1868.2,26.5634,-80.0531
Hallettsville,387.4,29.4431,-96.9435
New Cordell,471.0,35.2968,-98.9838
Lawson,357.3,39.4361,-94.2152
Citrus City,509.7,26.3281,-98.3923
Campo,45.0,32.6394,-116.4744
Mars Hill,502.6,35.8283,-82.549
Pine Lawn,1707.4,38.6953,-90.2757
Wareham Center,653.6,41.7498,-70.7207
Lake Heritage,570.0,39.8098,-77.1854
Burns,297.5,43.5883,-119.0612
Potala Pastillo,2075.5,17.9921,-66.4966
Westmoreland,224.3,36.562,-86.246
Kulpmont,1101.2,40.7954,-76.4721
Warren Afb,225.4,41.1488,-104.8618
North Kingsville,118.1,41.9188,-80.6723
Refugio,669.8,28.3074,-97.275
Edcouch,1018.4,26.2937,-97.9631
Highspire,1465.8,40.2085,-76.7851
Jemison,92.8,32.9696,-86.7339
Roseau,392.2,48.8445,-95.7625
Delavan Lake,250.5,42.5992,-88.6176
Talty,310.6,32.6944,-96.4009
Dermott,307.8,33.5271,-91.4323
Chimayo,136.1,35.9981,-105.9413
New Town,364.4,47.989,-102.4882
Leisure Knoll,1184.8,40.0186,-74.2909
Sands Point,249.3,40.8528,-73.7044
Balcones Heights,1606.9,29.4899,-98.5503
Jay,315.6,36.4271,-94.7956
Slippery Rock University,1910.4,41.0647,-80.0419
Island Walk,1028.0,26.251,-81.711
Santa Rosa Valley,145.7,34.2459,-118.9018
Essex Village,273.6,41.3559,-72.3919
Lake Wazeecha,253.1,44.3696,-89.7549
Luxemburg,418.4,44.5447,-87.7065
Gold Key Lake,461.4,41.3145,-74.9434
New Madrid,233.3,36.5878,-89.5505
Swedesboro,1436.2,39.7459,-75.3117
Luyando,640.5,18.3575,-67.1553
Thermopolis,439.2,43.6479,-108.2139
Vernonia,638.4,45.8611,-123.1834
Oakbrook Terrace,800.5,41.8538,-87.9691
Bel-Ridge,1355.6,38.7129,-90.3285
West Ishpeming,354.1,46.4884,-87.717
East Dublin,248.2,32.5468,-82.8675
La Dolores,1587.6,18.3725,-65.8546
Brogden,472.5,35.2961,-78.025
Eminence,367.7,38.3637,-85.1779
Haslet,116.4,32.9609,-97.3387
Acres Green,1739.5,39.5557,-104.8958
Bayview,1419.2,40.7654,-124.1787
Lake Caroline,368.4,37.9856,-77.5244
Sissonville,81.9,38.5042,-81.6398
Pawnee,784.4,39.5937,-89.5846
Venetian Village,589.5,42.4012,-88.0468
Vassar,485.9,43.3719,-83.577
Gastonville,382.6,40.2669,-80.0095
East Norwich,992.0,40.8495,-73.5288
Schulenburg,399.1,29.682,-96.9075
Stigler,386.3,35.257,-95.1181
Marionville,584.1,37.002,-93.6362
Canadian Lakes,100.9,43.5815,-85.2986
Bay Pines,803.3,27.8139,-82.7748
La Luisa,1059.5,18.4488,-66.5078
Cohasset,37.7,47.2389,-93.6396
East Lansdowne,7278.0,39.944,-75.2608
Edneyville,97.0,35.4025,-82.3372
Lovettsville,1166.9,39.2731,-77.64
Kennedy,859.2,37.929,-121.2456
West Bishop,118.9,37.3571,-118.4542
Cajah'S Mountain,307.1,35.8508,-81.5361
Chatfield,401.6,43.8445,-92.1829
Evansburg,645.7,40.1898,-75.434
Pioneer Village,847.5,38.0599,-85.68
Myrtle Point,646.0,43.0617,-124.1327
Brinckerhoff,589.6,41.5515,-73.8654
Green Park,792.9,38.5243,-90.3366
Sutter Creek,384.6,38.3827,-120.8106
Muse,668.3,40.2924,-80.2055
Muncy,1229.4,41.2021,-76.7854
Baiting Hollow,199.1,40.9582,-72.7395
East Tawas,368.7,44.2884,-83.4849
Friday Harbor,473.9,48.5324,-123.0657
Missouri Valley,312.0,41.5592,-95.9028
Oronogo,417.0,37.1917,-94.464
Colwyn,5315.3,39.9119,-75.253
Fobes Hill,222.6,47.9392,-122.1341
Plainsboro Center,1409.4,40.3311,-74.5925
West Belmar,2207.8,40.1707,-74.0376
Lomira,471.3,43.5946,-88.4421
Mccormick,255.5,33.9128,-82.2876
Helper,572.0,39.6898,-110.8596
Wrightsville Beach,741.8,34.213,-77.798
Kalona,480.0,41.4874,-91.7018
Owens Cross Roads,131.0,34.5845,-86.4574
Seaville,314.9,39.2093,-74.7136
Belmond,365.0,42.8464,-93.6084
White Mountain Lake,43.0,34.3441,-109.9878
Central Heights-Midland City,532.9,33.4,-110.8153
Newtown,500.0,39.1243,-84.3517
Thruston,585.2,37.7903,-87.0265
Hawarden,372.8,43.0015,-96.4828
Vineyard Haven,791.0,41.4572,-70.607
Tompkinsville,314.1,36.7012,-85.6927
Reed Creek,43.3,34.4395,-82.9103
Brisas Del Campanero,1490.6,18.4316,-66.2261
Sutter,340.9,39.1556,-121.7493
Wentworth,72.6,36.3914,-79.751
Abita Springs,224.6,30.4761,-90.0293
Sully Square,1298.5,38.9183,-77.4248
Croswell,436.9,43.2736,-82.6177
Lakehurst,1149.9,40.0133,-74.3201
Odell,509.9,45.6354,-121.5522
La Fayette,116.2,32.8997,-85.4007
Ball Ground,160.2,34.3426,-84.3637
North Pole,251.7,64.7529,-147.3599
Glenville,1370.7,41.0351,-73.6657
Grifton,383.0,35.3795,-77.4281
Weedpatch,288.9,35.2369,-118.9123
Peaceful Valley,410.1,48.9507,-122.1484
Pine Mountain Club,61.0,34.8446,-119.1669
Paramount-Long Meadow,470.7,39.6798,-77.6921
Hoisington,885.4,38.5181,-98.7774
Lincoln Beach,317.4,44.8746,-124.031
Davis Junction,244.1,42.1146,-89.0903
Evendale,215.0,39.2509,-84.4268
Allyn,642.0,47.3863,-122.8386
Driggs,282.2,43.7299,-111.1043
Rock Rapids,243.4,43.4273,-96.1662
Shawneeland,134.9,39.1968,-78.3465
West Wyoming,285.5,41.3216,-75.8578
East Bernard,270.5,29.5241,-96.0622
Wilson'S Mills,160.4,35.5864,-78.3643
Anahuac,493.7,29.7649,-94.6787
Holly Hills,1764.1,39.6678,-104.9216
Brinkley,180.0,34.89,-91.1902
New Bremen,437.4,40.4355,-84.3778
Shadybrook,132.5,32.1108,-95.4212
Belgium,475.7,43.5018,-87.8476
Breezy Point,87.2,46.6081,-94.218
White Sulphur Springs,545.4,37.7981,-80.3005
Louisa,455.3,38.1081,-82.6132
Pemberton Heights,1053.9,39.9563,-74.6768
Casselton,471.4,46.8973,-97.2128
Casa Conejo,2161.3,34.1848,-118.9445
Dillsburg,1262.0,40.1103,-77.0335
Indian Springs Village,262.5,33.359,-86.7492
Avilla,590.7,41.3637,-85.2317
Deep River Center,268.1,41.3789,-72.4411
Lineville,105.3,33.3129,-85.7508
Healdton,63.3,34.2335,-97.4867
Palmer Lake,329.1,39.1153,-104.906
Carleton,1026.2,42.0572,-83.3899
Oakland City,996.6,38.3378,-87.3493
Bawcomville,321.2,32.4702,-92.1736
Ninety Six,526.4,34.1696,-82.0239
Lido Beach,600.9,40.5911,-73.6128
Leadville,866.6,39.2473,-106.2934
Huntingtown,126.0,38.6117,-76.6187
Masonville,98.2,37.6718,-87.0511
Watonga,269.7,35.8691,-98.4166
Overton,151.7,32.2759,-94.9726
Valentine,385.7,42.8758,-100.5466
Tobaccoville,132.9,36.2257,-80.359
Briarcliff,645.6,30.4088,-98.0452
Montague,386.5,43.4128,-86.3636
Merkel,362.9,32.4698,-100.0111
West Newton,979.0,40.2094,-79.7699
Ruidoso Downs,267.9,33.3311,-105.5969
Paia,165.6,20.9062,-156.3677
Jarrettsville,117.5,39.6031,-76.4752
St. Pauls,623.4,34.8086,-78.9751
East Williston,1783.6,40.7608,-73.6336
Boron,74.0,35.0161,-117.6661
Pottsboro,321.1,33.7708,-96.6714
Varnell,254.8,34.9015,-84.9645
Ball Pond,898.2,41.4618,-73.5268
New Concord,560.1,39.9937,-81.7381
Hoxie,151.9,36.036,-90.9736
Okolona,141.1,34.0053,-88.7479
Reynoldsville,729.6,41.0944,-78.8876
Eldora,236.5,42.3605,-93.1013
Chamberlain,225.9,43.7956,-99.3263
Leith-Hatfield,547.7,39.8772,-79.7314
Forest Heights,616.4,38.8052,-77.0055
Silver Creek,879.7,42.5427,-79.1678
Floydada,497.3,33.9835,-101.3368
Westworth Village,487.5,32.7599,-97.4239
Deatsville,210.1,32.5864,-86.3917
Mcadoo,1657.0,40.9009,-75.9924
Dora,127.8,33.7288,-87.0842
Devola,196.8,39.4738,-81.468
Derry,1308.5,40.3335,-79.3011
Mattawan,264.8,42.2165,-85.7858
Berkeley Lake,580.7,33.9805,-84.1839
Bonners Ferry,441.0,48.6928,-116.3184
Hide-A-Way Lake,667.6,30.574,-89.6418
West Brattleboro,617.2,42.8559,-72.6018
Lithonia,1087.8,33.7129,-84.106
Panhandle,475.0,35.3461,-101.3804
Marquette Heights,1035.8,40.6184,-89.6048
Strafford,301.4,37.2689,-93.1183
Graceville,232.7,30.9609,-85.5123
Maine,23.4,45.0497,-89.6817
Pleasant Ridge,1761.6,42.4715,-83.1445
Braddock Heights,188.6,39.4117,-77.4991
Stapleton,92.2,30.7395,-87.7943
Delmont,952.1,40.4145,-79.5728
New Ellenton,226.4,33.4199,-81.6826
Liverpool,1337.9,43.1065,-76.2095
Wolf Point,1139.0,48.0933,-105.6414
Piketon,399.7,39.0649,-82.9986
Hennessey,271.1,36.1056,-97.8989
Eastpoint,135.0,29.7543,-84.8695
Osseo,1352.8,45.1179,-93.3991
Thorsby,172.3,32.9169,-86.7203
Graysville,62.5,33.6567,-86.9665
Grand Point,233.8,30.0451,-90.7488
Sylva,316.5,35.3754,-83.2185
Horseheads North,453.9,42.1928,-76.8078
Lake Arthur,541.2,30.0795,-92.6773
Ashley,1075.1,41.2128,-75.8993
Cape Carteret,397.4,34.6973,-77.0573
Yardley,1073.2,40.2408,-74.8386
Palmhurst,225.3,26.2583,-98.2953
Holley,282.3,30.454,-86.9036
Telluride,453.2,37.9364,-107.827
Ravenel,76.0,32.778,-80.2281
Loíza,1939.2,18.4309,-65.8801
Sisseton,629.2,45.6625,-97.0454
Clarkson Valley,371.4,38.6255,-90.5945
Brusly,452.2,30.3943,-91.2517
Lovell,907.6,44.8357,-108.3919
North Boston,242.2,42.6773,-78.7793
Caddo Mills,193.7,33.0504,-96.2279
Pelican Rapids,386.9,46.57,-96.0861
Jarrell,273.4,30.8103,-97.6144
Gervais,2452.3,45.1081,-122.8964
Marthasville,1169.5,38.6309,-91.0572
Marshville,470.5,34.9865,-80.3685
Alburtis,1412.4,40.509,-75.6001
West Dennis,306.2,41.6666,-70.1656
Round Lake Heights,1732.8,42.3855,-88.1038
Hampton Beach,784.3,42.914,-70.8127
Mohave Valley,71.2,34.9008,-114.5732
The Plains,437.6,39.3655,-82.1343
Tularosa,353.9,33.0753,-106.0175
Poynette,388.2,43.3922,-89.4059
North Crossett,95.6,33.1707,-91.9367
Holcomb,806.2,37.9859,-100.9936
Haw River,321.7,36.0926,-79.3615
Palisade,838.3,39.1084,-108.3573
Wild Peach Village,99.5,29.081,-95.6372
Cape Neddick,266.8,43.1706,-70.622
Bono,373.3,35.9111,-90.8009
Mineral Point,317.2,42.8632,-90.1814
Erwinville,104.4,30.541,-91.3885
Northeast Ithaca,676.6,42.4703,-76.4623
Guyton,275.1,32.341,-81.4224
Rancho Santa Fe,148.1,33.024,-117.1992
Mattapoisett Center,203.3,41.6666,-70.8056
Rangely,226.5,40.0861,-108.7795
Keeseville,165.0,44.5035,-73.4812
Vergennes,404.2,44.1664,-73.2557
West,581.6,31.8032,-97.0941
Hallowell,169.2,44.2905,-69.814
South Paris,256.0,44.219,-70.5113
Loris,218.0,34.0578,-78.8876
Wabasha,121.1,44.3706,-92.042
Lapel,95.6,40.0334,-85.8406
England,524.9,34.5454,-91.9675
Tropical Park,1811.5,28.3805,-80.7075
Ravensworth,1096.7,38.8033,-77.2222
Edwards Afb,57.8,34.9045,-117.9294
Roosevelt Gardens,2310.5,26.1406,-80.181
Cascade,515.4,42.3018,-91.0048
Des Allemands,99.5,29.8162,-90.4746
Landrum,374.2,35.1747,-82.1848
Fiskdale,312.5,42.1229,-72.1089
Escobares,370.2,26.4119,-98.96
Brush Prairie,128.8,45.725,-122.5483
Coquí,1062.7,17.9793,-66.2255
Gibsonburg,426.4,41.3875,-83.3216
Shawnee Hills,368.8,39.6515,-83.7822
Kimberling City,282.0,36.6441,-93.4239
North Falmouth,253.7,41.6394,-70.6251
White Pine,343.7,36.1087,-83.297
Sneads Ferry,259.7,34.5564,-77.3824
Day Heights,837.6,39.1755,-84.2275
Weatherly,331.3,40.942,-75.821
Rugby,431.7,48.3654,-99.9903
Henagar,43.6,34.6306,-85.7413
Honaunau-Napoopoo,25.9,19.4538,-155.8588
Conrad,775.0,48.1741,-111.9467
Chewelah,333.6,48.293,-117.7336
Lawson Heights,644.2,40.2938,-79.3873
Thunderbolt,733.7,32.0339,-81.0479
Clarence Center,436.2,43.0085,-78.6309
Hermann,385.8,38.6983,-91.4342
New Lisbon,346.5,43.8781,-90.1624
Pagedale,817.0,38.6802,-90.3081
Ingenio,1811.8,18.4453,-66.2239
Bald Knob,198.3,35.3123,-91.5709
Cave City,222.3,37.14,-85.9646
Snow Hill,663.8,38.1729,-75.3903
Park Center,150.0,38.4835,-105.224
Wailua,639.7,22.0551,-159.3401
Fritch,605.5,35.6431,-101.5964
Curwensville,440.9,40.9735,-78.519
Coto Laurel,1558.6,18.0491,-66.5517
Galva,351.9,41.1689,-90.0375
Navy Yard City,1598.4,47.5508,-122.6655
Astatula,313.0,28.7065,-81.7346
Ranger,140.2,32.4693,-98.6751
Kent Acres,1155.0,39.1324,-75.516
Valley Hill,422.7,35.2958,-82.4913
Pine Canyon,293.8,36.1757,-121.1498
New Stanton,244.6,40.2237,-79.6086
Sandstone,186.2,46.1292,-92.8646
Tilton,257.6,40.0951,-87.6424
Fearrington Village,547.9,35.7996,-79.0818
Meadow Glade,268.9,45.7524,-122.5615
Blasdell,870.8,42.7964,-78.8324
South Taft,909.3,35.1293,-119.4575
Fort Pierre,313.7,44.368,-100.3831
White Salmon,635.7,45.7283,-121.4853
West Berlin,835.5,39.8104,-74.9407
Lake Belvedere Estates,2428.8,26.6888,-80.1326
Chauvin,205.2,29.4455,-90.5939
Bells,412.2,35.7203,-89.0859
La Mesilla,219.4,35.9461,-106.0719
Warden,327.2,46.9672,-119.0523
Strawberry Plains,233.4,36.0632,-83.6594
Lake Crystal,572.6,44.1053,-94.2188
Chase City,446.7,36.7998,-78.461
Sterling Ranch,176.7,39.4932,-105.0475
East Newark,4976.2,40.751,-74.1623
Westbrook Center,578.6,41.2811,-72.4424
Paden City,1154.4,39.6034,-80.9351
Meeker,272.0,40.0499,-107.8947
Dalton Gardens,409.5,47.7329,-116.7696
West Branch,379.3,41.6661,-91.3441
Norton Center,574.7,41.9725,-71.1854
Rheems,683.3,40.1254,-76.5697
Sardis,487.6,34.4355,-89.9114
Weldon,36.6,35.6431,-118.3102
Panorama Village,905.7,30.3806,-95.4944
Ponder,289.1,33.1781,-97.291
Freer,236.3,27.8823,-98.6178
China Lake Acres,187.0,35.6387,-117.7668
Nicholson,161.2,30.4866,-89.6997
Avoca,954.7,41.3382,-75.7422
St. Leo,765.9,28.3363,-82.2588
Calvert City,54.5,37.0294,-88.3602
South Rosemary,159.1,36.4463,-77.7065
Rouses Point,556.1,44.9933,-73.3633
La Selva Beach,183.6,36.9275,-121.8444
West Hammond,106.8,36.6807,-108.0433
Winneconne,655.7,44.1111,-88.7116
Wakarusa,441.4,41.5336,-86.0137
Goose Creek Village,6.2,39.0432,-77.5254
Croom,28.4,38.7458,-76.7555
Hernando Beach,274.1,28.4753,-82.6612
Nice,562.8,39.1266,-122.8525
Star Valley,26.9,34.2611,-111.2197
Cayucos,313.5,35.4375,-120.8846
Whittingham,1416.4,40.3268,-74.4458
Fairfield University,1782.6,41.159,-73.2571
North Prairie,352.7,42.9357,-88.4037
Le Center,579.0,44.3866,-93.7311
Laurel Lake,558.5,39.3265,-75.0305
Pelican Marsh,494.6,26.2545,-81.7861
Buckeye Lake,491.4,39.9355,-82.4825
Geistown,913.5,40.2935,-78.8726
Cricket,274.2,36.1688,-81.1933
De Leon,432.7,32.1114,-98.5352
Nicoma Park,288.6,35.4913,-97.3254
La Pine,135.8,43.6869,-121.4853
Brewster,1975.6,41.397,-73.6151
Garden View,895.6,41.2567,-77.0492
Hazen,688.2,47.299,-101.6259
Woodland Beach,1863.6,41.9419,-83.314
Lavonia,214.9,34.4341,-83.1079
Herald Harbor,576.6,39.0516,-76.5746
Penndel,2317.1,40.1551,-74.9147
Sumiton,167.8,33.7502,-87.0483
Munsons Corners,436.6,42.5761,-76.2053
Reed City,460.1,43.8725,-85.5068
Pymatuning Central,59.1,41.5855,-80.4795
North York,1966.8,39.978,-76.7308
North Yelm,292.3,46.9648,-122.6027
Maynardville,179.0,36.247,-83.8057
Mayer,703.0,44.8868,-93.8904
Mosheim,151.1,36.1955,-82.9655
Rainier,555.1,46.8917,-122.6866
Effort,191.2,40.9436,-75.439
Lake Kiowa,322.8,33.5703,-97.0129
Polo,663.7,41.9847,-89.5791
Berkshire Lakes,1464.5,26.1602,-81.7274
Kings Beach,336.7,39.245,-120.0203
Daingerfield,392.0,33.0306,-94.725
Creola,61.2,30.8906,-88.0132
Mineralwells,625.5,39.1807,-81.513
Brookwood,114.8,33.2398,-87.3277
Council Grove,449.7,38.6617,-96.4909
Newaygo,254.9,43.4162,-85.8031
Ozona,205.7,30.7074,-101.206
Rose Hills,2201.5,34.0089,-118.0419
Hudson Oaks,303.2,32.7509,-97.7001
Lytle,201.3,29.2342,-98.795
Zellwood,254.9,28.7294,-81.5895
Mabton,1136.9,46.2116,-119.9938
Las Animas,588.8,38.0695,-103.2236
Pajaro,1030.8,36.9017,-121.7417
Walnut Hill,233.4,36.5679,-82.2655
Landisville,750.0,40.0902,-76.4064
Henry,532.4,41.1172,-89.3569
Cudjoe Key,184.9,24.6745,-81.4986
Piney Mountain,833.7,38.1591,-78.4156
Johnsonburg,331.8,41.4913,-78.6791
Okanogan,475.5,48.3673,-119.578
Pageland,196.9,34.772,-80.3897
Westhampton Beach,325.1,40.8081,-72.6457
Carnation,825.7,47.6443,-121.904
Paynesville,417.5,45.3785,-94.7216
Owings,242.6,38.7117,-76.6055
Wellton,32.9,32.6401,-114.2152
Ixonia,262.1,43.1396,-88.5963
Guin,63.7,33.9832,-87.9023
St. Croix Falls,190.6,45.41,-92.6266
Mcqueeney,233.0,29.6,-98.0439
Leonard,416.3,33.3829,-96.2467
Crisfield,549.1,37.984,-75.8512
Pantego,914.9,32.7149,-97.1538
Lavaca,428.3,35.3342,-94.1798
Tokeneke,406.8,41.0619,-73.4643
Weatherby Lake,927.0,39.2366,-94.6958
Hayti,681.8,39.9873,-75.8454
Myersville,819.6,39.5062,-77.569
Portola,175.8,39.8241,-120.4733
Chilhowie,375.1,36.8009,-81.6832
Jonestown,145.6,30.4755,-97.9296
Cabool,239.2,37.1262,-92.1032
Italy,473.7,32.1857,-96.8867
Terre Du Lac,135.9,37.9042,-90.6168
Horseshoe Bend,71.0,36.2218,-91.7396
Emsworth,1669.0,40.5112,-80.0966
Piperton,34.9,35.0512,-89.6091
Tahoka,398.1,33.164,-101.7949
Gold Beach,374.1,42.3974,-124.4171
Kennesaw State University,2417.2,34.0379,-84.5826
Stormstown,126.9,40.7889,-78.0192
Oakwood Hills,870.7,42.2478,-88.2401
Kiln,72.0,30.4171,-89.4322
Baldwinville,369.3,42.6048,-72.0771
Ingalls,315.0,39.9748,-85.8157
Mccoll,902.0,34.6665,-79.5447
Rural Hill,233.3,36.1157,-86.5145
Oakboro,373.9,35.2283,-80.3339
Swepsonville,658.0,36.0285,-79.3549
Mckinley,1072.3,40.0839,-75.1106
Aviston,591.3,38.6162,-89.6087
Lake Ozark,131.6,38.2035,-92.6258
Sag Harbor,529.0,40.9971,-72.2892
Rockwell City,224.4,42.3981,-94.6289
Matoaca,367.7,37.2313,-77.4679
Matamoras,1364.3,41.3666,-74.6997
Warm Springs,22.3,44.7669,-121.2898
Texanna,23.8,35.3572,-95.5047
Mayodan,328.3,36.421,-79.9675
Winamac,693.4,41.0535,-86.6037
Grandy,139.3,36.2341,-75.8785
Malad City,557.9,42.1899,-112.2497
Lafourche Crossing,223.7,29.7675,-90.7697
Claxton,541.7,32.1613,-81.9094
Hughesville,1460.2,41.239,-76.7254
Nekoosa,278.3,44.3134,-89.9073
Junction,409.5,30.4906,-99.7726
Lake Placid,200.9,27.3037,-81.371
Ashford,151.8,31.1858,-85.2359
Plattsburg,261.3,39.5644,-94.4615
Beresford,527.3,43.0797,-96.7803
Sky Valley,38.7,33.8913,-116.3551
East Berwick,1034.2,41.0657,-76.2208
Halstead,637.8,37.9999,-97.5102
Dunnellon,106.6,29.0572,-82.4289
Piermont,1397.0,41.0423,-73.9148
Varnville,245.1,32.8521,-81.0802
Fritz Creek,17.4,59.747,-151.2885
Romoland,352.6,33.7648,-117.1572
Port Allegany,529.1,41.8148,-78.2769
Plum Grove,258.1,30.2007,-95.0956
Kahuku,972.2,21.6793,-157.9473
Premont,552.4,27.3585,-98.1244
Charlevoix,456.4,45.3137,-85.2558
Thorofare,278.6,39.8515,-75.1988
Vista Santa Rosa,58.0,33.6226,-116.2126
Gloverville,257.3,33.5274,-81.8144
Kiefer,392.5,35.9442,-96.0529
Bennington,1039.9,41.3682,-96.1616
Woodsfield,462.8,39.7631,-81.1169
Poland,570.5,41.022,-80.6156
New Orleans Station,179.3,29.8314,-90.0211
Christopher,574.5,37.9707,-89.0531
Chesaning,303.0,43.1851,-84.12
Elysburg,319.1,40.868,-76.5492
Coudersport,165.1,41.7758,-78.016
St. Ignace,352.6,45.8694,-84.7258
Moriches,448.5,40.807,-72.8235
Lipscomb,790.2,33.426,-86.9261
Neuse Forest,294.0,34.966,-76.94
Cordova,15.1,60.5347,-145.6087
Holiday Island,128.0,36.4762,-93.7343
Pretty Bayou,601.4,30.1976,-85.6974
Hardinsburg,268.4,37.7755,-86.4537
Prince Frederick,253.4,38.544,-76.5879
Delcambre,791.0,29.9516,-91.9916
Tool,258.0,32.2803,-96.1725
Red Lodge,341.5,45.1933,-109.2501
Lake Meade,700.4,39.9835,-77.0422
Maxton,343.1,34.7365,-79.3527
Jamestown West,367.4,42.0885,-79.281
Mendenhall,173.0,31.9609,-89.8692
Calabash,126.9,33.8957,-78.5514
Amboy,149.0,41.7287,-89.3685
Gold Bar,873.2,47.8563,-121.6921
Poydras,236.6,29.8626,-89.8877
Cedaredge,471.4,38.8941,-107.9255
Belleair Bluffs,2007.3,27.9198,-82.8191
Stonewall,107.6,32.2716,-93.8099
Kings Bay Base,335.8,30.7985,-81.5628
Elk Point,596.1,42.6812,-96.6805
Laurel Park,327.9,35.3118,-82.5039
Ben Bolt,75.4,27.6659,-98.0967
Idalou,913.2,33.6624,-101.6838
Big Sky,7.7,45.2592,-111.3426
Adamstown,668.0,40.2417,-76.0608
Bourg,163.2,29.557,-90.6064
Lauderdale,2197.9,44.9942,-93.2026
Spring Arbor,331.6,42.2055,-84.5551
Falling Waters,732.1,39.5637,-77.8875
Coopersburg,986.6,40.5102,-75.3915
Window Rock,174.1,35.6705,-109.0639
Bridgman,318.1,41.9396,-86.5652
Gunter,47.4,33.4647,-96.7646
Maurice,330.3,30.1042,-92.1211
Spruce Pine,226.4,35.9104,-82.0731
Madelia,607.6,44.0482,-94.4199
Westby,340.6,43.653,-90.8584
Carlton,1040.0,45.2945,-123.1753
Pine Beach,1443.2,39.9359,-74.17
Lake Lotawana,88.9,38.902,-94.2626
Yanceyville,132.4,36.4101,-79.3356
Woodcreek,844.2,30.0266,-98.1115
Villa Grove,610.7,39.8645,-88.16
Pocasset,248.0,41.6877,-70.6195
Twain Harte,247.7,38.0384,-120.234
Four Oaks,326.1,35.4449,-78.4159
Blue Mound,1814.5,32.8543,-97.3383
Long Neck,331.9,38.6205,-75.1529
East Ithaca,427.2,42.4276,-76.4612
Loma Rica,49.5,39.3204,-121.4038
Middlebranch,1088.5,40.8967,-81.3322
Bayard,962.5,32.7579,-108.1337
Kalkaska,347.1,44.7318,-85.1834
Bay,296.2,35.7456,-90.5546
Remlap,56.2,33.8049,-86.597
Elmwood Place,3299.2,39.1855,-84.4891
Como,325.0,42.6126,-88.4858
Edgemont Park,1099.9,42.7468,-84.5926
Prairie Creek,209.1,36.3412,-94.0602
Tullytown,601.9,40.1401,-74.8107
Perezville,1214.5,26.2456,-98.4024
Perryman,167.7,39.4632,-76.212
Wellsburg,940.9,40.281,-80.6102
Nixon,583.7,29.2698,-97.7658
Kinder,165.0,30.4835,-92.8508
Excelsior,1447.8,44.9025,-93.5663
Manahawkin,493.8,39.6931,-74.2495
Coventry Lake,254.7,41.7732,-72.3299
Argentine,384.3,42.7905,-83.8356
Cambridge Springs,1024.5,41.802,-80.0598
South Greensburg,1287.3,40.2783,-79.5473
Kualapuu,31.1,21.1564,-157.0591
Coal Creek,96.9,39.9071,-105.3799
Dennison,672.4,40.3973,-81.3274
Roaring Spring,1129.8,40.3348,-78.3958
Fairmont City,146.5,38.6504,-90.1024
Coaldale,417.6,40.8197,-75.9161
Honokaa,431.4,20.0776,-155.4644
Woodworth,102.2,31.1656,-92.5098
Kenly,483.2,35.5885,-78.137
Mount Union,782.3,40.3846,-77.8822
Siena College,1461.7,42.719,-73.75
Horse Cave,288.2,37.1738,-85.9146
Halesite,1016.9,40.8863,-73.4138
New Chicago,1347.0,41.5587,-87.2718
Toftrees,981.0,40.8249,-77.885
Ranchos De Taos,257.0,36.3619,-105.6016
Ocala Estates,929.0,29.2018,-82.3098
Colonial Pine Hills,59.3,44.0141,-103.3146
Ferdinand,394.4,38.227,-86.8631
Wesson,201.1,31.6999,-90.3961
East Oakdale,168.0,37.7855,-120.8009
Loop,497.2,40.4229,-78.3649
Granby,204.7,36.918,-94.2607
West Hill,611.2,41.2299,-80.5269
Alta,839.3,42.6717,-95.3045
Lithopolis,398.9,39.8112,-82.8155
Elk Creek,156.3,38.117,-85.3722
King Arthur Park,1955.4,45.6663,-111.1268
Conesus Lake,207.4,42.7756,-77.7135
Aberdeen Proving Ground,81.2,39.4672,-76.1308
Cumings,496.8,29.5836,-95.7966
Bentleyville,244.8,40.1178,-80.0044
Fort Hall,25.8,43.0144,-112.4572
Connelly Springs,181.2,35.755,-81.4971
Leonardo,1521.2,40.419,-74.0599
Penn Farms,608.1,40.416,-78.4134
Antlers,290.8,34.2329,-95.6229
Grenelefe,212.7,28.0579,-81.5538
Deenwood,269.4,31.2477,-82.3677
The Hideout,147.8,41.4398,-75.3478
Eleele,1174.6,21.9087,-159.5802
Stephens City,372.1,39.0902,-78.223
North Rock Springs,61.2,41.6698,-109.2714
Cetronia,1112.9,40.5856,-75.5438
Aliceville,197.5,33.1237,-88.1593
Gibbsboro,419.3,39.8333,-74.9657
Blanco,258.6,30.0987,-98.4169
Demorest,401.9,34.5648,-83.5424
Royston,273.3,34.2861,-83.1106
Aristocrat Ranchettes,727.9,40.1096,-104.7549
Ben Avon,539.4,34.9328,-81.8763
Pierre Part,293.2,29.9555,-91.2073
Mount Holly Springs,662.7,40.1126,-77.1854
Point Of Rocks,804.3,39.2782,-77.5291
Clifton Gardens,816.9,42.8474,-73.7838
Campo Rico,2157.9,18.3391,-65.8943
El Cenizo,1744.4,27.3318,-99.5028
Encantada-Ranchito-El Calaboz,341.7,26.0338,-97.6337
Koloa,718.5,21.9031,-159.4611
Sabetha,269.6,39.913,-95.7913
Elmendorf,146.2,29.258,-98.3218
Timberline-Fernwood,91.3,35.3168,-111.5507
Kure Beach,1019.6,34.0004,-77.9076
Lake Mary Jane,170.8,28.3854,-81.1709
Chinchilla,357.8,41.4846,-75.666
Frazier Park,171.9,34.8118,-118.9549
Dudley,324.6,35.2661,-78.0382
Essex Fells,636.0,40.8271,-74.2798
Preston Heights,772.9,41.4951,-88.0809
Helmetta,1080.0,40.3777,-74.4238
Wells,428.7,43.7427,-93.7281
Lynnwood-Pricedale,723.6,40.1304,-79.8514
Drumright,121.0,35.9905,-96.5977
Neillsville,325.5,44.5605,-90.5906
Canadian,688.1,35.9096,-100.3838
Warson Woods,1571.9,38.6068,-90.3912
Neodesha,635.2,37.4241,-95.6848
Maggie Valley,252.2,35.5241,-83.0636
Old River-Winfree,569.0,29.8745,-94.8268
Seneca Knolls,703.1,43.1201,-76.2873
Monroe Manor,731.7,40.2591,-74.4743
Park Falls,236.7,45.9348,-90.4464
Virginia Gardens,2463.2,25.8095,-80.2974
Topton,1284.6,40.5031,-75.7023
Macopin,145.0,41.0336,-74.3828
Wray,257.4,40.0802,-102.2284
Aragon,817.6,34.0458,-85.057
Apalachicola,462.2,29.7283,-84.994
Hooks,426.5,33.4707,-94.2842
Fox Lake Hills,701.4,42.4127,-88.127
Parkside,2768.0,39.8674,-75.378
Gumlog,66.0,34.495,-83.0975
New Llano,332.6,31.097,-93.2767
East Bronson,77.7,29.4593,-82.5905
Feasterville,1381.3,40.154,-74.9915
Cosmopolis,638.3,46.954,-123.7726
Palmview South,1052.9,26.2083,-98.3779
Cibecue,148.7,34.0332,-110.4854
Tremont,744.0,40.5253,-89.4888
Marist College,531.4,41.7222,-73.9333
Gap,288.3,39.9888,-76.0212
Black Canyon City,36.0,34.071,-112.122
Mission Canyon,490.0,34.4549,-119.7121
Hamilton City,2164.7,39.7427,-122.011
Brooklet,266.0,32.3897,-81.6668
Privateer,108.4,33.8169,-80.3946
Pleasantdale,1120.8,40.8061,-74.2713
Port Barre,821.2,30.5565,-91.9565
Spring Mount,1238.2,40.2757,-75.4646
Salado,285.3,30.947,-97.529
Masury,255.6,41.2083,-80.5378
New Wilmington,839.6,41.1174,-80.3322
Anchor Point,9.7,59.7703,-151.7052
Flandreau,475.9,44.0465,-96.5983
Icard,231.2,35.7253,-81.4581
Cedar Crest,606.1,42.0764,-70.6613
Ten Mile Run,347.9,40.4218,-74.589
Thayer,361.7,36.5223,-91.5408
Hanapepe,945.6,21.9141,-159.5874
Maunawili,483.2,21.3667,-157.7713
Sand Hill,876.9,40.3614,-76.4217
Estill,219.9,32.7538,-81.2412
Hinckley,1028.6,41.7714,-88.6397
North Conway,129.5,44.0415,-71.1224
Lake Katrine,387.1,41.9862,-73.9893
Shiner,357.3,29.4332,-97.1734
Crooksville,543.2,39.769,-82.0956
Bowdon,259.4,33.5378,-85.254
Trucksville,508.8,41.31,-75.9281
Whidbey Island Station,134.3,48.3387,-122.6616
Piru,277.3,34.4064,-118.8019
Bedford Hills,859.8,41.2361,-73.6964
Boutte,63.9,29.8825,-90.3935
Terrace Park,742.7,39.1584,-84.3112
North Beach Haven,485.3,39.6008,-74.2123
Haynesville,182.4,32.9667,-93.1376
Bluewell,195.9,37.3144,-81.258
Lake Village,368.4,33.3287,-91.2847
New Miami,981.2,39.4319,-84.5399
Inez,14.8,28.8718,-96.7959
Jaguas,421.1,18.3074,-66.4777
Howey-In-The-Hills,279.7,28.7098,-81.7798
White Castle,1200.1,30.1611,-91.1495
New Glarus,486.9,42.8132,-89.6337
English Creek,182.5,39.3795,-74.6481
Glasco,543.4,42.0454,-73.9477
Mountain City,260.6,36.4696,-81.8049
Malone,288.1,30.9589,-85.1622
Bethlehem Village,112.8,41.6401,-73.2031
Pojoaque,201.0,35.8962,-106.0105
Fort Plain,653.0,42.9316,-74.6278
Hoopa,43.0,41.0803,-123.6972
Messiah College,1432.9,40.1576,-76.9839
Stonewood,1031.8,39.2502,-80.3054
Jemez Pueblo,429.3,35.6066,-106.7333
Guilford Center,402.1,41.2818,-72.6763
Trowbridge Park,632.6,46.5565,-87.4417
Rio Verde,202.5,33.7278,-111.674
Mangonia Park,1171.3,26.7586,-80.0761
Ault,496.6,40.5893,-104.7392
Marceline,267.0,39.7167,-92.9473
Jasonville,691.0,39.1622,-87.1998
Eureka Springs,129.6,36.4105,-93.745
Bluff City,501.2,36.4589,-82.2768
Brownville,817.3,40.4014,-74.2959
Lake Mack-Forest Hills,180.9,29.0007,-81.424
Mullens,475.1,37.5812,-81.3855
Walla Walla East,395.8,46.046,-118.3033
Gladeville,192.9,36.1158,-86.4316
Mccleary,426.1,47.0584,-123.2723
Kouts,719.5,41.3172,-87.0266
Pendergrass,228.8,34.1646,-83.6827
Edisto,165.7,33.4777,-80.8999
Cross City,472.7,29.6386,-83.1248
Plainfield Village,511.4,41.6766,-71.925
Monte Alto,388.0,26.3744,-97.9727
Vale,744.4,43.984,-117.2418
Biscoe,299.7,35.3585,-79.7816
Electra,282.0,34.0325,-98.92
Eastport,196.1,40.8402,-72.7285
Hollandale,393.5,33.1761,-90.8529
Rivanna,320.2,37.9945,-78.3788
Casey,332.6,39.3031,-87.9897
Shadeland,32.1,40.3509,-86.9622
Copper Canyon,187.4,33.0962,-97.0976
Biggs,972.8,39.4102,-121.7134
Coaling,173.5,33.1641,-87.3534
Saugerties South,815.9,42.0606,-73.9522
Manatee Road,66.9,29.5145,-82.9192
Watts Mills,382.9,34.5164,-81.9856
Alpha,516.7,40.6598,-75.1571
Carbon Cliff,414.2,41.4981,-90.3917
Wenonah,871.8,39.7913,-75.1486
Hull,613.2,43.1894,-96.1342
Fairfield Bay,57.5,35.605,-92.2659
Surgoinsville,151.4,36.4745,-82.8593
Boronda,1511.1,36.6947,-121.6745
Volga,757.6,44.3219,-96.9219
Brooks,245.5,38.0656,-85.7177
Blackwater,48.4,33.0396,-111.5798
Homerville,247.9,31.0385,-82.742
Olivia,357.7,44.777,-94.9971
Weyers Cave,131.3,38.2844,-78.9125
Regency At Monroe,1193.3,40.3208,-74.3862
Lake Summerset,408.1,42.4519,-89.3986
Santo Domingo,393.2,18.0719,-66.7459
St. Paris,533.1,40.127,-83.9644
Marcus Hook,778.9,39.8131,-75.4165
Pequot Lakes,52.8,46.5875,-94.2983
Marked Tree,149.5,35.5251,-90.4252
Vista Center,256.9,40.1585,-74.3227
Star City,179.8,33.9408,-91.8399
Camanche Village,158.6,38.2662,-120.9866
Kellogg,216.9,47.5371,-116.142
Detroit Beach,1384.7,41.9314,-83.3294
Redfield,446.5,44.8725,-98.5187
Salmon Brook,261.7,41.9575,-72.7919
Kamas,220.6,40.6499,-111.2723
Olmos Park,1400.5,29.4749,-98.4866
Malakoff,299.6,32.1727,-96.0163
Reinholds,933.6,40.2697,-76.1218
Glade Spring,706.4,36.7899,-81.7726
Southern Gateway,267.1,38.3489,-77.5036
Jean Lafitte,146.7,29.7495,-90.1036
Godley,222.0,32.455,-97.5302
Shadow Lake,165.1,47.4017,-122.0763
Heidelberg,324.8,26.1831,-97.885
Doniphan,622.7,36.6234,-90.8219
Kershaw,424.0,34.5462,-80.5873
Byesville,715.2,39.9733,-81.5459
Heceta Beach,367.8,44.0248,-124.1208
Valencia,431.9,34.8053,-106.6868
Susquehanna Trails,273.7,39.7584,-76.3684
Corrigan,372.9,30.9988,-94.8274
Water Mill,81.0,40.9222,-72.3533
Aitkin,289.0,46.5262,-93.7056
Willamina,904.9,45.0784,-123.4848
Pegram,118.1,36.1037,-87.0565
Gassville,249.4,36.2849,-92.4869
Garyville,59.9,30.0688,-90.6285
Massanutten,86.4,38.4115,-78.727
Trion,210.7,34.548,-85.3114
Stallion Springs,63.0,35.0922,-118.6586
Flora Vista,172.7,36.804,-108.0876
Pink,23.7,35.2327,-97.1
Eddystone,858.7,39.8566,-75.3342
Culver,1227.7,44.5234,-121.211
Brewster Hill,981.0,41.4229,-73.6069
Raoul,425.9,34.4548,-83.5996
Piedra Gorda,1251.8,18.4342,-66.8861
Indian River,66.0,45.4235,-84.6236
Elberta,122.0,30.3855,-87.5888
Wofford Heights,133.2,35.7127,-118.4731
Jacobus,916.0,39.8825,-76.7121
Leesport,1175.3,40.4451,-75.9684
New Union,222.0,35.534,-86.0832
Ware Shoals,260.0,34.3894,-82.239
Tioga Terrace,849.8,42.0508,-76.1198
Spiro,362.6,35.241,-94.6237
Hurlock,319.1,38.6268,-75.864
Spooner,210.8,45.8271,-91.886
Merriam Woods,561.5,36.7179,-93.1715
Many,249.6,31.566,-93.4773
Judson,1142.3,34.8335,-82.4272
Burnt Store Marina,798.0,26.7645,-82.0507
North Spearfish,198.8,44.5107,-103.9045
Lebanon Junction,150.6,37.8357,-85.7243
Sells,92.0,31.9202,-111.8775
Uhland,222.4,29.9627,-97.7952
Beaver Lake,559.2,40.923,-95.885
Clatskanie,653.0,46.1047,-123.2045
Oliver,382.2,39.9153,-79.7212
Ridgetop,280.5,36.4044,-86.7681
Shinnston,507.7,39.3923,-80.2989
East Quincy,70.1,39.9165,-120.9189
Fort Montgomery,461.0,41.3415,-73.9846
Burns Harbor,131.8,41.6187,-87.1257
Bertsch-Oceanview,160.8,41.7524,-124.1594
Bayou L'Ourse,311.4,29.7174,-91.0607
Constantine,518.4,41.8378,-85.665
Kiawah Island,75.9,32.6157,-80.0613
Wheeler Afb,365.5,21.4756,-158.0352
Llano Grande,534.6,26.1309,-97.9687
San José,740.8,18.4029,-66.2492
Desoto Lakes,2043.5,27.3781,-82.4951
Horse Pasture,87.8,36.6313,-79.9515
Parcelas De Navarro,4148.7,18.2301,-66.0043
Gates Mills,94.2,41.5316,-81.41
Montz,305.9,30.0168,-90.4634
Orleans,494.9,38.6615,-86.4517
Bodfish,103.0,35.5765,-118.4764
Cowarts,110.4,31.2034,-85.3057
Cass City,475.8,43.6007,-83.1767
Windy Hills,917.8,38.2702,-85.6378
Shingletown,34.4,40.5035,-121.86
Gordon,156.6,32.8866,-83.3349
Drew,752.3,33.8101,-90.5304
Ord,391.4,41.5993,-98.9166
Bronson,616.6,41.8727,-85.1915
Bladenboro,380.1,34.5407,-78.795
East Uniontown,422.6,39.896,-79.6976
Collins,105.7,31.6469,-89.5669
Bellerose Terrace,5764.7,40.7221,-73.7252
Solomons,422.9,38.337,-76.4604
South Roxana,390.1,38.812,-90.0612
Tavernier,334.7,25.0188,-80.5132
River Heights,1275.4,41.7221,-111.8193
Chuluota,412.0,28.638,-81.1159
San Ysidro,318.1,32.3568,-106.8129
Marfa,518.5,30.3107,-104.0255
Wilber,949.5,40.481,-96.9645
Hamlin,159.0,32.8898,-100.1329
Pecatonica,655.2,42.3086,-89.3577
Montclair State University,558.0,40.866,-74.1984
Graniteville,251.2,33.5646,-81.8078
Kinsey,69.3,31.2926,-85.3353
Prestbury,1341.3,41.7848,-88.4225
Lake Odessa,943.7,42.7824,-85.1374
Guntown,132.0,34.4447,-88.6641
Ridgeway,50.0,60.5305,-151.0301
Clearlake Oaks,424.4,39.0218,-122.6593
Barnum Island,969.4,40.605,-73.6437
Pine Crest,435.3,36.2965,-82.3106
Walters,104.0,34.3612,-98.3568
Carrington,353.5,47.452,-99.1307
Greenport West,260.9,41.0989,-72.3734
Brundidge,86.0,31.7182,-85.8178
La Porte City,327.5,42.3137,-92.1913
Moore Haven,786.5,26.8338,-81.0984
Trexlertown,403.4,40.5523,-75.6039
Edmonton,219.9,36.9854,-85.6192
Uvalde Estates,141.5,29.1695,-99.8329
Leslie,652.0,42.4508,-84.4334
Splendora,275.2,30.2324,-95.1616
Monserrate,1201.2,18.4367,-66.3579
Clio,754.2,43.1773,-83.7355
Kingsbury,38.3,38.9909,-119.8837
Pacolet,144.6,34.9102,-81.7662
Carlin,80.0,40.719,-116.1081
Ramapo College Of New Jersey,1742.6,41.0814,-74.175
Liborio Negrón Torres,959.3,18.0431,-66.9426
Badin,460.7,35.4071,-80.1184
Sour Lake,362.6,30.1378,-94.4046
Aguas Claras,304.9,18.2447,-65.6662
Santo Domingo Pueblo,409.6,35.5175,-106.367
Catlin,982.3,40.0677,-87.708
Lusby,237.5,38.362,-76.4372
Seminole Manor,1891.0,26.5836,-80.1014
New Market,412.5,38.6459,-78.6709
Mcconnelsville,464.8,39.6568,-81.8467
Yale,606.5,43.1277,-82.7972
Colstrip,205.7,45.8943,-106.628
Hooverson Heights,368.2,40.3189,-80.5825
Mont Clare,693.9,40.1378,-75.4983
Knightstown,794.6,39.7959,-85.5312
Harbor,433.0,42.0385,-124.2516
Tchula,590.5,33.1831,-90.2232
Kimball,362.4,41.2335,-103.6513
Lyford,474.9,26.4145,-97.7894
Timmonsville,294.2,34.1334,-79.9408
South Pottstown,545.2,40.2367,-75.6599
Crooked Lake Park,1208.2,27.8293,-81.5897
Riverbend,278.1,47.4653,-121.7493
Shavertown,692.9,41.3188,-75.9404
North Newton,910.5,38.0766,-97.3475
Morenci,391.5,41.7226,-84.2169
Navassa,62.2,34.2831,-78.0291
Custer,324.5,43.7668,-103.6006
New Eagle,816.1,40.2063,-79.9532
Governors Village,1863.0,35.8519,-79.0258
Falmouth Foreside,544.8,43.7348,-70.2152
Washington Mills,1226.6,43.0478,-75.2809
Hope Valley,249.6,41.5151,-71.7201
Maineville,521.6,39.3126,-84.1986
Oriole Beach,984.5,30.367,-87.0955
Corazón,1492.8,17.994,-66.0833
Cologne,463.3,44.7696,-93.7931
Mulino,60.1,45.2234,-122.5617
South Gull Lake,613.2,42.3901,-85.4008
Houserville,756.6,40.8266,-77.8226
Choctaw Lake,798.3,39.9609,-83.4874
Ellis,499.8,38.9346,-99.5568
Bethel Island,157.7,38.0289,-121.6404
Adams,281.1,43.9554,-89.8169
Slater,572.6,39.2227,-93.065
Merrionette Park,1121.1,41.6812,-87.7012
Coal Grove,434.2,38.4977,-82.6423
Crompond,341.4,41.2907,-73.8357
Caruthers,409.1,36.5399,-119.845
Pleak,453.2,29.4842,-95.8119
Calwa,1460.3,36.7137,-119.7607
La Fermina,848.7,18.1744,-65.8526
San Augustine,175.1,31.5296,-94.1108
Lordsburg,98.0,32.3438,-108.7021
Bohners Lake,247.8,42.6241,-88.2879
South Zanesville,1026.4,39.9036,-82.0179
Smackover,189.7,33.3636,-92.7314
Green Meadows,1037.8,39.8672,-83.9454
Sorrento,227.0,30.1828,-90.8674
Kohler,155.1,43.7364,-87.7795
Central Square,432.6,43.286,-76.1419
Richgrove,1824.6,35.7966,-119.1069
Bokeelia,92.2,26.68,-82.1409
Enetai,787.6,47.5885,-122.6054
Navajo,365.6,35.9024,-109.0321
Fern Prairie,164.1,45.637,-122.3963
Bressler,1605.1,40.2319,-76.819
Columbus Junction,382.9,41.2792,-91.364
Odem,644.9,27.9462,-97.5875
Southmont,780.8,40.3108,-78.9327
Sullivan'S Island,328.8,32.7684,-79.8355
Putnamville,396.4,39.5742,-86.8653
Los Llanos,1040.7,18.0579,-66.4092
Clifton Springs,553.2,42.9609,-77.135
Shepherd,134.5,30.491,-95.0021
Laporte,134.0,40.6385,-105.1445
Penngrove,203.2,38.3006,-122.6707
Lamoni,207.2,40.6201,-93.9308
Selmont-West Selmont,249.8,32.3784,-87.0074
Marshfield Hills,178.7,42.1487,-70.7315
Davisboro,268.2,32.9826,-82.6032
Spencerville,848.5,40.7079,-84.3526
San Juan Bautista,1043.2,36.845,-121.5371
Holiday Heights,162.7,39.9396,-74.2572
Redwood Valley,297.7,39.2689,-123.2023
Ellinwood,605.2,38.3574,-98.5837
Toquerville,36.8,37.2666,-113.2951
Seville,312.9,41.0207,-81.8671
Middleport,453.9,38.9948,-82.0643
Meadowlakes,1087.8,30.5639,-98.2955
Cooperstown,499.1,42.6996,-74.93
Lookout Mountain,607.2,34.9944,-85.3516
Questa,115.2,36.7114,-105.5935
Sumrall,217.8,31.4172,-89.5423
Crow Agency,111.0,45.6026,-107.4591
Southworth,241.3,47.5125,-122.5298
Shelbina,348.3,39.693,-92.0396
Arroyo Seco,119.2,36.5215,-105.5861
Seabrook Island,137.0,32.5823,-80.1738
Star Valley Ranch,301.2,42.9798,-110.9617
Long Valley,178.2,40.7826,-74.7776
Wrangell,1.2,56.3317,-132.0223
Herington,166.6,38.6862,-96.8669
Eagleview,605.9,40.0598,-75.679
Martorell,887.0,18.073,-65.8977
Maple Lake,368.0,45.2334,-94.0063
Falconer,752.6,42.1191,-79.1969
Tangelo Park,2748.7,28.456,-81.4465
Pennville,849.9,39.7869,-76.9921
Quanah,233.2,34.2954,-99.7428
Lebanon South,1045.5,40.328,-76.4066
Abbotsford,273.6,44.9435,-90.3174
Peebles,667.8,38.9463,-83.4094
Basile,697.5,30.4855,-92.6009
Cabin John,663.4,38.9742,-77.1632
Jones Creek,320.4,28.9752,-95.4714
Minerva Park,1250.4,40.077,-82.9407
Cuba City,697.1,42.6036,-90.4318
North Judson,731.8,41.2161,-86.7769
Lampeter,471.3,39.9908,-76.242
Patrick Springs,52.0,36.6343,-80.1985
Forsgate,923.7,40.3487,-74.4637
Moweaqua,394.1,39.6265,-89.0187
Judsonia,279.8,35.277,-91.6411
North Corbin,468.5,36.9649,-84.0973
Rogue River,827.1,42.4354,-123.1681
Banks,1060.6,45.615,-123.1071
Bear Creek,2083.7,27.7542,-82.7285
Cross Roads,119.5,33.2291,-96.9985
Eyota,478.0,43.9883,-92.2321
Falling Water,161.0,35.1959,-85.2594
Soulsbyville,268.0,37.9917,-120.2617
Slayton,391.8,43.9901,-95.7576
Scotland Neck,678.3,36.1308,-77.4214
Vevay,555.5,38.7427,-85.0783
Nedrow,837.4,42.978,-76.1417
Hawley,307.4,46.877,-96.318
Appomattox,362.5,37.3592,-78.8276
Colquitt,97.8,31.1741,-84.7319
Dillingham,24.1,59.055,-158.5378
Columbine Valley,817.2,39.5993,-105.0352
Walton Hills,119.1,41.3662,-81.5554
Kahoka,506.1,40.4237,-91.7187
Woodbine,100.3,39.2283,-74.8096
Frewsburg,240.7,42.0576,-79.1483
Robesonia,901.9,40.3495,-76.1391
Gregory,526.8,27.9231,-97.2908
Montalvin Manor,4537.5,37.9977,-122.33
Yeguada,1555.6,18.4842,-66.8802
Hemby Bridge,350.3,35.1055,-80.6258
Sea Isle City,364.1,39.1523,-74.6976
Caryville,144.5,36.3252,-84.2199
Hidden Hills,475.4,34.1637,-118.6612
Chiefland,118.8,29.4923,-82.8682
Cle Elum,178.6,47.1943,-120.9539
Village Of Four Seasons,172.6,38.1974,-92.7179
Apalachin,278.7,42.0639,-76.1567
Englishtown,1406.0,40.2971,-74.3607
Hoyt Lakes,14.3,47.5601,-92.1163
Moriarty,115.5,35.0034,-106.0444
North Warren,97.8,41.8833,-79.1672
West Terre Haute,1063.3,39.4638,-87.4506
Alianza,802.9,18.4533,-66.8556
Grand Forks Afb,106.7,47.9557,-97.3913
Homosassa,102.4,28.7849,-82.6079
East Missoula,663.8,46.8801,-113.9401
Upper Nyack,651.3,41.1143,-73.9058
Sebree,272.2,37.604,-87.5187
Rainbow Park,165.6,29.1654,-82.364
Lakin,844.5,37.94,-101.2585
Monroe North,380.9,47.8828,-121.9886
Jal,165.6,32.1148,-103.19
Warroad,243.8,48.9168,-95.3271
Oyster Bay Cove,190.7,40.8569,-73.5037
Shorewood Hills,993.3,43.0789,-89.4468
Veedersburg,266.3,40.1137,-87.2566
Queensland,170.2,38.8019,-76.7855
Prince George,127.3,37.2209,-77.2683
Narrows,629.2,37.3316,-80.8082
Gambier,850.5,40.3764,-82.3949
Upper Brookville,185.4,40.8475,-73.5628
Deltana,1.4,63.8723,-145.2158
Esko,163.9,46.71,-92.3721
Bottineau,605.4,48.8248,-100.4426
Mount Cobb,111.5,41.4215,-75.5005
Old Saybrook Center,403.9,41.2918,-72.3682
East Mckeesport,1928.3,40.3848,-79.8073
Mccrory,336.2,35.2573,-91.1972
Manitou Beach-Devils Lake,130.8,41.9786,-84.2857
Ramseur,397.5,35.7371,-79.6543
Dalworthington Gardens,445.1,32.6937,-97.1567
Greybull,359.4,44.4887,-108.0592
Evans City,972.5,40.7685,-80.0583
Cleary,161.9,32.1635,-90.1819
Mason Neck,57.4,38.6556,-77.1819
Blue Jay,181.7,39.2308,-84.7441
Priest River,354.7,48.1782,-116.8838
Meyersdale,973.5,39.8133,-79.0277
Dallas Center,146.9,41.6854,-93.9816
West Tawakoni,281.3,32.8976,-96.0218
Redington Shores,2398.0,27.8293,-82.8277
Saltville,99.0,36.8751,-81.7642
Vieques,1367.6,18.1462,-65.4429
Campbellsport,580.3,43.5975,-88.2814
Lewisport,832.1,37.9309,-86.9027
Leechburg,1803.4,40.6302,-79.6022
Mcarthur,469.8,39.2468,-82.4786
Mooreville,283.5,34.2649,-88.5768
Walkerton,416.7,41.4656,-86.4825
Tutwiler,285.7,34.0172,-90.4333
South Carthage,308.7,36.2414,-85.9575
Wrens,252.3,33.207,-82.3878
Mount Jackson,207.6,38.739,-78.651
Walnut Cove,312.7,36.2938,-80.1408
Tyler Run,817.4,39.9305,-76.7011
Oakes,504.9,46.1397,-98.0871
Ganado,677.9,29.0413,-96.511
Plantsville,793.8,41.5832,-72.8919
Cooper,540.2,33.3716,-95.6912
Sterlington,278.8,32.6888,-92.0603
Nambe,90.8,35.8984,-105.9667
Little River-Academy,413.1,30.9876,-97.3531
Harmony Grove,256.1,33.1007,-117.1381
Brockway,666.1,41.2472,-78.793
Berrien Springs,859.4,41.9474,-86.3403
Dousman,264.8,43.0092,-88.4771
Grill,1015.6,40.3,-75.9344
Las Carolinas,1811.1,18.2539,-66.0658
Belford,625.2,40.4261,-74.0802
Erma,269.9,38.9953,-74.8932
Poplar-Cotton Center,331.3,36.0577,-119.1502
Yorktown Heights,856.5,41.2697,-73.7755
Brownlee Park,389.6,42.3257,-85.1357
Pine Air,2642.6,26.6586,-80.1075
Eupora,203.6,33.5435,-89.2765
Fort Polk North,93.7,31.1031,-93.1793
Three Forks,545.8,45.8899,-111.5525
Pittsville,513.9,38.3937,-75.4073
Mountain Lake Park,410.0,39.4004,-79.3812
Cheltenham Village,2609.9,40.0632,-75.0934
Towamensing Trails,135.5,40.995,-75.5826
Cowpens,341.7,35.0186,-81.8041
Krebs,161.9,34.9301,-95.7189
Buna,130.8,30.4458,-93.9625
Hedwig Village,821.2,29.7799,-95.5193
Coats,507.4,35.407,-78.6684
Kapaau,126.8,20.234,-155.8028
Kirbyville,323.9,30.6578,-93.9001
Kensett,419.5,35.2354,-91.6708
Lakesite,449.5,35.2027,-85.1413
Jermyn,987.2,41.5273,-75.5454
Lopezville,1016.0,26.2453,-98.1537
Gaston,147.2,33.818,-81.0997
Laurel Springs,1731.9,39.8213,-75.0053
Waldport,288.0,44.4172,-124.0665
Depoe Bay,431.7,44.8091,-124.0599
Mart,567.9,31.5421,-96.83
Roaming Shores,361.1,41.6354,-80.8246
Newkirk,576.9,36.8817,-97.0553
Arthur,584.7,39.7144,-88.4696
Angustura,163.8,36.7138,-107.9154
Goodrich,356.0,42.9147,-83.5092
Arial,171.3,34.8463,-82.6405
Leipsic,212.1,41.1096,-83.9674
Tylertown,238.2,31.1173,-90.1445
Nettleton,194.2,34.0852,-88.6248
Pinedale,360.7,42.8676,-109.8707
South Park,68.1,43.4234,-110.7994
Bay Springs,52.2,31.9772,-89.2792
Pennington Gap,467.6,36.7594,-83.0299
Hillsboro Beach,1843.2,26.2837,-80.0796
Schofield,368.7,44.9152,-89.6144
East Lexington,340.4,37.8009,-79.416
Byram Center,272.3,40.9325,-74.7179
Knightsen,93.2,37.9633,-121.6511
Cridersville,648.9,40.6509,-84.1428
Lofall,389.8,47.8114,-122.6563
Elida,668.5,40.7867,-84.1995
Chetek,332.4,45.316,-91.6532
Middlebush,391.4,40.5015,-74.5349
Katonah,1060.2,41.256,-73.6857
Earlville,647.5,41.588,-88.9229
San Pasqual,2745.2,34.1393,-118.1027
Parchment,842.4,42.3277,-85.5667
Marmora,386.6,39.2594,-74.657
Sugar City,306.1,43.8762,-111.751
Harwich Port,295.1,41.6724,-70.0641
Elsberry,513.7,39.1682,-90.7879
Cabazon,158.6,33.9127,-116.7828
Orchard Grass Hills,1996.1,38.3234,-85.5236
Old Brookville,194.7,40.8332,-73.604
Estill Springs,160.3,35.2755,-86.14
East Brooklyn,305.1,41.7981,-71.902
Raintree Plantation,396.6,38.2535,-90.6028
Rhome,168.7,33.0646,-97.4779
Emporium,1090.7,41.5102,-78.2362
Shell Point,193.0,32.3746,-80.7523
Cedar Point,346.2,34.6861,-77.0833
Chouteau,230.3,36.1894,-95.3374
Woodlands,468.5,35.0289,-120.5524
Manchaca,395.2,30.1353,-97.8364
Rolling Fork,547.3,32.9073,-90.8769
Farmer City,322.6,40.248,-88.6423
Arkoma,222.4,35.3374,-94.4438
Town Line,167.2,42.8858,-78.561
Barahona,1438.4,18.3522,-66.4442
Stony Point,635.7,41.9451,-83.2751
Prague,236.6,35.499,-96.7001
Franklinville,224.1,39.6194,-75.0738
Aptos Hills-Larkin Valley,83.3,36.9606,-121.834
Whitesburg,246.3,37.1183,-82.823
Bertram,410.5,30.7427,-98.0639
Rice,135.3,45.7525,-94.2317
Biltmore,300.6,36.3675,-82.2243
Twin Lake,268.1,43.3696,-86.1837
Landover Hills,2945.0,38.9425,-76.8945
Slocomb,81.2,31.1103,-85.5954
Picacho Hills,237.7,32.3158,-106.8785
Glen Alpine,358.8,35.7307,-81.7826
Joseph City,104.0,34.9614,-110.3274
Claycomo,296.0,39.1986,-94.4787
Seaside Heights,1246.0,39.9452,-74.079
Stacy,27.0,45.3841,-92.9938
Hamilton College,1611.8,43.0527,-75.4078
Terra Alta,648.9,39.4442,-79.5435
Wilberforce,249.6,39.7151,-83.8847
Wadley,168.7,32.8663,-82.4014
South Lancaster,579.6,42.4373,-71.692
Epworth,432.7,42.4465,-90.9314
Blue Hills,658.7,41.8133,-72.6954
Kealakekua,76.8,19.5286,-155.9112
Deerwood,1346.9,30.3153,-95.3013
Channel Lake,425.4,42.483,-88.1491
Pierce,845.8,42.199,-97.5287
Shoshone,653.2,42.9369,-114.4055
Dunthorpe,728.2,45.4417,-122.6594
Hurstbourne Acres,1777.6,38.2201,-85.5907
East Pepperell,541.0,42.6654,-71.5635
Stowell,76.2,29.7814,-94.3794
Twin City,214.2,32.5829,-82.1575
Trail Creek,629.3,41.6963,-86.8555
St. Bonifacius,736.3,44.9054,-93.7477
Kountze,192.4,30.3725,-94.316
Parkston,585.1,43.3929,-97.9864
Roberts,253.5,44.9733,-92.5505
Walnutport,1017.6,40.7515,-75.5956
Mill Plain,1569.7,41.1539,-73.2695
Fairdale,529.9,39.8902,-79.968
El Portal,1837.9,25.8556,-80.1954
Pearson,227.8,31.297,-82.8544
Beacon Hill,664.8,46.177,-122.9235
Sea Girt,720.3,40.1308,-74.0358
Vinita Park,979.6,38.6888,-90.3392
Redgranite,323.0,44.0513,-89.1059
Blooming Prairie,559.6,43.8684,-93.0552
Owingsville,303.8,38.1364,-83.7604
Bayou La Batre,101.9,30.4126,-88.2611
Tunica Resorts,26.6,34.8299,-90.3208
Lincoln University,1655.4,39.8064,-75.9279
Delaware City,410.0,39.574,-75.5938
Bonneauville,789.2,39.8105,-77.1363
Forest Ranch,54.7,39.8952,-121.6704
Dawson Springs,198.3,37.174,-87.688
Saranac,662.3,42.9294,-85.2105
Salt Creek Commons,1642.6,41.5112,-87.1413
Amity,1281.9,45.1153,-123.2033
Lake Ripley,228.1,43.0045,-88.9829
Century,236.5,30.9767,-87.2629
Prudhoe Bay,1.9,70.3148,-148.7167
Rio Hondo,450.4,26.2346,-97.5818
West Glendive,197.7,47.1057,-104.754
Camino,295.5,38.7422,-120.6808
Idaho Springs,318.6,39.7444,-105.5006
Little Cypress,200.1,30.1773,-93.7538
Ortonville,181.2,45.3018,-96.4415
Enfield,583.8,36.18,-77.669
Boles Acres,62.0,32.8198,-105.978
Ocklawaha,317.5,29.0442,-81.9339
Hartley,117.3,38.4203,-121.952
Shamrock,370.9,35.2154,-100.2462
Wabasso Beach,626.6,27.7569,-80.3991
Tenino,521.2,46.8538,-122.8606
Van Horn,267.4,31.0407,-104.8341
Three Way,168.9,35.772,-88.8572
Crystal Lawns,1150.5,41.5685,-88.1638
Troup,308.7,32.145,-95.1229
Roundup,586.4,46.4484,-108.5401
Stewart Manor,3449.3,40.7202,-73.6854
Broad Creek,243.9,34.7304,-76.9241
Ronan,616.4,47.5287,-114.1005
Zwolle,166.0,31.6398,-93.6412
St. Bonaventure,397.2,42.0802,-78.4748
Sewall'S Point,642.8,27.1971,-80.1982
Gearhart,404.7,46.0289,-123.9173
Port Byron,311.6,41.616,-90.328
North Eastham,219.6,41.8539,-69.9968
Mountain Lodge Park,510.3,41.3867,-74.1419
Sonoma State University,1810.3,38.3406,-122.6729
Stanfield,435.7,45.7846,-119.2187
Glen Lyon,210.2,41.1806,-76.0785
Tigerville,568.2,35.0669,-82.3695
Reidville,428.5,34.8657,-82.1063
Burns Flat,871.5,35.3547,-99.1751
Kemah,411.0,29.5309,-95.0196
Centerburg,779.5,40.3038,-82.6976
Mcconnell Afb,181.7,37.625,-97.26
Winlock,222.8,46.4907,-122.9341
Indian Springs,294.1,34.9606,-85.159
Ridgebury,137.2,41.357,-73.5267
New Egypt,189.6,40.0645,-74.5284
Lattingtown,200.7,40.8922,-73.5967
Baraga,315.6,46.7766,-88.4966
Beattyville,327.7,37.5862,-83.7065
Dolgeville,408.3,43.1031,-74.7749
Lorenz Park,421.2,42.2669,-73.77
Stevenson,97.7,34.8487,-85.8437
Suffield Depot,351.0,41.9843,-72.6465
Coushatta,224.8,32.0256,-93.3406
Isle Of Hope,383.0,31.9848,-81.0532
Berry Hill,828.7,36.1196,-86.7673
Dauphin Island,120.0,30.2525,-88.1438
Shippensburg University,3766.5,40.0618,-77.5231
Shinnecock Hills,266.4,40.8877,-72.4554
Hampden-Sydney,193.3,37.2415,-78.4693
Cimarron,650.8,37.8097,-100.3453
Ritzville,339.7,47.1253,-118.3809
Kodiak Station,32.3,57.745,-152.5442
Grove Hill,98.7,31.7006,-87.7748
Atlantis,545.1,26.5962,-80.1031
Ossun,220.7,30.2834,-92.107
Mercersburg,830.5,39.8318,-77.9028
Pimlico,1091.3,33.0989,-79.9606
Lame Deer,13.5,45.6176,-106.6134
Maple Park,327.1,41.9095,-88.6076
Gate City,188.1,36.6401,-82.5782
Jarales,85.9,34.6147,-106.7631
Paulina,162.1,30.0351,-90.7226
Siesta Shores,1020.3,26.8548,-99.2605
Tonopah,80.8,38.0822,-117.2246
New Athens,354.1,38.3188,-89.8743
Holden,310.1,38.7136,-93.9895
Manchester Center,161.5,43.182,-73.0369
Byhalia,105.1,34.869,-89.689
Wapello,575.3,41.1773,-91.1881
Slater-Marietta,173.3,35.0348,-82.4926
Coupeville,588.2,48.2172,-122.6775
Stagecoach,89.4,39.3656,-119.3832
North Vacherie,132.8,30.0048,-90.7109
Princeville,440.3,40.9348,-89.7547
Stonebridge,1627.2,40.2947,-74.4653
Hart,416.8,43.6955,-86.3679
Scenic,45.6,36.793,-114.0151
Ellijay,207.5,34.6914,-84.4839
Cabana Colony,1737.7,26.8555,-80.0864
New Johnsonville,144.8,36.0163,-87.9696
Mediapolis,621.0,41.0079,-91.1636
Krugerville,468.6,33.279,-96.988
Comer,229.9,34.0625,-83.1263
Five Points,361.6,39.5594,-84.1868
Presidential Lakes Estates,666.2,39.9151,-74.5654
Southwest Greensburg,1898.4,40.2919,-79.5478
Billington Heights,235.3,42.7862,-78.6237
Tracy City,159.6,35.262,-85.7515
Lone Star,375.5,32.9392,-94.709
Mountain View Ranches,151.1,35.2335,-111.4728
Peosta,262.1,42.4477,-90.8448
Irrigon,570.1,45.8958,-119.4883
Sebewaing,466.6,43.7318,-83.4497
Pinckney,459.6,42.4543,-83.9457
Port Dickinson,1183.0,42.1361,-75.8939
West Hamburg,227.9,40.5524,-76.002
Beech Mountain Lakes,477.3,41.0437,-75.9323
Coalgate,408.0,34.5323,-96.2209
Sesser,705.5,38.0906,-89.051
Britt,553.0,43.0986,-93.803
West Carthage,566.4,43.973,-75.6219
South Congaree,225.2,33.9094,-81.1375
Comfort,213.5,29.9704,-98.9046
Canyonville,698.5,42.9273,-123.2789
Dunstan,234.0,43.5691,-70.3884
L'Anse,283.7,46.7526,-88.4477
Coalville,119.8,40.912,-111.413
Pinetop Country Club,109.9,34.1164,-109.8909
Meyers,295.7,38.8344,-120.0189
Lake Hamilton,356.5,34.4264,-93.0887
Tieton,853.7,46.7027,-120.756
Seth Ward,326.9,34.2163,-101.6945
Minonk,307.1,40.9104,-89.0381
Munising,140.0,46.4172,-86.6439
Knollwood,1217.5,42.2846,-87.8793
Corralitos,82.6,36.9941,-121.7892
Ackerman,322.3,33.311,-89.1711
Navesink,831.7,40.402,-74.0387
Wewahitchka,109.8,30.1148,-85.1935
Ida Grove,334.7,42.3439,-95.4733
Capac,395.4,43.0074,-82.9271
Home Garden,1662.7,36.3028,-119.637
Malta,684.1,48.3554,-107.8702
Valley Forge,232.0,36.3043,-82.1948
Leetonia,324.2,40.8785,-80.7624
Cardington,365.5,40.498,-82.8937
Highfill,40.4,36.2767,-94.3237
Pine,22.6,34.3788,-111.4574
Cataula,113.2,32.6566,-84.8674
Kerens,293.0,32.1308,-96.2252
Calhoun Falls,216.2,34.0933,-82.5963
Remsen,500.3,42.8159,-95.9727
Bear Creek Ranch,1217.1,32.5594,-96.7643
Washington Park,1448.6,26.1325,-80.1824
Bell Canyon,201.2,34.2082,-118.6876
Walcott,235.2,41.5989,-90.7744
West Unity,475.1,41.5889,-84.4306
Waretown,791.3,39.7896,-74.1926
Churubusco,694.3,41.231,-85.3197
Spinnerstown,387.6,40.4412,-75.4414
East Atlantic Beach,1299.9,40.5876,-73.7092
Salyersville,295.8,37.7459,-83.0646
Victory Gardens,2879.9,40.8762,-74.5435
South Rockwood,223.0,42.0597,-83.2654
Fallsburg,216.6,41.7343,-74.6112
Nutter Fort,820.5,39.2604,-80.3265
H. Rivera Colón,1101.4,18.3482,-66.2732
Maple Plain,685.0,45.0088,-93.6618
Lillian,382.0,30.4122,-87.432
Coal Run Village,83.3,37.5372,-82.5577
Coleraine,47.3,47.2639,-93.4524
Laughlin Afb,114.4,29.3568,-100.7829
Boquerón,706.0,18.034,-67.1714
Honey Grove,244.1,33.5866,-95.909
Marriott-Slaterville,98.2,41.2624,-112.0366
South Creek,94.8,46.9994,-122.392
Presquille,929.7,29.5586,-90.6385
Dundas,393.3,44.4276,-93.2039
Wautoma,259.9,44.0668,-89.2915
Great River,173.4,40.7137,-73.1628
Millwood,1042.7,47.6856,-117.2806
Fennville,648.7,42.5947,-86.1051
Lake Bryan,96.0,30.718,-96.4669
Black River,407.5,44.0089,-75.7966
White Island Shores,626.9,41.7932,-70.6389
Laurel Hollow,245.4,40.8541,-73.4755
Río Lajas,480.7,18.397,-66.2643
Antwerp,544.6,41.1798,-84.7377
Kitsap Lake,626.3,47.5905,-122.7088
Cathcart,187.6,47.8526,-122.1058
Galateo,1132.5,18.364,-66.259
Bon Aqua Junction,153.9,35.9281,-87.3124
Crab Orchard,322.3,37.741,-81.2298
Armada,984.7,42.8424,-82.8832
Fairplains,172.2,36.1954,-81.1559
Mill City,802.8,44.752,-122.4777
Lukachukai,32.9,36.4112,-109.2267
Bellport,499.6,40.754,-72.9422
Chester Center,270.7,41.4018,-72.4578
Crest View Heights,591.8,42.0754,-76.1233
Worthington Hills,2242.7,38.3093,-85.527
Devens,106.5,42.5439,-71.6146
Gila Bend,11.2,32.9662,-112.7154
Panguitch,223.2,37.8236,-112.4342
West Homestead,783.3,40.3978,-79.9186
Guayabal,1472.6,18.076,-66.5016
Tres Arroyos,78.2,35.6799,-106.0398
Pirtleville,387.3,31.3614,-109.5662
Mackinaw,603.8,40.5341,-89.355
Spring Park,2085.3,44.9364,-93.632
Blue Grass,228.1,41.5102,-90.7669
Sigourney,333.0,41.334,-92.2044
Conneaut Lakeshore,138.9,41.6272,-80.3102
Keenesburg,77.0,40.1327,-104.538
Veazie,238.2,44.8407,-68.7134
Reynolds Heights,248.0,41.3433,-80.4032
Erath,409.9,29.9586,-92.0371
Tappahannock,269.8,37.9187,-76.8667
Howard Lake,388.6,45.0606,-94.067
Westernport,819.1,39.488,-79.0429
Stewartstown,853.2,39.7528,-76.5925
Whitwell,205.0,35.1918,-85.5212
Inola,107.7,36.1321,-95.5369
Fort Recovery,583.0,40.4121,-84.7762
New Plymouth,1046.1,43.9705,-116.8189
Kent Estates,158.2,41.4665,-91.0569
Drexel,520.3,35.7568,-81.6088
Waskom,268.2,32.4766,-94.0646
Lost Hills,129.4,35.6254,-119.6788
Chevy Chase Village,1711.5,38.9698,-77.0793
Hildebran,253.9,35.7182,-81.421
Stateburg,154.1,33.9752,-80.5263
Weedsport,735.3,43.0482,-76.5637
Point Clear,157.2,30.4898,-87.9112
Washburn,183.4,46.677,-90.9018
Lepanto,458.7,35.6085,-90.3329
Brice Prairie,156.4,43.9375,-91.3073
East Helena,176.7,46.585,-111.9158
Bent Creek,324.0,35.5081,-82.6176
Sneads,162.7,30.7085,-84.9249
Orwell,372.8,41.5364,-80.8596
Manteo,381.2,35.9014,-75.6609
Huntington Bay,716.7,40.9014,-73.4162
Keno,77.3,42.1309,-121.928
Wilkinson Heights,239.3,33.4919,-80.8286
South Browning,305.4,48.5459,-113.0127
Upper Pohatcong,1105.8,40.6774,-75.1558
Mesilla,125.8,32.2693,-106.8091
South Fallsburg,224.2,41.704,-74.6331
Cavalero,1515.0,47.9875,-122.0748
Orion,763.7,41.3514,-90.3762
South Connellsville,424.4,39.9946,-79.5804
Yosemite Valley,346.7,37.7407,-119.5779
Lester Prairie,711.3,44.8829,-94.0375
Springerville,62.0,34.156,-109.2988
Mercer,616.3,41.2266,-80.2361
Waurika,59.8,34.183,-98.0245
Watsontown,1004.3,41.0851,-76.8646
Kremmling,543.5,40.0567,-106.3784
Brass Castle,242.3,40.7621,-75.014
Stony Prairie,443.7,41.3522,-83.1519
Belington,345.2,39.0219,-79.9383
South Coatesville,409.5,39.969,-75.8135
Laymantown,243.3,37.3628,-79.8524
Lowry Crossing,274.2,33.1711,-96.5443
Princeton Junction,390.2,40.3206,-74.6237
Anza,25.8,33.5678,-116.6966
St. Regis Park,1174.9,38.2289,-85.6158
Florala,67.5,31.0176,-86.3138
Moville,773.5,42.4903,-96.068
Southern View,1058.5,39.7543,-89.6511
Wakeeney,397.9,39.0234,-99.8815
Lavallette,868.8,39.9699,-74.0723
Kingstown,312.9,39.2036,-76.0465
Casa Loma,1822.1,35.3433,-118.9987
Langdon,458.0,48.7624,-98.3747
Cheswold,385.1,39.2189,-75.5882
Mountain Lake,433.8,43.9407,-94.9277
Cornersville,121.3,35.3634,-86.8584
Abram,230.8,26.2173,-98.4179
Lykens,579.3,40.5641,-76.6983
Derwood,1127.6,39.1136,-77.151
Rocky Top,436.4,36.225,-84.1548
Old Orchard,967.1,40.6575,-75.2609
Vonore,80.1,35.5977,-84.2364
Prophetstown,527.1,41.6702,-89.9348
Monarch Mill,126.2,34.7161,-81.5847
Clarkesville,287.0,34.6103,-83.5284
Raven,107.7,37.0937,-81.8601
Zolfo Springs,405.1,27.4926,-81.7869
Westlake Corner,53.0,37.1249,-79.7076
Crimora,232.0,38.1618,-78.8413
Vance,69.1,33.1746,-87.2314
Ludowici,245.0,31.7093,-81.7452
South Deerfield,223.0,42.4795,-72.5947
East Pittsburgh,1815.0,40.3969,-79.8382
Argos,547.2,41.2379,-86.2523
South Temple,1820.0,40.399,-75.9223
Murphys,129.6,38.1371,-120.4488
Jellico,113.1,36.5651,-84.1355
Chepachet,127.5,41.9104,-71.6654
Graton,444.7,38.4375,-122.866
Madison Center,344.0,41.2794,-72.6003
Leachville,159.4,35.9039,-90.2625
Monteagle,77.6,35.2367,-85.8513
Linntown,941.1,40.9564,-76.9004
Rosepine,289.1,30.9208,-93.2857
Bourbon,609.1,41.2993,-86.1167
Moodus,208.1,41.5047,-72.4448
Mcewen,380.1,36.1099,-87.6355
Vázquez,474.1,18.0684,-66.2331
Siesta Acres,1714.3,28.7564,-100.491
Northwest Ithaca,197.0,42.4578,-76.5387
Village Of The Branch,736.8,40.8523,-73.1844
Leonville,256.7,30.4661,-91.9811
Van Vleck,96.0,29.0278,-95.88
Kenyon,302.8,44.2726,-92.9858
Newfield,402.3,39.5484,-75.0167
New California,339.6,40.1503,-83.2371
Dillsboro,515.7,39.0184,-85.0531
Terry,183.2,32.1047,-90.298
Cleona,837.9,40.3385,-76.4771
Trevorton,163.9,40.7841,-76.6711
Huachuca City,247.0,31.6308,-110.3421
Pablo,144.0,47.6035,-114.1059
South Sumter,298.7,33.8855,-80.3378
Windham,339.2,41.2375,-81.0373
Hico,382.3,31.9859,-98.0291
Shortsville,1102.1,42.9556,-77.2227
Newburgh Heights,1199.1,41.4509,-81.6628
Reinbeck,321.1,42.3225,-92.5942
Quartzsite,19.2,33.6675,-114.2171
Sardis City,88.6,34.1749,-86.1125
Calhoun City,295.5,33.8588,-89.3145
Pardeeville,361.9,43.5358,-89.301
Henryville,246.5,38.5394,-85.7653
Seaside Park,1063.5,39.9264,-74.0785
Swartzville,476.4,40.2287,-76.0809
Byers,60.8,39.7101,-104.219
Charlotte Park,678.6,26.9032,-82.0487
South Floral Park,4954.9,40.7135,-73.7004
Midland City,114.9,31.3157,-85.4937
Las Quintas Fronterizas,1324.7,28.6897,-100.4679
Avon-By-The-Sea,1634.0,40.1913,-74.0166
Grandview Plaza,821.3,39.0327,-96.793
Apple Mountain Lake,405.3,38.9231,-78.1033
Perry Park,81.3,39.2595,-104.9825
Tillson,296.2,41.8316,-74.0696
Francis,180.0,40.6102,-111.2729
Mowbray Mountain,34.3,35.2751,-85.2225
Calico Rock,145.7,36.1401,-92.1341
Leon,221.3,40.7407,-93.7547
Lagunitas-Forest Knolls,163.2,38.018,-122.6912
Thoreau,17.5,35.4251,-108.2012
Groton,395.5,45.4517,-98.1
Monson Center,206.5,42.099,-72.3048
Ben Wheeler,230.7,32.4463,-95.7023
Wanchese,148.4,35.8399,-75.6383
Rainbow,62.6,33.4098,-117.1395
Big Beaver,38.9,40.8233,-80.3632
Munfordville,308.9,37.2795,-85.8982
Las Campanas,66.3,35.7159,-106.0582
Carlisle-Rockledge,42.7,34.114,-86.1191
Golden Meadow,282.6,29.3876,-90.2739
Silver Bay,90.6,47.2941,-91.278
French Lick,379.2,38.5462,-86.6202
Rushford,418.8,43.8132,-91.7538
Bakersfield Country Club,911.8,35.3899,-118.9409
Frankton,652.7,40.221,-85.7718
Liberty Corner,359.3,40.6647,-74.5807
Clarendon,230.7,34.9366,-100.8918
Brooklawn,1413.3,39.8788,-75.1207
Pahala,1072.9,19.1993,-155.4772
Courtland,751.2,36.7123,-77.062
Kingsley,518.2,44.5845,-85.5347
Cranford,1823.7,40.6548,-74.3053
Sac City,140.5,42.4216,-94.9978
Haines,51.9,59.2416,-135.4549
Marble Hill,415.6,37.3032,-89.9808
St. Francisville,376.7,30.7852,-91.3788
Mariano Colón,462.5,18.0287,-66.3356
Wilmerding,1602.4,40.3942,-79.8101
Bay Park,1369.1,40.6302,-73.667
Montverde,371.2,28.5971,-81.6786
Au Sable,326.9,44.4105,-83.3423
Blackville,76.9,33.3552,-81.2835
Aquebogue,180.4,40.9425,-72.6149
Cottonport,342.2,30.9892,-92.0509
Cowan,324.5,35.1629,-86.0142
Gurdon,282.9,33.9154,-93.1545
New Oxford,1108.4,39.863,-77.0554
Ocean Park,226.6,46.4961,-124.0443
Port Edwards,114.7,44.3484,-89.854
Woodbranch,341.4,30.1813,-95.1836
East Jordan,228.6,45.1547,-85.13
Las Maravillas,679.2,34.734,-106.669
Charlack,1536.9,38.7029,-90.3427
Cade,102.0,30.0926,-91.8996
Kerhonkson,120.0,41.7779,-74.2955
Le Grand,600.4,37.2288,-120.254
Bernie,523.1,36.6718,-89.9707
Governors Club,290.5,35.8437,-79.0454
South Amherst,284.0,41.3518,-82.2393
Marlette,423.5,43.3268,-83.0806
El Ojo,926.9,18.0038,-66.3919
Wilderness Rim,1098.1,47.4464,-121.769
Willow,0.0,61.8157,-149.753
Lacon,417.2,41.0228,-89.4062
Ocean Gate,1517.2,39.9269,-74.1348
Wagon Wheel,269.3,34.1976,-110.0272
Lake Kerr,69.1,29.3575,-81.7746
Plainville,570.0,39.2341,-99.3009
Genola,49.6,40.0118,-111.8465
Hodgkins,251.4,41.7659,-87.8613
Oologah,410.2,36.4438,-95.7089
Browns Lake,380.8,42.6909,-88.237
Verandah,320.2,26.6973,-81.7429
Anson,246.9,32.755,-99.8963
Evart,276.5,43.9003,-85.2751
Monon,769.4,40.8642,-86.8787
Red Lake,22.7,35.3579,-112.1705
Cassopolis,338.5,41.9116,-86.0085
Blossburg,146.5,41.6795,-77.069
North Lewisburg,633.7,40.2205,-83.5581
Fords Prairie,182.6,46.7459,-123.003
Morovis,1211.1,18.3268,-66.4057
Weyauwega,442.3,44.324,-88.9333
Kentland,503.2,40.774,-87.4465
Shamokin Dam,368.0,40.8547,-76.8231
Stratford Downtown,1086.6,41.1989,-73.1276
Blountsville,125.1,34.0814,-86.5867
Loretto,179.3,35.0792,-87.4401
Shelburne Falls,257.7,42.6063,-72.7436
St. Lawrence,754.4,40.3262,-75.8661
Lake Brownwood,119.2,31.8176,-99.1045
Haubstadt,949.6,38.2039,-87.5751
Pumpkin Center,534.3,34.786,-77.3642
Oak Leaf,286.1,32.5138,-96.8563
Sandy Valley,12.1,35.8423,-115.6304
Maroa,383.2,40.0365,-88.9561
Bylas,161.6,33.1291,-110.1162
Cedar Heights,2612.6,38.9037,-76.9059
Deshler,294.1,41.2074,-83.9055
New Berlinville,447.1,40.3451,-75.6312
Union Point,341.6,33.6178,-83.0751
Mantachie,156.6,34.3251,-88.4961
Hanscom Afb,755.6,42.4582,-71.2793
Baidland,314.3,40.1888,-79.9549
Duchesne,241.7,40.1753,-110.394
Nisswa,62.5,46.5003,-94.2977
West End,184.3,42.4667,-75.0969
Lake Camelot,386.7,40.6341,-89.7509
Fall City,237.1,47.5717,-121.9133
César Chávez,281.9,26.3118,-98.1117
Exmore,258.6,37.5295,-75.8283
Columbus Grove,547.5,40.9205,-84.0598
Flatonia,406.4,29.6888,-97.1059
Manasota Key,634.9,26.9226,-82.3537
East Marion,300.3,41.1288,-72.3419
Galesville,516.5,44.0839,-91.358
Mundys Corner,107.4,40.4431,-78.8325
Belcourt,115.6,48.8417,-99.7447
Mount Ayr,248.7,40.7141,-94.2375
Trempealeau,338.3,44.0029,-91.4284
Espy,745.9,41.0055,-76.4164
Toro Canyon,71.4,34.4354,-119.5562
Hartington,680.0,42.6205,-97.2672
Mcmechen,1173.6,39.9854,-80.7335
Itta Bena,474.8,33.5003,-90.3256
Westmorland,1099.5,33.0389,-115.6223
Mickleton,327.7,39.7921,-75.2437
Crystal Falls,191.7,46.0967,-88.3264
West Hurley,176.7,42.0083,-74.112
Centennial Park,309.2,36.9538,-112.9813
Goldthwaite,331.4,31.4513,-98.5736
Steeleville,439.1,38.0086,-89.6624
Shiremanstown,2327.3,40.2224,-76.9555
Pomeroy,203.8,39.0292,-82.0336
Eureka Mill,528.6,34.718,-81.1929
Sea Breeze,358.5,34.0698,-77.8965
Bangs,446.7,31.7162,-99.1303
Wilton Center,666.9,41.1914,-73.4262
Foxfire,94.3,35.1791,-79.5639
Rankin,1541.4,40.411,-79.8813
Clancy,17.0,46.4493,-112.0029
Osburn,506.6,47.5055,-116.0008
Teaticket,633.1,41.5624,-70.5858
Point Mackenzie,4.1,61.3498,-150.0664
Hanley Hills,947.3,38.6856,-90.325
Trainer,630.4,39.8245,-75.4032
Shawsville,279.9,37.1707,-80.2527
Swedeland,337.9,40.0882,-75.3325
Black Earth,788.3,43.1344,-89.747
Pinebluff,254.3,35.1088,-79.4713
Merritt Park,1503.7,41.5385,-73.8723
Ridgely,335.4,36.2632,-89.4806
Royal Palm Estates,2437.5,26.6817,-80.1328
Quail Creek,215.9,28.7773,-97.0848
Fairview-Ferndale,720.7,40.7799,-76.5752
Hawi,82.0,20.2263,-155.8389
Grapeland,257.6,31.4948,-95.4765
Steep Falls,66.2,43.7905,-70.6275
Pine Bush,315.3,41.6093,-74.2966
Choteau,456.1,47.8137,-112.1794
Shannon,163.9,34.1144,-88.6932
Luis M. Cintrón,554.5,18.3008,-65.6371
Kenvil,559.6,40.8816,-74.622
Doe Valley,163.5,37.9745,-86.1107
Pagosa Springs,131.0,37.2675,-107.0307
Crosbyton,314.3,33.6413,-101.2377
Ordway,859.9,38.2208,-103.7566
Langley,584.1,33.512,-81.8344
Home,104.9,47.279,-122.7745
Audubon Park,1680.0,38.205,-85.727
Homer City,1199.8,40.5403,-79.1597
Romney,626.1,39.3454,-78.7564
Lucasville,190.5,38.878,-82.985
Eddington,1196.4,40.0865,-74.9445
Fern Acres,97.2,19.508,-155.0787
Tryon,331.1,35.2086,-82.2379
Mountain Village,200.4,37.9324,-107.8577
Watkins Glen,423.7,42.3801,-76.8673
Berry College,541.0,34.2911,-85.1878
Rock Creek,15.4,45.7604,-92.9088
Kalida,393.1,40.9854,-84.1946
Fairforest,315.8,34.9532,-82.0157
Rosebud,50.9,43.2398,-100.8229
Meridian Hills,446.5,39.8874,-86.1567
Horton,372.0,39.6635,-95.5326
Duenweg,198.5,37.0841,-94.4119
Schuylerville,1235.8,43.1015,-73.5808
Hale Center,458.2,34.0661,-101.8463
Mazomanie,372.2,43.1731,-89.7954
Napavine,227.7,46.5843,-122.9007
Romancoke,519.6,38.8872,-76.3476
Arcade,71.2,34.0693,-83.5399
Tallaboa Alta,1490.9,18.0504,-66.702
Cheswick,1421.9,40.5428,-79.8013
Brookston,996.2,40.6008,-86.8664
Cienegas Terrace,205.8,29.3687,-100.9432
Kettle Falls,593.0,48.6055,-118.062
Hertford,229.8,36.1813,-76.4673
Glen Gardner,424.5,40.7004,-74.9395
De Kalb,480.0,33.5076,-94.6166
Sedgwick,402.2,37.918,-97.4201
Carrier Mills,544.1,37.6886,-88.6294
Port Norris,103.0,39.2521,-75.0412
Crothersville,566.3,38.7944,-85.8399
Cave Junction,365.0,42.1672,-123.6473
Crownsville,129.0,39.0224,-76.5904
Congress,17.4,34.1526,-112.8642
Grand Marais,225.6,47.7588,-90.3445
Horse Shoe,87.9,35.3423,-82.5568
Angola On The Lake,257.8,42.655,-79.0523
Lluveras,900.4,18.038,-66.9037
Fannett,66.9,29.925,-94.2389
Searles Valley,62.5,35.77,-117.3967
Ellaville,207.4,32.238,-84.3089
Loveland Park,506.7,39.2951,-84.2641
Zilwaukee,296.2,43.4809,-83.9223
Temelec,412.4,38.2577,-122.4982
Thorp,442.6,44.9579,-90.8022
Port Carbon,868.3,40.6969,-76.1666
Walker Valley,202.1,41.6399,-74.3761
Rockwell Place,280.9,35.0422,-101.9084
Bunker Hill,448.1,43.3502,-124.2082
Foxcliff Estates,317.1,39.4787,-86.3917
Vienna Bend,303.0,31.7372,-93.0343
Teutopolis,320.0,39.132,-88.4795
Inglis,191.2,29.0323,-82.6603
Tekamah,415.2,41.778,-96.2247
Island Heights,1072.2,39.9424,-74.1454
New Hartford Center,204.8,41.8802,-72.9753
Purvis,155.9,31.145,-89.4054
Painted Post,512.4,42.1634,-77.0925
Arden On The Severn,457.0,39.0677,-76.5964
Morrisonville,193.9,44.6941,-73.5552
Baird,245.2,32.396,-99.3963
Bull Shoals,132.9,36.3748,-92.5902
Wacousta,73.0,42.8202,-84.6907
Orchard Hills,165.0,40.5849,-79.5416
Santa Nella,139.0,37.1012,-121.0157
Mokuleia,240.2,21.5771,-158.1714
Howard City,269.1,43.3947,-85.4683
La Luz,60.8,32.9698,-105.9388
Ashaway,273.5,41.426,-71.7852
Clintondale,101.4,41.6924,-74.0429
Woodside East,378.6,39.0676,-75.5376
Mannington,593.2,39.5274,-80.3409
Noel,320.1,36.5432,-94.4888
Kaibito,40.8,36.592,-111.1071
Greenup,370.3,39.2484,-88.1598
Plentywood,477.2,48.776,-104.5574
Gower,640.0,39.6129,-94.5947
Elizabeth Lake,104.4,34.6589,-118.3785
Ko Olina,599.9,21.3378,-158.1188
Hughes Springs,259.6,32.9987,-94.6311
Bryson City,296.3,35.4262,-83.4475
Captains Cove,219.2,38.0003,-75.4173
Mikes,1311.6,26.3147,-98.6336
Flomaton,127.2,31.0127,-87.2541
Braham,397.7,45.7223,-93.1717
Hollis,435.3,34.6897,-99.9153
La Huerta,426.0,32.4489,-104.2225
Sylvan Lake,1242.5,42.6172,-83.3331
Surrey,305.6,48.2433,-101.1333
Fránquez,1253.5,18.3401,-66.4276
Catlettsburg,483.9,38.419,-82.6025
Descanso,33.7,32.8696,-116.6279
Holliday,258.0,33.8141,-98.6899
Pine Island Center,147.4,26.6351,-82.1253
Grand Canyon Village,24.2,36.0474,-112.1623
Tsaile,106.5,36.3033,-109.2157
South Palm Beach,3120.7,26.5898,-80.039
Osakis,335.0,45.8649,-95.1524
Lake Waccamaw,229.3,34.3141,-78.5117
Montour Falls,213.8,42.3499,-76.8484
Tunkhannock,723.7,41.5413,-75.9485
Mcclellan Park,158.0,38.6629,-121.4016
Christmas,14.2,28.5605,-81.0201
Oronoco,219.3,44.1598,-92.5401
Bement,825.8,39.923,-88.5724
Hawkins,291.3,32.5917,-95.2027
Belzoni,630.7,33.1804,-90.4863
Seadrift,502.0,28.4142,-96.7162
Hatch,213.7,32.6663,-107.1644
Flying Hills,1252.4,40.2787,-75.9164
Roodhouse,569.4,39.484,-90.374
Radium Springs,107.5,32.4783,-106.9031
Lake Como,2521.0,40.1706,-74.0262
Browntown,1408.8,41.3139,-75.7826
Kayak Point,117.1,48.1387,-122.3342
Interlachen,105.1,29.6203,-81.8963
Conashaugh Lakes,239.5,41.3041,-74.9933
East Washington,1426.2,40.1745,-80.2325
Terra Bella,292.5,35.96,-119.0387
Río Blanco,833.3,18.2123,-65.793
Sunnyside-Tahoe City,183.9,39.1507,-120.1596
Frisco City,158.8,31.4353,-87.4037
Sea Bright,888.8,40.3653,-73.977
Industry,63.1,40.6595,-80.4115
Mccord,146.2,36.6797,-97.0346
Eleanor,311.3,38.5371,-81.9254
West Falmouth,207.4,41.6012,-70.6364
Moundridge,407.1,38.2021,-97.515
Hartshorne,196.3,34.8392,-95.5596
Seeley,454.1,32.7893,-115.6843
Sophia,914.6,37.7117,-81.2525
Cedar Glen West,602.1,40.0418,-74.2851
Tawas City,375.8,44.2679,-83.5244
Manson,196.9,42.5287,-94.54
North Industry,322.5,40.7362,-81.3728
Pine Grove Mills,254.9,40.7315,-77.8884
Lakefield,476.7,43.678,-95.1695
Bingham Farms,528.4,42.5176,-83.278
Bolindale,648.6,41.2088,-80.7785
North Belle Vernon,1518.0,40.132,-79.8639
Bell Acres,119.0,40.5898,-80.1738
Sneedville,277.2,36.5366,-83.2098
Harpersville,29.0,33.3184,-86.4286
Prairie City,512.9,41.5954,-93.2393
Jobos,1152.6,17.9608,-66.1655
Ballard,45.6,40.2949,-109.9493
Pelahatchie,107.1,32.3148,-89.8083
Wabasso,172.7,27.7486,-80.4421
Olivet,255.4,39.5402,-75.1727
Mona,238.6,39.8121,-111.8495
Morrice,488.1,42.8362,-84.1833
El Mangó,1263.6,18.2345,-65.8751
Rehobeth,82.6,31.1242,-85.4383
Plain View,38.2,35.2457,-78.5634
North Pekin,462.9,40.6114,-89.6225
Pine Valley,88.7,32.8415,-116.5107
Poth,200.7,29.0726,-98.0809
Topaz Ranch Estates,44.2,38.7357,-119.5008
Barview,459.4,43.347,-124.3073
The Galena Territory,57.6,42.3955,-90.3184
Shenorock,905.9,41.3307,-73.7409
Gibbon,725.1,40.7461,-98.8458
Carter,98.6,32.9139,-97.7343
Hackleburg,41.5,34.2693,-87.8303
Manito,418.6,40.4201,-89.7806
Cienega Springs,178.4,34.2009,-114.2089
Laingsburg,398.9,42.8906,-84.35
River Hills,122.7,43.1716,-87.9353
Harbor Hills,229.7,39.9366,-82.4343
Conyngham,617.1,40.9913,-76.0599
Grayling,308.6,44.6566,-84.7091
Pacific City,170.1,45.2054,-123.9536
Halsey,1118.8,44.3827,-123.111
South Dos Palos,410.9,36.9707,-120.6467
White Pigeon,448.5,41.7977,-85.6485
Neligh,432.1,42.1291,-98.03
Reform,78.9,33.3788,-88.0173
Nissequogue,165.7,40.9023,-73.1923
Shell Rock,393.9,42.7126,-92.5816
Cedar Bluff,131.1,34.2217,-85.5882
New Middletown,721.7,40.9646,-80.5597
Wind Point,497.9,42.7814,-87.7721
Ainsworth,627.6,42.5485,-99.8576
Southside Place,3498.0,29.7089,-95.4366
Greenback,75.8,35.6487,-84.1725
Rector,462.1,36.2642,-90.2935
Ledbetter,91.5,37.0485,-88.4949
North Key Largo,33.9,25.2574,-80.3242
New Paris,404.8,41.5005,-85.8249
Hines,304.8,43.5569,-119.0803
Frenchtown,93.4,47.0287,-114.2461
Fairplay,230.3,33.6187,-84.8605
Hopwood,333.3,39.8773,-79.7017
Yacolt,1094.0,45.8652,-122.4062
Cottonwood Shores,586.4,30.555,-98.3276
Roxana,87.9,38.8315,-90.0464
Rio Rancho Estates,9.2,35.3004,-106.7985
Aceitunas,931.0,18.4455,-67.0669
West Sharyland,539.8,26.2719,-98.3404
West Buechel,980.7,38.195,-85.6678
Meadview,20.2,35.9532,-114.0789
Roseto,996.8,40.8778,-75.2204
Devon,1022.4,40.0496,-75.4272
Cambridge City,621.6,39.8125,-85.1703
Hoopers Creek,90.3,35.448,-82.4294
Nellysford,65.1,37.9132,-78.8829
Cumberland Head,162.3,44.7177,-73.398
Ferrum,68.4,36.9314,-80.0148
Palmarejo,956.2,18.0409,-67.0766
Harwich Center,278.1,41.6923,-70.0694
Lac Du Flambeau,126.3,45.9696,-89.8994
Cohoe,8.9,60.2681,-151.2843
Gruetli-Laager,49.3,35.3726,-85.6375
Smith Valley,6.1,38.8109,-119.3517
Noank,409.5,41.3339,-71.9978
Oblong,575.1,39.0022,-87.9107
St. Jacob,737.5,38.7198,-89.768
Paxtang,1538.4,40.2623,-76.8342
Standish,286.5,43.9794,-83.9637
Colwich,467.2,37.7818,-97.5363
Boring,144.8,45.4304,-122.3716
Paul,840.3,42.6052,-113.7847
Saint John'S University,953.9,45.5798,-94.3931
Minorca,139.6,31.5725,-91.4884
Royal City,535.5,46.9018,-119.6205
Crainville,377.1,37.7511,-89.06
Rural Retreat,273.8,36.901,-81.2765
Vander,168.0,35.0347,-78.7887
Wilson-Conococheague,132.1,39.653,-77.8306
Stedman,367.9,35.0114,-78.6996
Norris City,531.4,37.979,-88.3279
Hato Candal,1050.2,18.3732,-65.7906
Appalachia,180.8,36.9098,-82.7882
Estell Manor,11.7,39.3587,-74.7752
Malaga,291.3,39.5787,-75.0589
Lovelock,722.4,40.1787,-118.4775
Mustang Ridge,166.7,30.0574,-97.6851
Whitewright,339.3,33.5108,-96.3956
Rosanky,30.4,29.9537,-97.3065
Hoback,14.3,43.3082,-110.7443
Marbury,26.8,32.6793,-86.4608
Nebo,117.2,35.7106,-81.918
Level Plains,202.4,31.3071,-85.7687
Thornville,1167.2,39.8944,-82.4203
Molino,89.2,30.7123,-87.324
Tariffville,962.7,41.9071,-72.7684
Patrick Afb,201.0,28.2346,-80.6079
Limestone Creek,1585.6,26.9432,-80.1407
Clark Mills,415.5,43.0895,-75.3757
Coeburn,317.9,36.9444,-82.4698
Pandora,581.8,40.9474,-83.9567
Ruhenstroth,218.8,38.8913,-119.6833
Tennille,356.4,32.9359,-82.8134
Averill Park,153.4,42.6393,-73.5583
Camp Croft,233.8,34.9102,-81.8595
Guthrie Center,260.2,41.6779,-94.4991
Lockney,399.5,34.123,-101.4424
El Valle De Arroyo Seco,120.6,35.9526,-106.026
Oglala,49.4,43.1849,-102.7268
Barton,67.5,35.0653,-106.2569
Ragland,36.8,33.7469,-86.1384
Mescal,125.5,31.9676,-110.4368
Fisher,464.4,40.3157,-88.3503
Owenton,324.4,38.5385,-84.8411
Dravosburg,639.3,40.3508,-79.8907
Ina,256.9,38.1499,-88.904
West Alexandria,709.8,39.745,-84.5361
Wolf Creek,195.4,41.3253,-111.8288
Dover Beaches North,671.3,39.9921,-74.0715
Conway Springs,624.8,37.3899,-97.643
Rosharon,192.0,29.35,-95.453
Frazee,574.2,46.7282,-95.7026
Leland Grove,981.4,39.7787,-89.6838
Enosburg Falls,174.6,44.9083,-72.8026
Langston,51.3,35.9308,-97.2807
Clarks Green,1153.5,41.5009,-75.6952
De Pue,251.5,41.328,-89.2959
Walnut Grove,215.6,33.7452,-83.8512
Tonto Basin,19.1,33.837,-111.2999
Somonauk,245.8,41.6419,-88.6733
Naval Academy,1150.0,38.9858,-76.488
Breckinridge Center,234.2,37.682,-87.8656
Haymarket,1069.6,38.8121,-77.6363
Woodmont,1982.1,41.2282,-72.993
Ridgeville,342.1,33.09,-80.3071
Ransomville,104.0,43.2396,-78.9129
Los Molinos,282.3,40.027,-122.0981
Summerdale,57.1,30.4783,-87.6904
New Castle Northwest,705.2,41.0221,-80.3566
Prineville Lake Acres,93.1,44.1676,-120.7889
Taft Heights,3522.4,35.1337,-119.4711
Ford Heights,301.1,41.5109,-87.5814
Langhorne Manor,1023.8,40.1657,-74.9174
Shaw,550.2,33.6015,-90.772
Elephant Butte,146.5,33.1806,-107.2269
Smith Center,498.0,39.774,-98.7831
Greenock,574.3,40.3125,-79.8038
Pilot Mountain,300.4,36.3853,-80.4735
Holiday Valley,336.0,39.8536,-83.962
Helena West Side,40.6,46.5966,-112.1148
Craigsville,100.8,38.3246,-80.645
Gamerco,638.6,35.5699,-108.7641
Elizabethville,1116.4,40.5472,-76.816
Osgood,394.5,39.1286,-85.2929
Navarre Beach,517.4,30.383,-86.8874
Dimondale,685.9,42.6484,-84.6475
Edgeworth,408.2,40.5546,-80.1923
Bull Run Mountain Estates,347.1,38.9106,-77.6638
Remington,160.0,40.7667,-87.1391
Pierz,442.7,45.9772,-94.1008
Warner,330.0,35.4905,-95.3087
Tano Road,52.9,35.7374,-105.9819
Brodheadsville,142.7,40.9267,-75.4017
Valatie,486.1,42.4134,-73.6779
Colmar Manor,1412.1,38.9301,-76.9437
Pole Ojea,1097.2,17.9743,-67.1832
Mathews,153.1,29.6821,-90.5559
Senath,316.7,36.134,-90.1614
White Sands,144.1,32.3804,-106.4791
Rockaway Beach,380.7,45.6186,-123.9398
Gilman,250.1,40.7626,-87.9975
Del Norte,564.9,37.6786,-106.3539
Harbor Beach,353.6,43.8451,-82.6563
East Berlin,865.4,39.9368,-76.9793
Dysart,486.2,42.1721,-92.3091
Haverford College,3044.8,40.0081,-75.3065
Prosperity,247.3,37.8385,-81.1986
Philmont,500.3,42.2478,-73.6462
Silver Summit,54.1,40.7489,-111.514
Randolph,489.7,43.5397,-89.0029
Woodacre,338.3,38.0052,-122.6384
Stansberry Lake,293.9,47.3814,-122.7153
Las Marías,1964.0,18.2928,-67.145
Port Barrington,523.8,42.2441,-88.1947
Parklawn,1704.3,37.6071,-120.9803
Belle Rose,113.3,30.0422,-91.0497
Awendaw,35.0,32.9661,-79.6586
Central High,11.5,34.617,-98.0892
Limon,191.9,39.2653,-103.6857
Avonia,230.7,42.047,-80.2764
Mccaysville,403.1,34.9811,-84.3706
Elkland,232.1,41.989,-77.314
Pelzer,594.2,34.6433,-82.4588
Moody Afb,149.7,30.9714,-83.1954
Jenkins,68.5,37.1826,-82.631
Dale,250.7,38.1769,-86.9802
Camp Barrett,88.3,38.5198,-77.4441
Thompson Falls,377.3,47.5993,-115.3425
Garberville,225.9,40.1003,-123.7948
Inkerman,828.5,41.297,-75.8165
Olton,445.6,34.1802,-102.137
Vinco,141.7,40.41,-78.845
Orfordville,509.8,42.6294,-89.2572
Crescent,543.1,35.9518,-97.5948
Braddock Hills,638.5,40.418,-79.863
Ecru,90.7,34.355,-89.0222
Sleepy Hollow Lake,315.0,42.3034,-73.8086
St. Georges,437.9,39.5606,-75.6514
Langhorne,1227.4,40.1777,-74.9212
Granite,179.0,34.956,-99.3692
Rapids,165.5,43.0976,-78.644
Westwood Shores,187.1,30.9376,-95.3254
South Shore,856.4,38.7224,-82.9647
Onset,559.0,41.7481,-70.667
Penn State Erie,770.3,42.1184,-79.9818
Black Point-Green Point,220.3,38.1121,-122.5194
Fort Deposit,106.4,31.9863,-86.5664
Wright-Patterson Afb,61.0,39.8112,-84.0573
Leona Valley,32.4,34.6147,-118.299
Sylvan Springs,64.6,33.5302,-87.0312
Shreve,695.8,40.6813,-82.0217
Chenoa,247.7,40.7389,-88.7259
Remsenburg-Speonk,167.3,40.8158,-72.7064
Freeman,404.1,43.3475,-97.4306
Elk Rapids,364.5,44.8949,-85.4053
Wallis,402.0,29.6317,-96.0638
Fox Chase,1973.8,40.3952,-75.9634
Glouster,458.8,39.5022,-82.0842
Cresson,52.0,32.5299,-97.6154
Del Rey Oaks,569.8,36.5913,-121.829
Wagner,323.1,43.0768,-98.2934
Gouldtown,212.5,39.4152,-75.1912
Kaloko,44.4,19.7216,-155.9505
Twin Grove,151.4,40.4857,-89.0993
Rawls Springs,328.7,31.3797,-89.3878
Ackley,244.2,42.5519,-93.0528
Hooker,539.1,36.8613,-101.2162
Point Venture,700.0,30.3817,-98.001
Trumansburg,432.0,42.541,-76.6618
La Playa,563.4,18.2865,-67.1868
Springmont,1420.8,40.3274,-76.0042
Holstein,380.0,42.487,-95.5428
Fair Grove,187.9,37.3833,-93.1522
Goliad,382.6,28.6708,-97.3917
Cactus Flats,96.2,32.7642,-109.7206
Mccamey,295.5,31.1325,-102.22
Higganum,96.4,41.4905,-72.558
Golden'S Bridge,248.1,41.2878,-73.6682
Advance,535.3,37.1038,-89.912
Centre Hall,971.0,40.8448,-77.685
State Center,599.1,42.0148,-93.1653
Nooksack,650.0,48.9276,-122.3186
Grant Park,174.6,41.2429,-87.6353
Tennessee Ridge,159.2,36.3194,-87.7631
Phillips,224.5,45.6958,-90.4018
John Day,263.6,44.4181,-118.9563
Bonneau Beach,254.0,33.3229,-79.99
Chenoweth,106.0,45.6206,-121.2363
Tower City,982.5,40.5884,-76.553
Daniels,128.6,37.724,-81.1267
Coburg,497.7,44.1394,-123.0588
Minco,48.4,35.3175,-97.9517
Keystone Heights,552.9,29.7812,-82.034
Fountain Green,476.0,39.6281,-111.6413
Wellman,554.3,41.4693,-91.8353
Jamesport,132.1,40.9546,-72.5807
Belle,860.0,38.2336,-81.5385
Ucon,650.9,43.5936,-111.9594
Roslyn Estates,1358.0,40.7937,-73.6612
East Palatka,186.5,29.6502,-81.5997
Biltmore Forest,203.8,35.5348,-82.5403
Hill City,352.8,39.367,-99.846
Yutan,1032.8,41.2431,-96.3959
Benld,559.1,39.093,-89.8023
Scotland,719.2,39.9697,-77.5844
Red Lick,326.0,33.4766,-94.1686
Cove Creek,69.3,36.2763,-81.7829
Curtice,160.7,41.616,-83.3743
Ahwahnee,51.2,37.3654,-119.7166
Minneota,407.3,44.5625,-95.9827
Mont Alto,1050.6,39.8404,-77.5559
Big Timber,604.4,45.8346,-109.9487
Cascade Locks,283.2,45.6763,-121.8719
Bruceville-Eddy,142.8,31.3105,-97.2477
Port Sulphur,109.1,29.5046,-89.7206
Tatum,156.0,32.3159,-94.5189
Basin City,184.9,46.589,-119.1566
Gordonsville,621.8,38.136,-78.1879
Harristown,325.1,39.8429,-89.0608
Mound Bayou,672.1,33.8808,-90.728
Tioga,174.2,48.3947,-102.9431
Tome,106.6,34.739,-106.7251
Ralls,436.1,33.6788,-101.3846
Leadwood,508.7,37.8618,-90.5892
Elmore,673.6,41.4708,-83.2911
Castleton-On-Hudson,824.5,42.5332,-73.7491
Bowman,315.4,46.1843,-103.4029
Ronceverte,345.2,37.7503,-80.4715
Douglass,552.9,37.5169,-97.0105
Runaway Bay,233.3,33.1774,-97.8709
Lake Leann,354.8,42.0599,-84.4309
Dobson,289.0,36.3928,-80.7245
Rutledge,106.2,36.2757,-83.5311
New Fairview,31.0,33.1124,-97.4456
Los Ranchos,203.3,35.2104,-120.6295
Edgard,51.6,30.0362,-90.546
Panora,324.1,41.6911,-94.3639
Marmet,460.8,38.2458,-81.5711
Heritage Pines,578.4,28.4267,-82.6254
Little Walnut Village,100.1,32.8257,-108.2811
Dover Beaches South,943.8,39.9539,-74.0806
Dunsmuir,365.5,41.2317,-122.2715
Banner Hill,419.4,36.1223,-82.4203
Lake Telemark,275.9,40.961,-74.497
Coahoma,476.8,32.2956,-101.3089
Arnaudville,844.8,30.4023,-91.932
Medicine Lodge,489.0,37.2851,-98.5812
Cecilia,276.5,30.3368,-91.8476
Mountain Road,68.3,36.7585,-78.989
Glen Dale,689.2,39.9466,-80.7565
Smethport,348.2,41.8075,-78.4439
Weissport East,278.3,40.8369,-75.6864
Mount Carroll,292.0,42.0948,-89.977
Grayville,275.0,38.2554,-87.997
Lake Sherwood,186.4,34.134,-118.8804
Delisle,111.7,30.3848,-89.2746
Parks,3.4,35.2939,-111.977
Quinlan,452.2,32.909,-96.1312
Serenada,271.2,30.6948,-97.6959
Cedar Ridge,74.8,38.066,-120.2737
Parachute,255.5,39.4508,-108.0529
Coto Norte,772.5,18.4328,-66.4409
Mount Pulaski,515.1,40.0102,-89.2839
Del Rey,437.7,36.6565,-119.5981
Shell Lake,99.9,45.7322,-91.9033
Absecon Highlands,298.8,39.4409,-74.4735
Baltic,790.8,43.7603,-96.7371
Rolling Hills,195.1,33.7601,-118.3471
Powhatan Point,397.0,39.8625,-80.8098
Franklin Furnace,247.7,38.6114,-82.8439
Sanborn,310.5,43.1814,-95.6554
Stamps,191.0,33.3568,-93.4955
Lanark,520.3,42.1019,-89.8336
North Granby,69.9,42.0152,-72.844
Stearns,144.8,36.6957,-84.4768
South Coventry,179.4,41.7731,-72.3084
Cedar Glen Lakes,839.0,39.9527,-74.3995
Fairbank,786.5,42.6401,-92.0477
Eagle River,178.8,45.925,-89.2561
Fife Heights,592.9,47.2596,-122.346
Astor,249.1,29.1635,-81.5349
Belleair Beach,1219.8,27.9242,-82.8359
Susitna North,2.1,62.1281,-149.8593
Cannelton,392.4,37.9106,-86.7377
Laguna Park,194.1,31.8643,-97.3861
Lorena,151.0,31.3818,-97.2127
Intercourse,306.9,40.0379,-76.1081
Pepeekeo,528.8,19.8325,-155.1056
Wardsville,167.8,38.4901,-92.1791
Lakemont,572.8,40.4642,-78.3922
Mio,69.4,44.6605,-84.1418
Watson,605.1,30.5749,-90.9508
Key Vista,765.2,28.1946,-82.7703
Chatmoss,108.3,36.6758,-79.7981
Callahan,320.9,30.5655,-81.8319
Fall Creek,283.0,44.7639,-91.2783
Saxapahaw,111.8,35.9489,-79.321
Monument Hills,145.2,38.6641,-121.8754
Antón Ruíz,1305.5,18.1883,-65.8079
Spring Green,347.0,43.1776,-90.0688
Crandon,110.9,45.5686,-88.8973
West Conshohocken,685.4,40.0702,-75.3188
Catawissa,1126.7,40.9531,-76.4604
Lake Lorelei,262.6,39.1875,-83.9715
Clara City,307.5,44.9576,-95.3671
Glenmoor,206.9,40.6639,-80.6133
Cane Savannah,159.2,33.8923,-80.4396
Lacoste,916.4,29.31,-98.8116
Osborne,375.4,39.4404,-98.6994
Mancelona,575.9,44.9024,-85.0613
Upper Fruitland,75.5,36.7204,-108.3236
Mcconnellstown,176.7,40.4643,-78.067
Cadott,169.6,44.9502,-91.1532
Saunders Lake,202.8,43.5214,-124.211
Covelo,81.4,39.8025,-123.2499
Mineville,155.9,44.0933,-73.5246
Random Lake,382.6,43.5541,-87.9548
West Myerstown,603.4,40.3707,-76.3234
West Baraboo,457.0,43.4815,-89.7718
Eagle Butte,423.1,44.9939,-101.231
Bonduel,254.7,44.7383,-88.4476
Brooklyn Heights,321.4,41.418,-81.6681
Woodbury Center,284.6,41.5439,-73.2048
Julian,73.0,33.0735,-116.5889
Tok,4.3,63.329,-143.0379
Vernon Center,195.3,41.1874,-74.5015
Bovina,488.3,34.5156,-102.8848
Snead,101.4,34.1162,-86.3902
Collings Lakes,896.1,39.5939,-74.8821
Boyd,140.2,33.0843,-97.5632
Olive Hill,288.7,38.3037,-83.1682
Diablo Grande,133.7,37.4009,-121.2629
Lake Lure,43.6,35.4404,-82.2065
Mabscott,621.0,37.769,-81.2133
North Charleroi,1264.5,40.15,-79.9084
Keshena,68.9,44.8697,-88.6002
Lone Jack,96.9,38.8706,-94.1852
Laurium,883.6,47.2351,-88.4382
Barneveld,273.2,43.0117,-89.8969
Forest Meadows,145.1,38.1717,-120.399
La Alianza,502.5,18.395,-66.5975
Marks,446.4,34.2535,-90.2723
Perryopolis,390.7,40.0869,-79.7526
Coldstream,205.6,39.0479,-84.3475
Park River,221.1,48.391,-97.7425
Lusk,276.7,42.7613,-104.4584
Baywood Park,1045.7,37.5292,-122.3417
Glide,56.7,43.3029,-123.0666
Palm Shores,951.0,28.1919,-80.6594
Brownsboro,240.7,32.2984,-95.6131
Lakeshire,2166.3,38.54,-90.3384
Legend Lake,33.9,44.8909,-88.544
Tarkio,411.5,40.443,-95.3835
Weber City,333.4,36.6236,-82.5632
Clintwood,274.4,37.1507,-82.4573
Munday,399.9,33.4471,-99.624
Maunabo,974.0,18.0056,-65.9009
Sundown,375.2,33.4576,-102.4908
Samson,140.9,31.1124,-86.0462
Beesleys Point,267.7,39.2777,-74.6333
Nescopeck,576.3,41.053,-76.2123
Tyhee,198.4,42.9552,-112.4561
Lannon,230.4,43.1521,-88.1605
Ruch,84.6,42.2314,-123.0403
East Vineland,113.6,39.4805,-74.9158
Brookside Village,278.6,29.5908,-95.3179
Lenox,297.3,40.8835,-94.5583
Playa Fortuna,934.3,18.3759,-65.746
Ama,162.4,29.944,-90.2967
Mcalmont,361.7,34.7925,-92.196
Bel-Nor,903.1,38.7017,-90.318
Norris,68.2,36.2137,-84.0629
Lazy Mountain,9.7,61.6517,-148.902
Pierce City,440.6,36.9465,-94.0032
Alum Creek,55.7,38.2875,-81.833
Brackettville,179.2,29.3181,-100.4109
Fort Benton,247.5,47.8291,-110.6557
Mishicot,222.5,44.2303,-87.6423
Leadville North,231.8,39.26,-106.3112
Sardinia,323.3,39.0071,-83.802
Millers Creek,126.7,36.1909,-81.2356
Smoke Rise,99.1,33.8789,-86.824
Van Meter,129.6,41.5192,-93.9426
Seabrook Farms,261.7,39.5015,-75.219
Laflin,432.6,41.2898,-75.7943
Blawnox,1254.7,40.4922,-79.86
Shorewood-Tower Hills-Harbert,125.2,41.8817,-86.6142
Union Hall,39.1,37.0206,-79.6837
Lomas Verdes Comunidad,1035.8,18.3823,-67.1201
Hagan,276.9,32.1536,-81.9304
Emigration Canyon,31.0,40.7886,-111.7414
Patterson Tract,391.2,36.3795,-119.2956
Falkville,132.6,34.3793,-86.9086
Big Pine,191.7,37.1655,-118.2951
Traer,438.4,42.1895,-92.4639
Saticoy,146.7,34.2819,-119.1454
Wathena,241.2,39.7602,-94.9396
Lone Oak,87.3,35.2007,-85.3685
Lake Marcel-Stillwater,442.2,47.6926,-121.9151
Castle Dale,249.6,39.2218,-111.023
Bayou Gauche,43.9,29.8081,-90.421
High Rolls,36.6,32.9388,-105.8214
Bedminster,121.5,40.6745,-74.6592
Northlakes,378.3,35.7757,-81.3669
Muenster,213.9,33.6586,-97.3874
Leoti,428.7,38.4834,-101.3579
Philo,680.5,40.0033,-88.1563
Oolitic,845.7,38.8935,-86.5254
Uintah,448.7,41.1428,-111.9334
Tolar,510.3,32.3895,-97.919
Playita Cortada,630.5,17.982,-66.4402
Ocean Ridge,741.5,26.5286,-80.0499
Hughestown,648.4,41.3289,-75.77
Hamshire,189.5,29.857,-94.3185
Gallitzin,789.6,40.481,-78.5547
St. Stephen,210.6,33.4047,-79.9264
Arapahoe,20.4,42.9911,-108.4562
Fort Loramie,546.5,40.3442,-84.3694
Chinook,1078.5,48.5902,-109.2319
Iota,443.5,30.326,-92.4956
Plandome,1143.2,40.8069,-73.6996
Odon,606.2,38.8423,-86.9894
Duncan Falls,453.9,39.8777,-81.9112
West Yellowstone,619.8,44.6627,-111.1057
Coulee Dam,785.9,47.9689,-118.9759
Pierson,55.1,29.2401,-81.4559
Ponderay,191.5,48.3092,-116.539
Suárez,2280.2,18.4311,-65.8515
Thunder Mountain,127.2,35.1009,-106.2278
Paincourtville,323.0,29.9886,-91.0554
Foresthill,50.2,39.0053,-120.8314
Simmesport,258.5,30.9806,-91.8143
Powells Crossroads,114.6,35.1849,-85.4848
Paonia,677.3,38.8698,-107.592
Apollo,1847.3,40.5848,-79.5647
South Wilton,500.9,41.173,-73.4166
Mallory,128.7,37.7302,-81.8243
Archer City,238.2,33.5938,-98.6256
El Paraiso,758.5,18.0648,-66.6021
Blue Mountain,341.2,34.6739,-89.0262
Redkey,642.9,40.3483,-85.1539
Buxton,71.4,35.2511,-75.5475
Downs,186.9,40.3988,-88.8894
Keeler Farm,49.1,32.3161,-107.7602
Caney,413.1,37.014,-95.9315
Steele,258.7,36.0903,-89.8402
Cleora,47.2,36.5738,-94.948
Charlotte Hall,110.4,38.4667,-76.7848
Bellemont,64.8,35.2425,-111.8138
East Canton,466.0,40.7889,-81.285
Des Arc,265.7,34.9776,-91.5067
La Grulla,596.6,26.2721,-98.6483
Gorman,199.2,36.0417,-78.8092
Mendon,354.4,41.7102,-111.9776
Woodland Heights,340.5,41.4108,-79.7048
Lake Riverside,76.5,33.5173,-116.8107
Lacoochee,195.5,28.4655,-82.1698
Bruce,229.0,33.9909,-89.3454
Bonner-West Riverside,363.7,46.8767,-113.8869
Shell Knob,58.9,36.609,-93.5967
Luther,35.3,35.6682,-97.1905
Glenns Ferry,268.1,42.9504,-115.3067
Vanceburg,384.6,38.5944,-83.3245
Benns Church,135.8,36.937,-76.5842
Grand Ronde,29.0,45.0739,-123.6211
De Graff,555.3,40.3127,-83.9167
Barry,388.7,39.6982,-91.0399
Lockport Heights,425.7,29.6564,-90.5486
Colma,294.3,37.6767,-122.4528
Animas,1722.1,18.4457,-66.6364
Queens Gate,964.5,39.9406,-76.6874
Sulligent,71.0,33.8912,-88.1266
Nanawale Estates,219.4,19.5035,-154.9104
La Villita,409.6,36.1001,-106.0515
New Brockton,69.7,31.3785,-85.9228
Mount Gay-Shamrock,73.7,37.8512,-82.023
Carbon Hill,100.9,33.8944,-87.5224
Woodland Hills,216.4,40.0132,-111.6558
Beulaville,359.4,34.9228,-77.7724
Ethete,17.1,43.0008,-108.723
Hurley,171.2,46.4462,-90.1983
Macdonnell Heights,884.2,41.7165,-73.8605
Patton Village,244.2,30.1954,-95.1643
Sawyerwood,751.9,41.0344,-81.4412
Sandia Knolls,197.8,35.1604,-106.2987
Crested Butte,639.8,38.8676,-106.9773
Wisner,451.1,41.9891,-96.9147
Brightwood,111.4,38.4132,-78.188
Boston Heights,79.3,41.2539,-81.509
Maben,285.5,33.5544,-89.0805
Gordo,170.3,33.3221,-87.904
Del Carmen,1328.9,18.4678,-66.849
Dallesport,82.2,45.6316,-121.1749
Arnold Line,333.0,31.3372,-89.3771
Fort Belknap Agency,12.2,48.4278,-108.6829
Atkinson,338.2,42.5309,-98.9747
Trafalgar,216.1,39.4124,-86.1499
Bratenahl,538.8,41.5538,-81.6055
Panama,244.7,35.1711,-94.669
Ceredo,420.7,38.3961,-82.5535
Lily Lake,203.5,41.9516,-88.4743
El Rancho,263.4,35.8928,-106.0856
Banks Springs,176.4,32.0764,-92.085
North Eagle Butte,62.7,45.0172,-101.2362
Georgiana,88.6,31.6391,-86.7468
Colon,402.5,41.9592,-85.3229
Gueydan,606.9,30.0291,-92.5071
Killen,272.9,34.8607,-87.5268
Remerton,956.7,30.8441,-83.3085
Burt,91.5,43.2358,-83.9027
Willacoochee,144.5,31.3358,-83.0446
Pahoa,253.5,19.496,-154.9453
Fairmount Heights,1796.1,38.9016,-76.9153
Fairchance,464.9,39.8251,-79.754
Berino,587.1,32.069,-106.6221
Jackpot,141.7,41.9797,-114.6645
Omao,435.3,21.9236,-159.4814
Sunriver,62.4,43.8815,-121.4368
Coats Bend,64.5,34.0774,-85.8742
Darmstadt,122.1,38.0938,-87.5793
Albers,555.8,38.5452,-89.6142
Loch Sheldrake,333.5,41.7702,-74.657
East Dubuque,191.6,42.4888,-90.6278
Cannonsburg,315.8,38.3806,-82.7006
Cerro Gordo,755.5,39.8892,-88.7346
Canyon Day,106.0,33.783,-110.0328
Boulevard Gardens,1448.6,26.1253,-80.1804
Rincón,1300.8,18.3389,-67.2515
Winnsboro Mills,225.0,34.3561,-81.0708
Wattsville,128.3,37.9301,-75.4943
Blossom,215.4,33.6633,-95.3837
Mazon,913.5,41.2417,-88.4231
Enigma,168.9,31.4076,-83.329
Belhaven,345.0,35.5428,-76.6232
Lake Dalecarlia,486.4,41.337,-87.4037
Oceana,424.8,37.6927,-81.6324
Earle,169.0,35.2734,-90.4642
Southmayd,194.5,33.6231,-96.7287
Moyie Springs,353.7,48.7247,-116.1953
Thermal,58.4,33.6262,-116.1309
China Spring,118.8,31.6492,-97.3048
San Felipe Pueblo,45.8,35.4338,-106.425
Babbitt,5.2,47.6443,-91.9461
Heppner,445.8,45.3547,-119.556
Waterman,361.7,41.7683,-88.7659
Gasport,175.6,43.1938,-78.5762
Poipu,211.3,21.8834,-159.46
Western Lake,158.0,32.6215,-97.816
Ilwaco,267.0,46.31,-124.0417
Woxall,210.4,40.3118,-75.452
Pewee Valley,283.2,38.3105,-85.4896
Millport,99.7,33.5586,-88.0817
Edmore,359.4,43.4073,-85.0367
Basye,62.8,38.8182,-78.7659
Strawberry Point,261.7,42.6805,-91.5349
Iraan,885.8,30.9129,-101.9001
Leilani Estates,135.4,19.4659,-154.9157
Hansen,607.7,42.5314,-114.3011
Rossmoyne,1013.2,39.2153,-84.3888
Otterbein,425.7,40.4886,-87.0872
Coal Fork,106.5,38.3185,-81.5229
Boswell,738.0,40.1615,-79.0274
Latta,216.6,34.7532,-96.7088
Church Rock,29.7,35.5692,-108.573
Tatamy,982.7,40.7409,-75.256
Rich Hill,399.1,38.0958,-94.3633
Lubeck,128.0,39.2276,-81.6265
Celoron,729.2,42.1052,-79.2777
South Whitley,640.0,41.084,-85.6278
Warren Park,1204.0,39.7832,-86.0516
Montello,277.7,43.794,-89.3333
Steelville,224.9,37.9696,-91.3545
Chapin,257.1,34.165,-81.3446
Carbonville,97.5,39.6268,-110.8332
Rafael Capó,349.2,18.4005,-66.7898
Indios,536.0,17.9942,-66.821
Arbury Hills,2452.4,41.5353,-87.8461
Amargosa Valley,5.5,36.5424,-116.4877
Burkesville,211.0,36.7906,-85.3675
Earlham,574.7,41.4943,-94.122
Kaibab Estates West,24.0,35.2762,-112.5018
Cherry Branch,472.8,34.9304,-76.8112
Copeland,77.7,36.6571,-94.8204
Paraje,97.3,35.0444,-107.4681
Nottingham,167.6,39.7509,-76.0258
Alamosa East,166.6,37.4766,-105.8397
Tuolumne City,230.1,37.9615,-120.2428
Saybrook Manor,701.5,41.2825,-72.4063
Duboistown,981.5,41.2228,-77.038
Brandywine Bay,672.8,34.7384,-76.8303
Victory Lakes,223.4,39.6305,-74.9663
Kenwood Estates,1925.7,26.6276,-80.1153
Queen City,152.9,33.1507,-94.1524
Chadds Ford,241.2,39.8742,-75.604
Yorklyn,1203.6,39.9929,-76.6428
St. Elmo,364.7,39.021,-88.8508
Lake Winnebago,233.2,38.8234,-94.3612
Harbor Isle,3808.5,40.6018,-73.6647
Wheeler,353.4,35.4411,-100.2752
Olimpo,1386.1,18.0027,-66.1097
Randolph Afb,131.2,29.5302,-98.2788
Palma Sola,481.7,18.324,-65.8715
Cementon,830.2,40.689,-75.5161
Shepherdstown,1346.1,39.432,-77.8046
Benavides,305.1,27.5969,-98.4137
Taft Southwest,1044.2,27.9711,-97.4055
Estancia,87.6,34.7667,-106.0301
Craig Beach,688.2,41.116,-80.9827
Webb,47.9,31.2572,-85.2896
Chelsea Cove,1514.4,41.6133,-73.7469
Old Miakka,44.3,27.3199,-82.2777
Sublette,510.0,37.4822,-100.8466
Hemphill,212.5,31.3431,-93.8511
Darrington,280.3,48.2546,-121.6031
Renville,408.2,44.7908,-95.2048
St. Vincent College,1071.2,40.2914,-79.4054
Fort Denaud,26.9,26.7404,-81.5241
Woodsboro,760.8,39.5328,-77.3097
Ambridge Heights,563.3,40.5917,-80.2117
Terrebonne,530.2,44.3533,-121.1807
Pine Lakes,336.1,28.939,-81.4308
Red Boiling Springs,307.6,36.5301,-85.8481
Nora Springs,242.8,43.1445,-93.0093
Haven,692.9,37.9016,-97.7831
University Of Pittsburgh Johnstown,920.6,40.2626,-78.8297
Ladd,445.2,41.381,-89.2147
Milroy,533.0,40.7164,-77.587
Walls,45.5,34.9257,-90.1604
Elverson,538.8,40.1559,-75.8304
South Windham,172.3,41.685,-72.1845
Greene,470.2,42.8968,-92.8041
Toulon,527.9,41.0935,-89.8633
Kemp,241.6,32.4351,-96.224
Atwood,504.2,39.8101,-101.0418
Niland,1334.3,33.2387,-115.5146
El Tumbao,500.8,18.0015,-66.8995
Jauca,417.5,17.9638,-66.3673
Rehoboth Beach,455.9,38.7172,-75.0845
Big Bass Lake,129.7,41.2525,-75.4795
Woodsville,289.5,44.1423,-72.0256
Continental,447.5,41.1001,-84.2727
Grizzly Flats,80.8,38.6358,-120.5354
Pine Knoll Shores,242.5,34.6974,-76.8205
Niagara,193.7,45.7801,-87.9991
Crugers,805.8,41.2279,-73.9259
Moreland,219.6,43.2195,-112.4378
Monette,94.5,35.8931,-90.3443
Auxvasse,708.3,39.0174,-91.8958
Sumas,364.2,48.9955,-122.2694
Pinconning,620.9,43.8573,-83.9638
Weweantic,421.2,41.7396,-70.7346
Great Falls Crossing,896.2,38.9808,-77.3256
Schwenksville,1334.2,40.2574,-75.4662
Honeyville,45.5,41.6361,-112.0857
Hurt,153.5,37.0954,-79.3029
Tuckerman,199.4,35.7259,-91.2016
Cayuco,576.0,18.2922,-66.7348
Choudrant,126.1,32.5503,-92.5121
Cypress Quarters,199.8,27.2479,-80.8115
Casa Blanca,33.8,33.1154,-111.9081
Huntland,349.8,35.0579,-86.2689
North Redington Beach,2044.2,27.8213,-82.819
Tornillo,153.9,31.4366,-106.1033
Yates Center,210.9,37.8668,-95.7539
First Mesa,33.9,35.8389,-110.3665
St. Michaels,457.4,38.7883,-76.2244
Bayou Country Club,685.0,29.7796,-90.7892
Moose Wilson Road,79.1,43.5315,-110.834
Mcdade,130.3,30.2817,-97.2453
Wade,86.4,30.6401,-88.5579
Trabuco Canyon,73.1,33.6782,-117.5939
South Willard,95.0,41.3583,-112.0408
Head Of The Harbor,189.6,40.8981,-73.1624
Powers Lake,226.3,42.5386,-88.2943
Frazeysburg,517.8,40.1191,-82.1177
New Beaver,36.8,40.8773,-80.3702
New Pekin,223.1,38.5029,-86.0152
Elmo,133.0,32.7315,-96.1589
Rainbow Lakes,484.5,40.875,-74.4535
Burgettstown,854.6,40.3814,-80.3926
Sparkill,1003.0,41.0289,-73.9333
Joanna,169.2,34.4149,-81.8086
Goodwater,81.7,33.0608,-86.0516
Pinewood Estates,40.2,30.1692,-94.3207
Pemberville,443.7,41.4096,-83.4587
Westhaven-Moonstone,65.6,41.0447,-124.1023
Factoryville,701.5,41.5602,-75.7823
Russiaville,593.1,40.4187,-86.2728
Queen Anne,60.9,38.9021,-76.6973
Lone Pine,27.9,36.5774,-118.0777
Coldspring,285.4,30.5898,-95.1307
Shoal Creek,105.0,33.4328,-86.6071
Centre Grove,75.4,39.3628,-75.1351
West Mountain,50.1,40.051,-111.785
Contoocook,229.9,43.2232,-71.7129
Morgandale,199.3,41.267,-80.7958
Duson,176.8,30.2365,-92.193
Marmaduke,378.0,36.19,-90.385
Jackson Center,307.1,40.4385,-84.0413
West Canton,392.9,35.5384,-82.8672
Columbus Afb,345.2,33.6276,-88.4454
La Cygne,345.7,38.3479,-94.7613
Brocton,298.6,42.3898,-79.4428
Libertytown,219.3,39.4859,-77.2482
Cannon Beach,337.7,45.8884,-123.9603
Bonnetsville,159.8,34.9993,-78.3962
West Siloam Springs,133.9,36.1759,-94.5978
West Kennebunk,151.7,43.4142,-70.581
Edgar,291.7,44.9229,-89.9626
Avila Beach,86.6,35.1969,-120.7191
Loma,48.4,39.2075,-108.805
Bartolo,977.1,18.362,-65.8414
Central Garage,109.3,37.7458,-77.1316
Canton Valley,299.2,41.8316,-72.8977
North Puyallup,512.1,47.2015,-122.2742
Bruceton,312.9,36.0349,-88.2466
Onarga,314.2,40.7153,-88.0108
Barrackville,762.7,39.5014,-80.1696
Buccaneer Bay,400.2,41.0501,-95.9674
Weston Mills,74.6,42.0738,-78.3714
Loyal,393.5,44.7366,-90.4956
Tonka Bay,559.7,44.9167,-93.5885
Byng,80.6,34.8657,-96.6678
Ferron,223.0,39.0914,-111.1337
Kaumakani,553.9,21.9187,-159.624
Sutton-Alpine,9.1,61.7428,-148.8548
Kilmarnock,154.2,37.7118,-76.3834
Powderly,72.2,33.809,-95.505
Dooms,130.5,38.1027,-78.8495
Grantsburg,172.6,45.7813,-92.6836
Farwell,642.0,34.3855,-103.0373
Scottville,352.2,43.9511,-86.2798
Kean University,1321.7,40.6791,-74.2314
Buchanan Dam,67.7,30.7807,-98.4392
Mount Ida,334.1,34.5509,-93.6309
Alamance,659.4,36.0285,-79.489
Pine Knot,81.9,36.6648,-84.4395
Dunes City,195.1,43.9079,-124.0985
Oak Bluffs,289.4,41.4551,-70.5657
Brewster Heights,992.6,41.4073,-73.6286
Merlin,126.1,42.5204,-123.4252
Ceresco,1186.7,41.058,-96.6459
Carrizo Hill,1089.4,28.5032,-99.8294
Dolan Springs,9.0,35.5905,-114.2851
Stiles,1957.2,40.6666,-75.5072
Sturgeon,466.2,40.3834,-80.2153
Dutch Island,212.3,32.0047,-81.0317
Poetry,129.0,32.8257,-96.2458
Irwindale,59.2,34.1121,-117.9636
Clay City,492.8,37.8622,-83.9277
Chrisman,726.3,39.8044,-87.6749
Dagsboro,362.4,38.5462,-75.2458
Fort Dick,161.9,41.8663,-124.1526
Pierceton,417.4,41.1993,-85.7033
Sutton,280.9,40.6072,-97.8589
Fulda,514.4,43.8691,-95.6023
Castalia,509.2,41.4011,-82.808
Sackets Harbor,225.7,43.9418,-76.1182
Halifax,137.5,36.7612,-78.9279
Kenbridge,225.8,36.9609,-78.1284
Manton,333.1,44.4114,-85.401
Chadbourn,199.9,34.3251,-78.825
Miller,524.9,44.5204,-98.9869
Espino,750.4,18.2774,-67.1219
Fort Washakie,24.9,43.0069,-108.9205
Farmland,978.1,40.1895,-85.1273
Grace,520.9,42.5756,-111.73
Sarcoxie,356.3,37.0682,-94.1256
Byrdstown,348.8,36.5737,-85.1342
Yalaha,91.5,28.751,-81.8194
Simpson,587.2,41.5945,-75.4813
Pine Mountain,165.4,32.8522,-84.8521
North Bennington,276.7,42.924,-73.2411
Baxter Estates,2103.6,40.8338,-73.6948
Kinsley,399.9,37.9224,-99.4114
Sunset Lake,866.2,39.452,-75.2337
Niagara University,1803.9,43.1372,-79.0352
East Valley,52.6,38.9452,-119.6993
Anderson Island,65.1,47.1578,-122.7039
Indian Lake,1125.3,26.0877,-97.5027
Archie,344.7,38.4809,-94.351
Geraldine,135.4,34.3579,-86.0037
Sistersville,984.8,39.5597,-80.9988
Chesilhurst,301.6,39.7306,-74.8785
Hiller,299.7,40.0069,-79.9049
Salix,485.1,40.2964,-78.7594
Webberville,284.1,42.6643,-84.1797
Shenandoah Junction,510.6,39.353,-77.8375
New Windsor,699.7,39.5443,-77.1012
Metlakatla,223.5,55.1182,-131.5689
Limestone,192.4,41.1337,-87.9599
Pen Mar,699.4,39.7243,-77.5151
Diamond Ridge,12.2,59.7024,-151.5546
Banner Elk,273.0,36.1589,-81.8677
Frontón,187.0,18.3097,-66.5603
Ellicott,47.3,38.8256,-104.3829
Riesel,124.0,31.4763,-96.9303
West Chatham,176.5,41.6804,-69.9918
Ash Grove,386.7,37.3176,-93.5809
Hasson Heights,337.8,41.4487,-79.6766
Seeley Lake,42.0,47.1624,-113.4547
Avis,1041.7,41.1858,-77.3164
Spring Hope,340.5,35.9441,-78.109
Shoemakersville,957.4,40.5004,-75.97
Hanna City,378.5,40.6936,-89.8059
Rainelle,462.8,37.9678,-80.7718
Homestead Base,121.4,25.4936,-80.391
Sullivan Gardens,206.3,36.4877,-82.5912
Gillett,381.4,44.8897,-88.3063
Edmonston,1278.2,38.9502,-76.9332
Dassel,305.6,45.0831,-94.315
Sargent,69.0,28.7966,-95.6465
Claypool Hill,93.6,37.0633,-81.7505
Ovid,508.9,43.0031,-84.3742
Cornell,135.7,45.1632,-91.1497
Tuscarawas,700.6,40.3932,-81.4005
Edison,219.4,31.5608,-84.7374
Shasta,47.0,40.5911,-122.4797
Ashton,804.6,44.0734,-111.4482
Payne,756.2,41.0797,-84.7272
Darien Downtown,651.2,41.0768,-73.4699
Maypearl,677.6,32.3141,-97.0051
Capron,664.1,42.3986,-88.7394
Wink,439.5,31.7545,-103.1541
Fincastle,140.4,36.4038,-84.048
Cole Camp,393.6,38.4595,-93.2025
Rutherford College,222.0,35.7514,-81.527
Shoreacres,565.6,29.6203,-95.0191
Stanaford,268.7,37.8156,-81.1491
West Mayfield,644.0,40.7802,-80.3387
Fremont Hills,917.9,37.0647,-93.2531
Zeigler,376.5,37.9066,-89.0521
Shelburn,740.9,39.1791,-87.3971
New Rockford,297.7,47.6798,-99.1377
Papaikou,351.9,19.7917,-155.0963
Ventress,252.3,30.6825,-91.4248
Labadieville,131.4,29.8246,-90.9525
Pinetops,498.0,35.7912,-77.6378
Hemlock,185.6,43.4186,-84.2311
Onancock,488.2,37.7102,-75.7434
Wetumka,271.1,35.2412,-96.2385
Susan Moore,90.7,34.0804,-86.4228
Stanleytown,182.6,36.7514,-79.9524
Bridgehampton,39.2,40.9427,-72.3101
Vian,381.4,35.5023,-94.9695
Dotsero,376.1,39.6463,-107.054
Theresa,690.4,43.5164,-88.4541
West Blocton,106.2,33.1186,-87.1253
Robersonville,420.2,35.8247,-77.2533
Dollar Point,311.5,39.1899,-120.1083
Cool Valley,1110.8,38.7251,-90.3058
Deadwood,103.3,44.3871,-103.7207
Atglen,582.3,39.9473,-75.9754
Maple Bluff,726.2,43.1131,-89.3718
Golden Shores,62.6,34.7819,-114.4777
Walford,489.1,41.8799,-91.8306
Greenland,126.5,35.9963,-94.19
Alvord,334.2,33.3569,-97.696
Rodney Village,864.3,39.1283,-75.5396
Kersey,215.1,40.391,-104.5794
Dortches,64.1,36.0114,-77.8572
Manawa,312.1,44.4613,-88.9204
Loving,421.5,32.2862,-104.0976
Lawtey,336.1,30.0484,-82.0725
Buckeystown,556.9,39.3264,-77.4279
Punta Rassa,212.9,26.5036,-81.9998
Wetherington,561.3,39.3633,-84.3767
Lakewood Club,265.4,43.3761,-86.2563
Olla,129.1,31.8981,-92.2404
Ruckersville,184.0,38.2314,-78.3756
Kingsford Heights,570.7,41.4784,-86.693
Toluca,477.3,41.0044,-89.1339
Mill Hall,550.3,41.1045,-77.4888
Killian,46.6,30.353,-90.5795
Okawville,250.2,38.4344,-89.548
Locust Fork,130.1,33.8957,-86.6302
Centerfield,265.5,39.1274,-111.8184
New Waverly,229.3,30.5374,-95.4822
Buhler,679.5,38.1384,-97.7704
Vaiden,236.0,33.3332,-89.7533
Stinnett,255.1,35.8231,-101.4436
Big Bend,155.7,42.9021,-88.2121
Cashion,388.3,35.8009,-97.6771
Platte,480.6,43.3869,-98.8435
Rock Spring,174.7,34.8147,-85.2389
Mcintosh,21.7,34.8819,-106.0559
Shullsburg,379.7,42.5733,-90.2348
Wingdale,196.9,41.6376,-73.5687
Ash Flat,79.4,36.2365,-91.6067
Long Creek,179.0,39.8053,-88.8474
Redington Beach,1675.6,27.8128,-82.8096
East Spencer,206.4,35.6816,-80.4228
West Kittanning,1179.4,40.8125,-79.5312
Kibler,101.1,35.4268,-94.2358
Bevil Oaks,247.6,30.1517,-94.2711
Mountainair,319.5,34.5212,-106.2392
Purdy,782.8,36.8187,-93.9206
Plains,505.6,37.2642,-100.5898
Lakes West,376.7,41.335,-73.513
Starbuck,341.0,45.6116,-95.5322
Lechee,30.4,36.871,-111.4328
Duncannon,1238.6,40.3952,-77.0277
Plattsburgh West,266.1,44.6837,-73.5037
New Buffalo,204.4,41.7922,-86.7424
Flippin,267.6,36.2773,-92.5935
Beechwood Village,1861.0,38.2555,-85.6295
Robinhood,99.1,32.2045,-89.9671
Basin,213.1,44.3804,-108.0466
Cavalier,584.5,48.7939,-97.6226
Emory,256.7,32.8766,-95.7677
Rancho Alegre,394.1,27.7392,-98.1027
Reese,372.5,43.4528,-83.6893
Tangent,132.9,44.5477,-123.1109
Castle Hill,860.7,37.8747,-122.0585
Cressona,504.2,40.6304,-76.1939
Oklahoma,657.3,41.11,-78.7356
Quinhagak,118.3,59.7511,-161.8992
Herscher,277.2,41.0493,-88.1006
Brickerville,231.7,40.2226,-76.2863
Linn,431.1,38.4788,-91.845
Hildale,55.5,37.017,-112.9787
Saint John Fisher College,2280.3,43.1143,-77.5108
Millbourne,5475.3,39.9637,-75.2528
Goochland,111.4,37.6974,-77.8943
Hiawassee,308.0,34.9495,-83.7531
Flordell Hills,2124.6,38.7174,-90.2648
Glenmora,289.9,30.9733,-92.5824
Sweet Springs,301.6,38.9649,-93.4152
Miranda,271.2,18.3869,-66.3789
Mcmillin,301.0,47.1286,-122.2374
Bogart,204.2,33.9479,-83.5341
Barbee,467.2,41.2909,-85.7122
Haskins,304.4,41.4648,-83.7043
White Cloud,259.0,43.5541,-85.772
Nellieburg,70.6,32.3974,-88.783
Canaan,286.9,42.0347,-73.3322
Alexandria Bay,667.8,44.34,-75.9161
Greilickville,108.9,44.805,-85.6634
Charenton,100.7,29.8685,-91.5388
Boyce,987.7,31.3907,-92.67
Lakes East,551.2,41.3314,-73.4911
Taos Pueblo,32.0,36.4657,-105.5634
South Woodstock,102.8,41.9312,-71.9555
Mooreland,566.4,36.4377,-99.2048
Saxonburg,550.7,40.7509,-79.815
Menahga,134.5,46.7471,-95.1012
Labarque Creek,28.4,38.4162,-90.6777
Suffield,184.1,41.0204,-81.3471
Porterdale,209.6,33.5739,-83.8941
Palm Beach Shores,2100.2,26.7775,-80.0367
Dennis,355.5,32.6057,-97.9359
Avimor,6.5,43.7758,-116.2571
Manly,351.6,43.2883,-93.2008
Macarthur,171.0,37.7551,-81.2079
Seven Points,180.6,32.3291,-96.2142
Wymore,278.1,40.1221,-96.6642
Rock Hall,383.2,39.139,-76.243
Soap Lake,323.1,47.3914,-119.4893
Prudenville,174.1,44.3013,-84.6654
Glyndon,313.9,46.8709,-96.5784
Newburg,515.6,43.4321,-88.0477
Candor,244.8,35.2964,-79.7323
Shenandoah Heights,588.8,40.8319,-76.2062
Booker,470.4,36.4561,-100.5402
Delevan,498.4,42.4912,-78.4796
Fosston,246.2,47.5856,-95.7577
Onsted,464.1,42.0061,-84.1893
Sunman,423.6,39.2373,-85.0931
Bayboro,266.4,35.1474,-76.7692
Newfoundland,75.8,41.0594,-74.4308
Midtown,110.2,35.8813,-84.5715
Orangeville,346.5,39.2309,-111.0592
Calverton Park,1201.4,38.7656,-90.3103
Cornwells Heights,1038.8,40.0771,-74.9517
G. L. García,646.2,18.1258,-66.1026
Cape Charles,138.9,37.257,-76.0093
Magnolia Springs,549.0,30.4003,-87.7749
Collinsburg,277.7,40.2196,-79.7849
Littlerock,267.6,34.5232,-117.9808
Arrowhead Beach,805.6,36.2266,-76.7021
Markesan,212.0,43.7098,-88.9907
Rustburg,39.4,37.2712,-79.0962
Pioneer,241.6,41.6773,-84.5524
West Pelzer,787.1,34.645,-82.4738
Redway,393.9,40.1208,-123.822
Point Roberts,100.8,48.9882,-123.0577
Milam,14.9,31.4541,-93.7979
Brookneal,140.8,37.0532,-78.9485
Winthrop,386.0,44.5424,-94.3598
Cloudcroft,300.9,32.9532,-105.7326
Edmund,72.0,33.8629,-81.1996
Greenwich,324.2,41.0318,-82.5198
South Henderson,273.0,36.3033,-78.406
Milford Square,534.2,40.4325,-75.4056
Meggett,27.1,32.6968,-80.273
Meade,336.1,37.2836,-100.343
Lightstreet,503.7,41.0407,-76.4175
Willards,431.5,38.3922,-75.3494
Griggsville,444.2,39.7078,-90.7276
María Antonia,872.1,17.9783,-66.8899
Nashotah,301.9,43.0938,-88.4038
Panaca,159.5,37.7881,-114.4005
Rome City,334.1,41.4893,-85.361
Oak Grove Heights,163.9,36.1271,-90.5085
Goodwell,223.3,36.5948,-101.6224
Okarche,222.9,35.7251,-97.9757
Sabana Eneas,681.4,18.081,-67.0852
Frankston,197.7,32.0561,-95.5043
Green Springs,422.6,41.2569,-83.053
Smith River,110.8,41.9233,-124.149
Crystal Lakes,1018.6,39.8861,-84.0242
Osmond,154.0,42.6777,-110.9408
Newville,1168.2,40.1702,-77.4016
Fruitport,539.9,43.1248,-86.1561
Gwinn,174.1,46.2858,-87.4425
Schoolcraft,498.6,42.117,-85.6337
Red Lake Falls,233.0,47.8837,-96.2727
Dilkon,29.5,35.3606,-110.3155
Wartburg,433.7,36.1038,-84.5859
Fairlea,130.7,37.7756,-80.4582
Ontonagon,132.8,46.8665,-89.3122
Rio,885.5,27.216,-80.2401
Cloverport,316.4,37.8311,-86.6304
Gerald,335.3,38.3992,-91.3305
Wendover,54.7,40.7241,-114.025
Slaughter,89.3,30.7219,-91.1393
Gold Hill,640.8,42.4358,-123.0527
Montegut,116.0,29.4656,-90.5617
Red Corral,77.4,38.4121,-120.6072
Black Creek,489.3,44.4742,-88.4506
Divernon,638.3,39.5707,-89.6547
Larimore,810.3,47.9091,-97.6269
Hebron Estates,825.0,38.0501,-85.6682
Pender,695.1,42.1108,-96.7113
Capitan,149.5,33.5393,-105.5983
Stillman Valley,853.9,42.1055,-89.1791
Goodhue,442.7,44.3994,-92.6255
Deville,37.0,31.3398,-92.1389
Juno Ridge,1172.4,26.8491,-80.0632
Pine Bluffs,122.4,41.1802,-104.0748
Rafael Hernández,1525.0,18.4718,-67.0787
Somis,145.1,34.2652,-118.9984
Andale,817.5,37.7916,-97.6276
El Negro,1061.0,18.037,-65.8494
South Barre,250.9,44.1646,-72.5038
Nazareth College,1075.8,43.1031,-77.5193
Henning,197.0,35.682,-89.577
Kaaawa,609.8,21.5485,-157.8534
Airport,2469.6,37.6337,-120.972
Playita,700.5,18.0404,-65.9071
Dike,349.6,42.4641,-92.6255
Crandon Lakes,190.1,41.1234,-74.8403
Prince'S Lakes,363.0,39.3514,-86.1094
Santa Anna,243.4,31.7369,-99.3254
Wurtland,274.7,38.5495,-82.7788
West Leechburg,492.5,40.634,-79.6171
Foscoe,83.9,36.1535,-81.7737
Tripoli,348.5,42.8083,-92.2578
Dorothy,83.0,39.4054,-74.8333
Gruver,439.9,36.2562,-101.4122
Ignacio,946.9,37.118,-107.6376
Thomas,340.7,35.7452,-98.7451
Mars,1030.1,40.6969,-80.0141
Birchwood Lakes,388.5,41.2513,-74.9103
Mansura,169.6,31.0673,-92.0528
Green Harbor,659.8,42.068,-70.6499
Hasley Canyon,84.4,34.4817,-118.6665
Bushyhead,32.4,36.4596,-95.5164
Penhook,43.3,36.9908,-79.6318
Harriston,306.6,38.212,-78.8283
Newell,591.1,40.6175,-80.5997
Buttonwillow,69.7,35.4092,-119.4406
March Arb,40.4,33.8888,-117.2776
Diaz,81.5,35.6478,-91.262
Fyffe,97.2,34.449,-85.9052
Fallon Station,169.8,39.415,-118.7165
Russells Point,518.8,40.4681,-83.8939
Hurleyville,429.7,41.7418,-74.6753
Elkader,352.7,42.8574,-91.4028
Neoga,343.0,39.3215,-88.4502
Summerland,344.9,34.4244,-119.5938
Colbert,354.2,33.8579,-96.5059
Westfield Center,227.7,41.0282,-81.9314
Grabill,740.6,41.2094,-84.9681
Wanatah,344.3,41.4305,-86.8926
Niverville,167.6,42.4484,-73.6497
Resaca,173.7,34.5789,-84.9439
Tubac,44.4,31.6111,-111.0586
Stottville,98.7,42.2932,-73.753
Fort Calhoun,694.6,41.4563,-96.0264
Marsing,706.3,43.5466,-116.8094
Great Neck Gardens,2051.0,40.797,-73.7225
Mill Neck,183.8,40.8839,-73.5582
Hudson Lake,249.7,41.7174,-86.5476
Chapman,514.9,38.9746,-97.0236
Dibble,64.3,35.0151,-97.6273
Weeping Water,452.3,40.8691,-96.1399
Edwardsburg,525.4,41.7965,-86.0836
Bracey,36.9,36.5762,-78.1107
Keedysville,567.3,39.4867,-77.698
Kincaid,587.7,39.5868,-89.4166
West Brow,183.7,34.9148,-85.4186
Cashton,376.5,43.7412,-90.7866
Donald,940.7,45.2227,-122.8389
Norman Park,155.8,31.2692,-83.6843
Kempner,233.5,31.0755,-97.9725
Pine Prairie,297.3,30.7818,-92.4223
Whitmire,383.2,34.5041,-81.6144
Granville South,78.7,40.0521,-82.5415
Dewart,235.2,41.1099,-76.8707
Crump,94.2,35.2315,-88.3381
William Paterson University Of New Jersey,2168.6,40.9478,-74.1989
Robie Creek,15.9,43.6681,-116.0209
Tiltonsville,912.9,40.1721,-80.6973
Bear Rocks,147.7,40.1289,-79.4649
Yellville,192.7,36.2289,-92.686
Logan Elm Village,976.5,39.5705,-82.9471
Moroni,449.0,39.527,-111.583
Russellton,331.3,40.6081,-79.8401
Sharon Center,101.0,41.0961,-81.7393
Goodman,580.9,32.9677,-89.9128
Bard College,596.1,42.0227,-73.9094
Marcus,312.1,42.8224,-95.8068
Birch Run,252.7,43.2503,-83.7911
Parker City,829.7,40.1898,-85.2037
Lincolndale,494.9,41.3356,-73.7252
Roberta,320.2,32.7196,-84.0104
Grass Lake,507.5,42.2511,-84.2073
Marshallton,549.4,40.7853,-76.5366
Man,423.4,37.7522,-81.8923
Blue Ball,399.0,40.1157,-76.0517
Oriskany,601.4,43.1568,-75.3335
Summitville,841.3,40.3359,-85.6436
Little Round Lake,52.9,45.9699,-91.3662
South Lansing,172.4,42.5369,-76.4968
Rotan,235.2,32.8541,-100.4655
Velda City,1641.9,38.6941,-90.2934
Mckinley Heights,524.8,41.186,-80.7177
Rush Springs,408.8,34.7788,-97.9572
Lake Dunlap,316.6,29.6683,-98.0773
Keewatin,181.0,47.4005,-93.0828
Rockvale,112.3,35.7669,-86.521
Lyndonville,325.0,44.5351,-72.0017
Treynor,729.8,41.232,-95.6063
Melcher-Dallas,456.0,41.227,-93.2416
West Swanzey,183.6,42.8707,-72.3225
Pennsboro,175.6,39.2874,-80.9755
Catawba,47.5,34.8464,-80.9061
Saddle Rock,1583.2,40.7947,-73.7492
Lenape Heights,619.3,40.7633,-79.5217
Brookfield Center,162.0,41.2384,-80.5548
Sanbornville,293.1,43.5525,-71.0297
West Van Lear,434.5,37.7852,-82.7891
Sutherland,363.1,41.1601,-101.1229
Silver Springs Shores East,61.9,29.0496,-81.8875
Clarence,620.1,41.8858,-91.0581
Wickerham Manor-Fisher,222.9,40.1771,-79.9079
Truman,429.7,43.8279,-94.4366
Hallstead,1130.7,41.9616,-75.7471
Wye,161.5,46.9523,-114.1331
Summer Set,515.8,38.0905,-90.575
Spicer,386.2,45.2331,-94.9401
Hawesville,290.4,37.8962,-86.7561
West Fairview,1826.8,40.2777,-76.9196
Sabana,1462.8,18.4643,-66.3517
Pilot Rock,318.9,45.496,-118.8333
Shokan,121.1,41.9809,-74.213
Oakfield,478.9,43.6843,-88.5476
Leavittsburg,317.3,41.2469,-80.8769
East Griffin,339.6,33.2439,-84.2318
Kent City,351.1,43.2202,-85.7539
St. George Island,98.9,29.652,-84.8881
Honaker,280.5,37.0156,-81.9686
Bagley,219.0,47.5244,-95.4031
Okeene,207.8,36.1171,-98.3167
Harmony,1194.6,40.8015,-80.125
Glenwood City,135.5,45.0521,-92.1658
Boise City,318.6,36.7313,-102.5095
Koontz Lake,133.3,41.4169,-86.4827
Eaton Estates,540.4,41.3061,-82.0114
Earlysville,153.3,38.1579,-78.4688
Weidman,83.1,43.7014,-84.9745
Crooks,363.8,43.6592,-96.8094
Kaanapali,93.8,20.9277,-156.6794
Gallant,32.6,34.0013,-86.2304
Waterflow,57.8,36.7568,-108.4673
Big Sandy,288.8,32.586,-95.1127
North Utica,135.8,41.3536,-89.0109
West Crossett,39.4,33.1488,-92.0221
Sand Lake,31.4,44.3276,-83.6711
Lemmon,427.1,45.9383,-102.1598
Ogden Dunes,630.6,41.623,-87.1932
West Lawn,2979.4,40.3289,-75.9938
Iyanbito,49.1,35.516,-108.4878
Stoneville,327.5,36.4653,-79.9064
Richlandtown,1174.5,40.4724,-75.3212
Pioche,76.1,37.9519,-114.4434
Brush Fork,246.4,37.2805,-81.245
Erin,120.1,36.316,-87.7025
Skagway,49.4,59.4566,-135.2927
Dasher,101.8,30.7462,-83.2253
Jones Valley,72.8,40.6999,-122.2405
Brown City,412.3,43.2115,-82.988
Otisville,611.4,41.4714,-74.5397
Orange Blossom,122.3,37.8097,-120.7115
Ansted,272.2,38.1356,-81.1038
Keaau,73.8,19.6233,-155.0483
Tiki Island,979.9,29.298,-94.9159
Sunday Lake,140.3,48.2265,-122.2537
Marbleton,514.6,42.5574,-110.1005
Wauregan,284.8,41.7498,-71.9138
Lake Secession,80.4,34.2821,-82.5904
Big Rock,108.0,41.7668,-88.5265
Taylors Falls,117.0,45.4121,-92.6644
Barbourmeade,1180.3,38.2986,-85.6009
Clint,237.4,31.5901,-106.2289
Lasara,322.8,26.4635,-97.9087
Los Héroes Comunidad,570.3,18.3916,-67.1186
Rock Port,168.2,40.4109,-95.5332
North Ballston Spa,536.4,43.0194,-73.8516
Athena,798.2,45.8133,-118.4926
Second Mesa,11.6,35.8222,-110.4884
Tyndall,295.1,42.9899,-97.8642
Rouse,4636.1,37.6196,-121.0084
Luna Pier,311.6,41.8049,-83.4426
Indian Shores,1580.6,27.8536,-82.8438
Upper Lake,271.2,39.1655,-122.9052
Bradford Woods,521.5,40.6369,-80.0809
King Cove,18.8,55.0858,-162.2978
Martin Lake,337.2,45.3824,-93.0885
Third Lake,789.6,42.3709,-88.0122
Fruitdale,1927.3,37.3116,-121.9357
Poplar Plains,434.7,41.1714,-73.3771
Mariposa,115.0,37.4912,-119.9722
Rafter J Ranch,703.4,43.4317,-110.7924
Stryker,518.8,41.5026,-84.4182
Bay Head,792.0,40.0701,-74.0482
Center Hill,75.8,28.6334,-81.9986
Stockdale,274.8,29.2361,-97.9636
Wolfe City,412.8,33.3686,-96.072
Eclectic,112.8,32.6387,-86.0387
South Uniontown,1019.5,39.8939,-79.7465
Salamatof,57.7,60.6154,-151.3159
Sea Ranch,28.7,38.7165,-123.4527
New Sarpy,341.1,29.9809,-90.3832
Cordry Sweetwater Lakes,173.8,39.3085,-86.1227
Boyceville,123.3,45.0427,-92.0384
Creighton,382.6,42.4649,-97.9071
Orocovis,821.0,18.2258,-66.3902
Harper,8.2,30.2903,-99.2459
Taft Mosswood,994.6,37.9139,-121.2831
Cando,684.9,48.4872,-99.2026
Millbury,464.3,41.5648,-83.4255
Hagerman,786.5,42.8164,-114.8974
Algodones,63.3,35.3804,-106.4731
Discovery Harbour,130.0,19.0415,-155.6254
Waymart,171.9,41.5866,-75.4047
Lake Medina Shores,149.6,29.6383,-98.9869
Camp Point,362.2,40.0383,-91.0664
Penn Valley,217.8,39.1954,-121.1942
Runge,392.6,28.8859,-97.7134
Peach Springs,58.3,35.5315,-113.4319
Hackett,320.2,35.1877,-94.4106
Reedsville,380.5,44.1524,-87.9516
St. Martins,237.9,38.5942,-92.3312
Black Hammock,41.4,28.7107,-81.1801
Bayside Gardens,465.0,45.7143,-123.9165
Biglerville,708.2,39.9303,-77.2462
Konawa,350.7,34.9579,-96.7538
Cochranton,383.6,41.5191,-80.047
Jefferson Heights,312.2,42.2361,-73.8822
Julesburg,304.6,40.9849,-102.2627
Beggs,109.8,35.7768,-96.0282
Yarrow Point,1191.5,47.6492,-122.2191
East Bangor,553.9,40.8811,-75.1861
Pocono Ranch Lands,145.4,41.1747,-74.9555
Amelia Court House,122.2,37.3367,-77.9882
Mifflinville,287.1,41.0307,-76.2995
Stanberry,327.5,40.2166,-94.5381
Rose Valley,627.8,39.8947,-75.3852
Humansville,368.1,37.7952,-93.5766
Gloster,251.7,31.1951,-91.0176
Double Springs,89.6,34.1502,-87.391
Mesa Del Caballo,896.8,34.286,-111.2952
Gore,194.0,35.5418,-95.1129
Appleton City,399.3,38.1906,-94.031
Alto,399.7,34.4649,-83.5727
Murphys Estates,223.4,33.6003,-81.9439
Robins Afb,166.3,32.6092,-83.5846
Urania,334.0,31.8639,-92.2913
Rose Lodge,47.8,45.0187,-123.8882
Kittitas,586.6,46.9837,-120.4189
Wanamingo,322.8,44.3026,-92.7872
Due West,279.8,34.3335,-82.3885
Shattuck,208.4,36.2649,-99.8774
Cortland West,88.6,42.5942,-76.2258
Luck,232.1,45.5718,-92.4666
Muniz,431.0,26.2578,-98.0897
North Apollo,841.3,40.5938,-79.5563
Pinon,70.5,36.0992,-110.2209
Bryn Athyn,236.5,40.1411,-75.0674
Valley Mills,375.5,31.6582,-97.4715
Oreana,976.5,39.9379,-88.8684
Clear Lake Shores,1050.0,29.5454,-95.0325
Alderson,510.6,37.7277,-80.6436
Kissee Mills,51.9,36.6694,-93.0472
Marine,647.1,38.7868,-89.7789
Clark,336.9,44.8809,-97.7348
Wurtsboro,365.0,41.5761,-74.4856
Deer Trail,358.2,39.6154,-104.0434
Richton,198.6,31.3495,-88.9407
Ten Mile Creek,78.6,39.2267,-77.3101
Muhlenberg Park,785.3,40.3868,-75.9398
White Deer,261.7,35.4332,-101.1751
Gotha,265.4,28.5306,-81.5191
Hydro,653.2,35.5483,-98.5795
Gleason,204.0,36.2174,-88.6107
Yamhill,934.0,45.3409,-123.1846
Nokesville,47.5,38.694,-77.5757
Madison Lake,331.6,44.2074,-93.8175
Ohkay Owingeh,118.5,36.044,-106.0565
Sparrow Bush,162.0,41.4025,-74.7175
Aetna Estates,1027.6,39.7381,-104.6732
Von Ormy,240.4,29.2803,-98.6556
Peña Pobre,1328.4,18.2174,-65.8221
Bolinas,77.9,37.9177,-122.7095
Naco,140.5,31.3431,-109.9336
Silver Ridge,975.7,39.9621,-74.2358
Redby,62.2,47.8715,-94.9052
Conestee,427.9,34.7638,-82.3497
Annville,56.7,37.3254,-83.9621
Beale Afb,44.9,39.1095,-121.3543
Maxwell,210.8,39.2771,-122.1946
South Ashburnham,151.9,42.6138,-71.9384
Story,63.6,44.5731,-106.9142
Bennet,874.4,40.6818,-96.5039
Southwest Sandhill,61.6,31.557,-102.9066
Palo,378.3,42.0649,-91.8005
Elm City,210.6,35.8044,-77.8561
Benwood,346.9,40.0139,-80.7328
East Gull Lake,57.5,46.3948,-94.3548
Sterling City,462.5,31.8392,-100.986
Crocker,63.4,47.0843,-122.1226
City View,582.7,34.862,-82.425
Dieterich,331.0,39.0604,-88.3815
Energy,378.2,37.774,-89.0244
Piney Point,301.4,38.1483,-76.5201
Miles,265.5,31.6006,-100.1853
Bernice,139.5,32.8276,-92.6584
Wagener,332.7,33.6512,-81.3625
Hillburn,202.3,41.1263,-74.1706
Branchville,142.5,33.2517,-80.8161
Morocco,423.6,40.9446,-87.4502
Whitaker,1374.9,40.4007,-79.8863
Pocono Mountain Lake Estates,212.0,41.1567,-74.9646
Nahunta,160.0,31.2065,-81.9814
Renovo,428.9,41.3313,-77.7477
Ramos,411.6,18.3389,-65.7111
Eustace,154.0,32.3076,-96.0138
North Enid,192.4,36.4458,-97.8634
Shawneetown,613.7,37.7157,-88.1866
Fort Gaines,94.3,31.6238,-85.0528
Garretson,309.2,43.7147,-96.5028
Kotlik,150.4,63.0305,-163.553
Deans,401.7,40.4037,-74.513
Island City,457.1,45.3358,-118.0492
Lesage,73.8,38.487,-82.293
Osceola Mills,1410.6,40.8525,-78.2699
Forest Home,882.0,42.4529,-76.4693
Claude,261.9,35.1075,-101.3629
Muldraugh,858.5,37.9365,-85.9915
Cana,56.7,36.5816,-80.6688
Goreville,167.3,37.5611,-88.9557
Biola,694.0,36.7999,-120.021
Sam Rayburn,53.6,31.0789,-94.0269
Dodson Branch,40.4,36.3149,-85.5322
Swede Heaven,62.5,48.2829,-121.7136
Quinebaug,103.4,42.0107,-71.937
Cottage City,2444.2,38.9384,-76.9492
Occidental,90.3,38.4004,-122.9349
Inglenook,1015.6,41.5229,-73.4736
Cobb Island,716.9,38.2647,-76.8496
Glandorf,258.1,41.0279,-84.0791
Geronimo,300.7,34.4831,-98.3877
Riddle,706.2,42.9542,-123.3644
Boley,277.5,35.4904,-96.4795
Seis Lagos,589.0,33.071,-96.5665
Ladera,1042.1,37.3999,-122.1989
Fairfield Beach,683.1,39.9183,-82.4791
Waldo,204.0,33.3524,-93.2956
Marion Center,436.7,41.7042,-70.7629
Gnadenhutten,488.6,40.3598,-81.4289
West Easton,2984.3,40.6781,-75.2357
Cascade-Chipita Park,33.5,38.9433,-105.0023
Elbow Lake,323.0,45.9902,-95.9791
Scotts Hill,122.0,35.5188,-88.2527
Eatons Neck,445.0,40.9324,-73.3955
Kenansville,211.1,34.9598,-77.9659
Lake Don Pedro,24.3,37.659,-120.3329
West Pasco,305.5,46.2498,-119.1687
Thornport,371.6,39.921,-82.4272
Babson Park,292.9,27.8342,-81.5281
St. Ansgar,410.0,43.3799,-92.9178
Mcgaheysville,522.5,38.3724,-78.7327
Ladoga,830.5,39.9167,-86.7989
Thorntown,727.4,40.1294,-86.6099
Doña Ana,697.6,32.394,-106.8177
Fanning Springs,91.5,29.5873,-82.9245
Cottageville,130.4,32.9362,-80.4803
Markle,307.1,40.8285,-85.3406
Delta Junction,32.1,64.0603,-145.7058
Jennerstown,231.5,40.1635,-79.061
Glidden,400.0,42.0577,-94.7266
Edmundson,401.6,38.7351,-90.3658
Cattaraugus,398.4,42.33,-78.8671
Maud,298.4,33.3299,-94.3461
Elmer,500.1,39.5919,-75.174
Orient,86.8,41.1425,-72.2771
Coker,228.1,33.2446,-87.68
Greenleaf,577.5,43.6753,-116.821
Point Marion,1097.2,39.7354,-79.9008
North Bonneville,176.0,45.6425,-121.9688
Laton,175.8,36.4314,-119.6976
Shafer,350.0,45.3901,-92.7531
Entiat,204.0,47.678,-120.2175
Lakeside City,699.5,33.8292,-98.5403
Quinnesec,294.6,45.803,-87.9958
Ballplay,18.8,34.0179,-85.7852
Bowmans Addition,396.2,39.6863,-78.7551
Forreston,469.8,42.1273,-89.5784
Frederic,262.1,45.6548,-92.4646
Tower Lakes,482.3,42.2315,-88.1537
New Sharon,471.4,41.4701,-92.651
Pelion,120.3,33.775,-81.2502
Ruby,260.5,42.0125,-74.0103
Hotchkiss,477.8,38.799,-107.7133
Sand Point,55.2,55.3227,-160.4834
Fort Clark Springs,148.9,29.2937,-100.4244
Blue Summit,907.1,39.087,-94.4808
Blue River,181.6,39.4362,-106.035
Duncansville,830.4,40.4263,-78.4303
Earlston,409.3,40.0038,-78.3736
Pecos,249.0,35.5757,-105.6784
Maywood Park,2318.1,45.5524,-122.5617
Hydesville,58.9,40.5579,-124.0822
Fort Lawn,318.0,34.7003,-80.8991
Ashland Heights,151.4,44.1293,-103.1286
Peridot,80.7,33.3016,-110.4572
Hettinger,531.4,46.0034,-102.635
Port Morris,1119.7,40.9061,-74.6845
Metcalfe,439.4,33.4505,-91.0018
Underwood,171.2,38.6037,-85.7744
Adair Village,990.2,44.6706,-123.216
Enhaut,2462.1,40.2324,-76.8253
Cacao,520.9,18.4525,-66.9559
Beech Island,89.4,33.4288,-81.8905
North Lima,64.1,40.9497,-80.6611
Mcadenville,324.4,35.2652,-81.0805
Innovation,152.3,38.7539,-77.5248
Maurertown,203.2,38.9325,-78.4615
Ames Lake,274.2,47.6346,-121.9664
Toppers,189.5,35.9656,-95.3201
Milesburg,1004.9,40.9426,-77.792
Oran,417.0,37.0855,-89.6534
Puget Island,57.9,46.1743,-123.383
George,318.4,47.0846,-119.86
Ness City,301.4,38.454,-99.9047
Jolivue,233.5,38.1148,-79.0668
Cayuga,432.4,39.9474,-87.4644
Carlsborg,414.0,48.0842,-123.1697
Baconton,224.3,31.3804,-84.1592
Claypool,344.3,33.4061,-110.8422
Fort Thompson,42.2,44.0527,-99.4079
Clymer,768.5,40.6684,-79.0134
Clarkson,411.2,37.4937,-86.2259
Ak-Chin Village,41.5,33.0197,-112.0808
Daisetta,295.6,30.1135,-94.6426
Marissa,60.6,38.2501,-89.7746
Balfour,269.8,35.3494,-82.4825
Elton,263.1,30.4813,-92.6976
Sudan,427.4,34.0665,-102.5243
Poseyville,676.6,38.1697,-87.7834
Wolfhurst,902.7,40.069,-80.781
Gholson,52.2,31.7123,-97.236
Hagaman,291.5,42.9728,-74.1545
Hilldale,533.3,41.2869,-75.836
Arma,385.1,37.5429,-94.7023
Palouse,417.0,46.9104,-117.0751
Shongopovi,275.2,35.8195,-110.5331
Russell Gardens,2465.3,40.7809,-73.7254
New Vienna,543.9,39.3255,-83.6941
La Pryor,163.4,28.9487,-99.8483
Bally,849.8,40.4004,-75.5875
Crowley Lake,151.0,37.5689,-118.7463
North Randall,560.2,41.4327,-81.5291
Moodys,24.9,36.0325,-94.9559
Funny River,16.3,60.4876,-150.7812
Mi Ranchito Estate,290.7,26.3878,-98.8733
Mount Tabor,1663.5,40.8717,-74.4759
Ipswich,324.3,45.4435,-99.03
Wolcottville,429.2,41.5255,-85.3665
Talpa,331.7,36.3421,-105.5923
Natalia,312.6,29.1876,-98.8524
La Vernia,181.9,29.3542,-98.1219
South Waverly,494.8,41.9955,-76.5442
Ellport,1013.0,40.8619,-80.2625
Bannockburn,214.2,42.1932,-87.8695
Dryden,394.3,42.9456,-83.124
Colony Park,719.5,40.3465,-75.9827
Tallaboa,387.9,17.9935,-66.7067
Skidmore,41.1,28.2626,-97.6854
Bidwell,285.3,38.9248,-82.2856
Tellico Plains,222.3,35.3665,-84.2982
Timpson,172.8,31.9065,-94.3971
Corcovado,837.1,18.461,-66.7778
Bloomsdale,266.4,38.0146,-90.2213
Necedah,157.0,44.0233,-90.0717
Blacklake,414.4,35.0497,-120.5387
East Hazel Crest,552.4,41.5758,-87.6503
Tunnel Hill,217.5,34.8496,-85.0393
Anton,595.4,33.8113,-102.1622
New Preston,59.1,41.6813,-73.3523
Bull Valley,44.0,42.3227,-88.3633
Whitehorn Cove,60.7,35.9936,-95.2868
Saint Wendel,255.0,38.1056,-87.6972
Claysburg,323.1,40.2915,-78.4514
Castlewood,60.0,36.8782,-82.2879
Autaugaville,55.2,32.432,-86.6578
Bunkerville,41.8,36.7594,-114.1412
Gilbert Creek,37.3,37.5697,-81.8906
Strum,351.8,44.5531,-91.3876
Bouse,3.2,33.8984,-113.9962
Fairmead,56.3,37.0775,-120.1937
Lydia,254.0,29.9263,-91.7813
Muscoda,269.9,43.1872,-90.4333
Gayle Mill,659.4,34.7023,-81.2391
Hilbert,292.6,44.1415,-88.1611
Britton,593.0,45.7924,-97.7529
Assumption,435.6,39.518,-89.0478
Bobtown,700.3,39.7603,-79.9848
Rice Tracts,230.5,26.0573,-97.6261
Baudette,101.9,48.7119,-94.5924
Dunnstown,524.7,41.1484,-77.4201
Culebra,528.0,18.3105,-65.3029
Bodega Bay,51.5,38.325,-123.0309
Mahnomen,407.1,47.3147,-95.9673
Sweetser,427.0,40.5687,-85.767
Port Gibson,245.1,31.9558,-90.9834
Mcclure,114.5,40.7078,-77.3107
Lumber City,223.2,31.933,-82.6828
Earlington,152.3,37.2754,-87.5066
Hopewell Junction,578.8,41.5805,-73.8103
Marcellus,554.3,42.0261,-85.8131
Gosport,471.5,39.3507,-86.6665
Knights Landing,795.3,38.798,-121.7175
St. David,71.0,31.8958,-110.2224
Woodall,38.8,35.8246,-95.0823
Machias,173.4,47.9918,-122.0517
Shell Valley,28.6,48.8108,-99.8273
Hector,237.5,44.7412,-94.712
Hewlett Harbor,591.8,40.6327,-73.6843
Hideout,104.1,40.6437,-111.4014
Conehatta,27.3,32.4601,-89.2785
Valmeyer,125.1,38.3064,-90.2979
Guilford Lake,180.9,40.8032,-80.8772
Poquonock Bridge,318.7,41.3379,-72.0176
Lucama,698.7,35.6449,-78.0076
Black Rock,245.0,35.0835,-108.7975
Candlewood Lake,185.3,40.6214,-82.7764
Nemacolin,381.6,39.8784,-79.9294
Yoncalla,635.7,43.6003,-123.2875
Stronghurst,489.1,40.7463,-90.9094
Lake St. Croix Beach,759.4,44.9245,-92.7657
Yoe,1406.5,39.9096,-76.6365
Harlem Heights,659.2,26.516,-81.9293
Silver Grove,370.1,39.0404,-84.3995
Ellington,291.6,37.2364,-90.9733
Fifth Ward,82.0,31.1207,-92.1584
Mound City,341.9,40.1365,-95.2337
Coalmont,70.3,35.3458,-85.7113
Elk Mound,187.0,44.8744,-91.6862
Wister,225.5,34.9696,-94.7212
Keuka Park,511.5,42.613,-77.0922
Potomac Heights,396.5,38.5988,-77.1371
Rancho Tehama Reserve,36.4,40.001,-122.442
Sodus Point,290.0,43.264,-76.9954
Tornado,118.6,38.3369,-81.855
Palomas,831.9,18.0135,-66.8688
Wakeman,515.1,41.253,-82.4028
Sand Ridge,156.8,43.2553,-76.2294
French Settlement,155.6,30.3156,-90.8031
Philpot,129.1,37.7356,-87.0013
Bronte,295.3,31.8857,-100.2955
Springer,192.3,36.3623,-104.5997
Neola,530.5,41.4498,-95.6173
Tenaha,113.2,31.944,-94.2457
Dilworthtown,668.0,39.9032,-75.5709
Elkhart Lake,303.5,43.8322,-88.0147
North Grosvenor Dale,186.9,41.9862,-71.9033
Oyster Creek,223.6,28.9978,-95.3282
Beach Haven,432.1,39.566,-74.2492
North Deland,808.9,29.0484,-81.2966
Richfield Springs,420.4,42.8536,-74.9862
Haliimaile,122.7,20.8671,-156.3381
Greenvale,1098.7,40.8118,-73.6262
Tiburones,1510.1,18.4382,-66.5808
Foots Creek,69.7,42.3845,-123.1408
Rosa Sánchez,727.1,18.0617,-65.9136
Girardville,815.9,40.7922,-76.283
Chevy Chase Heights,333.0,40.6403,-79.1456
La Honda,99.2,37.3182,-122.2651
Chase,184.5,41.2801,-75.9649
Parrish,201.6,33.7323,-87.2802
Pigeon,530.5,43.8295,-83.2702
Pheasant Run,452.0,41.2072,-82.1481
Lonaconing,989.0,39.566,-78.979
Thompson,975.2,47.7752,-97.1054
Vass,125.0,35.2533,-79.2845
Sully,723.9,41.578,-92.8468
Chevy Chase View,1463.2,39.0192,-77.081
Gallatin Gateway,72.1,45.5899,-111.1953
Royalton,210.1,45.8302,-94.2931
Teviston,193.0,35.9289,-119.2783
Hilshire Village,1119.4,29.7908,-95.4885
Lake Catherine,463.5,42.487,-88.1272
Ponderosa Pine,52.5,34.972,-106.3369
Chocowinity,422.3,35.5148,-77.1017
Leetsdale,421.1,40.5656,-80.2143
Faith,401.6,35.5901,-80.4581
Heritage Creek,777.3,38.0951,-85.6125
Joseph,464.2,45.3525,-117.2304
Martindale,204.0,29.8444,-97.839
Occoquan,2885.4,38.6825,-77.2606
Medley,63.5,25.8647,-80.3516
Parkers Prairie,337.6,46.153,-95.329
Niederwald,114.7,30.0038,-97.7532
Angel Fire,14.8,36.3821,-105.2718
Orlinda,63.8,36.5938,-86.7015
Nickerson,324.3,38.1488,-98.0883
Lake Ketchum,135.1,48.2823,-122.3423
Kellyville,189.6,35.9528,-96.2003
Obion,325.7,36.2647,-89.1948
Quebrada Del Agua,730.8,18.0378,-66.6847
Rushmere,42.8,37.0787,-76.6778
Scanlon,489.4,46.7066,-92.4287
Watkins,17.0,39.6984,-104.5773
Tesuque,74.2,35.7487,-105.9209
Young Harris,443.4,34.9348,-83.8472
Worthing,748.2,43.33,-96.7683
Mccullom Lake,1010.8,42.368,-88.2965
Gainesboro,269.4,36.3617,-85.6496
Franklin Grove,1007.1,41.8408,-89.3005
Tidmore Bend,43.4,34.0324,-85.9253
Franklin Springs,192.4,34.284,-83.1459
Bellerose,3598.9,40.7243,-73.7167
Lake Waukomis,1151.5,39.2306,-94.6386
La Harpe,307.2,40.5848,-90.9695
Friend,506.5,40.6505,-97.2838
San Felipe,50.1,29.7965,-96.1051
Sacred Heart University,992.3,41.2215,-73.2442
Wallenpaupack Lake Estates,242.2,41.3957,-75.2731
Falls Creek,449.1,41.1421,-78.8067
Arrington,40.2,37.6744,-78.8928
Celeste,311.4,33.2896,-96.1945
East Barre,159.8,44.15,-72.4498
Glen Ellen,199.3,38.3564,-122.5412
Farmersburg,562.8,39.2525,-87.3807
South Wenatchee,360.6,47.3885,-120.2829
Twinsburg Heights,377.1,41.3064,-81.4579
La Parguera,1198.6,17.9748,-67.0458
Wainaku,316.3,19.7449,-155.0984
Swifton,772.3,35.8245,-91.1294
Ransom Canyon,528.8,33.5303,-101.6838
Millers Falls,457.4,42.5792,-72.4925
Harkers Island,186.1,34.7002,-76.5612
Kings Mills,370.3,39.3586,-84.2504
Cornish,137.3,43.8005,-70.7994
Lyles,159.1,35.9195,-87.345
Rimersburg,856.8,41.0409,-79.5024
Highfield-Cascade,240.5,39.7136,-77.4946
Brilliant,39.3,34.0256,-87.7691
Menard,201.7,30.9185,-99.7837
Briggs,49.3,35.9202,-94.8825
Caraway,180.6,35.7597,-90.3222
Allardt,110.4,36.3811,-84.8814
Jekyll Island,46.3,31.0732,-81.4206
Mount Royal,755.0,39.8099,-75.2137
New Hackensack,200.4,41.6194,-73.8593
Apple Creek,709.0,40.7486,-81.8333
Fall Branch,92.1,36.4161,-82.6242
Eden Valley,310.8,45.3255,-94.5456
Aynor,230.8,34.0002,-79.2071
Dover Plains,608.0,41.7395,-73.5733
Jimmerson Lake,241.3,41.7076,-85.0633
Larchwood,400.7,43.4547,-96.4363
Kootenai,750.2,48.3118,-116.5172
Lakes Of The North,25.1,44.9361,-84.8845
Salcha,5.5,64.5274,-146.9042
Scio,941.5,44.7046,-122.8508
Caddo,245.3,34.1256,-96.2636
Emerald Bay,538.7,32.1602,-95.438
Notasulga,29.7,32.5573,-85.6692
Hillside Lake,792.4,41.6191,-73.7944
Beauxart Gardens,485.3,29.9585,-94.0354
Bloomingburg,604.5,39.6079,-83.3953
Seaman,387.8,38.937,-83.5753
Cinnamon Lake,255.8,40.9835,-82.1914
Diablo,303.5,37.8408,-121.9565
Mcgraw,419.0,42.5938,-76.0975
Hyde,246.3,41.0075,-78.4686
Mashpee Neck,326.6,41.6119,-70.4666
East Brady,510.6,40.9836,-79.6131
Tri-Lakes,120.9,41.2507,-85.4433
Waukomis,138.9,36.2842,-97.9005
St. Anne,497.5,41.023,-87.7179
Whitney Point,396.3,42.3303,-75.9682
Dorseyville,271.5,40.577,-79.8887
Dollar Bay,105.0,47.1272,-88.5091
Ellerbe,314.1,35.0718,-79.7595
Weeki Wachee Gardens,329.5,28.5375,-82.6208
Enlow,574.9,40.4523,-80.2317
Ricardo,92.6,27.4186,-97.8476
Ranchester,581.9,44.9075,-107.1674
Maury,392.0,35.4792,-77.5902
Round Hill Village,71.2,38.9937,-119.9233
Oglethorpe,205.7,32.2934,-84.0625
Williams Acres,511.8,35.4969,-108.8699
New Richland,697.7,43.8939,-93.4939
Mogul,283.7,39.5164,-119.923
Bass Lake,47.3,41.2304,-86.5845
Osino,159.9,40.9409,-115.6607
Plum Creek,265.6,37.1267,-80.5048
Sedan,500.7,37.1284,-96.1848
Toast,272.8,36.4966,-80.6347
Rosenhayn,155.5,39.4787,-75.138
Califon,428.8,40.7193,-74.8371
Maria Stein,80.9,40.4076,-84.4792
Dauphin,960.8,40.3683,-76.9296
Stem,331.4,36.1963,-78.72
Cobden,336.8,37.5335,-89.2545
Swisher,439.8,41.8442,-91.6938
Efland,230.7,36.0806,-79.1718
Berry,38.1,33.6623,-87.6079
West Middlesex,485.5,41.1742,-80.4557
Porter Heights,127.2,30.1501,-95.3217
Rhodhiss,345.2,35.7684,-81.4312
Moorcroft,324.6,44.2645,-104.9476
Hustisford,367.7,43.3441,-88.6031
Apache,186.9,34.8937,-98.3584
Speers,430.8,40.1222,-79.8799
Skyline Acres,687.7,39.2282,-84.5661
Anita,230.6,41.4437,-94.766
Coosada,59.4,32.4984,-86.3279
Penryn,214.9,38.8482,-121.1698
Welaka,275.6,29.4822,-81.6658
Omega,229.1,31.3389,-83.595
Towaoc,114.0,37.2126,-108.7265
Pueblito Del Río,1758.2,18.228,-65.8615
West Brownsville,314.2,40.0314,-79.8913
Urbancrest,695.2,39.9017,-83.0859
Deckerville,327.3,43.5265,-82.742
Honalo,15.0,19.581,-155.8985
Colchester,354.8,40.4256,-90.7922
Voladoras Comunidad,1152.5,18.3785,-67.0859
Poca,734.9,38.4748,-81.8119
Neah Bay,173.8,48.3612,-124.6115
Friendsville,143.7,35.7563,-84.1319
New Knoxville,421.2,40.4947,-84.3151
Lazy Acres,77.1,40.0837,-105.3313
Blades,736.3,38.6353,-75.6024
Garden Plain,361.4,37.6627,-97.6793
North Hornell,830.1,42.3453,-77.6605
Arp,155.7,32.2279,-95.0534
Plummer,322.9,47.3301,-116.8849
Green Lake,218.6,43.8441,-88.9561
Housatonic,456.6,42.2487,-73.3626
Spearville,648.1,37.8481,-99.7548
Harlowton,650.4,46.4368,-109.8353
Carpendale,309.9,39.6278,-78.7896
Winding Cypress,219.4,26.0641,-81.6782
St. Ignatius,762.8,47.3187,-114.0956
Butte Des Morts,329.4,44.1058,-88.6564
Kamiah,370.3,46.2269,-116.0283
Seelyville,457.5,39.4936,-87.2667
Flat Top Mountain,23.4,35.3319,-85.2
Reynolds,203.9,32.5608,-84.0943
Coloma,457.0,42.1864,-86.3083
Mahinahina,61.0,20.954,-156.6564
Lake Santee,164.7,39.4078,-85.3066
Norlina,411.2,36.4451,-78.1952
Laverne,533.4,36.7053,-99.8968
Marlinton,172.5,38.2245,-80.0905
Wayne City,234.5,38.3481,-88.5895
Sunflower,668.1,33.5444,-90.5373
Highlandville,82.3,36.9417,-93.2832
Mokelumne Hill,131.6,38.3057,-120.7061
Halaula,92.6,20.2233,-155.7739
Prentiss,135.3,31.5995,-89.8746
Holden Beach,133.3,33.9121,-78.3182
Pughtown,904.3,40.1699,-75.6599
Poquott,922.0,40.9529,-73.0904
Port Republic,54.2,39.5328,-74.4852
Lowellville,297.1,41.039,-80.5463
Verdi,121.9,39.5142,-119.9772
Grangerland,239.0,30.2539,-95.3301
Grover,85.6,42.802,-110.9405
Burgin,321.5,37.7543,-84.7632
El Macero,687.1,38.544,-121.6852
Mcelhattan,112.3,41.1543,-77.3522
Marianne,278.4,41.2441,-79.431
Fort Loudon,94.6,39.9219,-77.9073
Collinwood,144.9,35.1746,-87.7442
Wolcott,680.0,40.7589,-87.042
Lawtell,97.2,30.5126,-92.1832
Drayton,287.2,34.9762,-81.9026
Ohatchee,68.5,33.7877,-86.0281
Mcgill,332.8,39.4019,-114.7775
Raubsville,252.8,40.6295,-75.2024
Chualar,642.5,36.5711,-121.5103
Lake Linden,511.0,47.1939,-88.4054
Shandon,136.4,35.6536,-120.3831
Deland Southwest,664.0,29.0078,-81.3113
Lapwai,531.5,46.4034,-116.8041
Lake Waynoka,94.2,38.9401,-83.7786
Elliston,368.2,37.2164,-80.2245
Yeagertown,894.6,40.6413,-77.5803
Green Village,171.4,40.7386,-74.446
Panacea,240.5,30.0282,-84.3936
Morse,286.4,30.1221,-92.4985
Asotin,373.7,46.3366,-117.0414
Dane,338.9,43.2497,-89.4993
Despard,273.5,39.2874,-80.3158
Cluster Springs,46.7,36.6128,-78.9221
Vineyard Lake,156.4,42.0868,-84.2102
Graettinger,531.4,43.237,-94.7504
Fort Hunter Liggett,144.2,36.0019,-121.2381
Dresser,211.3,45.3616,-92.6344
Riner,274.6,37.0676,-80.4405
Johnsonville,193.3,33.815,-79.4443
Belmont Estates,602.7,38.4464,-78.9228
Edon,365.1,41.5562,-84.7693
Falcon Lake Estates,596.8,26.8719,-99.2584
Cypress Landing,170.0,35.4976,-77.055
Trumbauersville,899.1,40.4133,-75.3803
Ellerslie,160.9,32.6341,-84.7978
Almedia,570.6,41.0144,-76.385
Nashwauk,26.3,47.3805,-93.1666
Campbellsburg,301.7,38.522,-85.2195
Sperry,186.6,36.2976,-95.9963
Oppelo,161.8,35.1003,-92.7733
Old Field,192.7,40.9614,-73.1324
Robert Lee,350.1,31.8955,-100.4857
Holgate,345.6,41.2493,-84.1292
Mexico Beach,163.3,29.948,-85.4156
Claverack-Red Mills,132.4,42.2264,-73.7268
Chebanse,505.4,41.0057,-87.9098
Roslyn Harbor,334.6,40.8158,-73.6379
Neffs,100.0,40.032,-80.8171
Route 7 Gateway,587.7,41.3171,-73.4746
Ouray,461.4,38.0276,-107.6734
Paint,454.0,40.242,-78.8501
Mounds,177.2,35.8792,-96.0678
Morningside,701.6,38.8266,-76.8897
Burneyville,23.0,33.9043,-97.2903
Bradner,645.2,41.3237,-83.4363
Roscommon,241.3,44.4915,-84.5914
Seco Mines,700.0,28.7467,-100.5027
Santa Ana Pueblo,53.7,35.3495,-106.5202
Talahi Island,308.4,32.0331,-80.976
Allison,135.4,42.752,-92.7957
Moenkopi,263.0,36.1125,-111.2212
Palmona Park,482.4,26.6892,-81.8945
Magas Arriba,540.2,18.0233,-66.7664
Leupp,29.3,35.2966,-111.0028
Gales Ferry,411.0,41.4215,-72.0854
Kenmare,295.7,48.6729,-102.0721
Wilhoit,25.3,34.4082,-112.6156
Crivitz,244.3,45.2337,-88.0067
Horatio,221.8,33.941,-94.3554
English,130.0,38.3408,-86.4592
Barker Heights,402.6,35.3104,-82.4412
Douglas City,13.0,40.6529,-122.9283
Big River,36.5,34.1393,-114.3604
Mesa Verde,92.0,33.5957,-114.7317
Acalanes Ridge,858.8,37.9046,-122.0786
Beckemeyer,641.0,38.6058,-89.4321
Terre Hill,869.9,40.1592,-76.0508
Lompico,117.0,37.11,-122.0523
Delft Colony,810.0,36.5137,-119.4465
Masaryktown,377.7,28.4417,-82.461
Tombstone,42.7,31.7234,-110.0798
Forest View,337.7,41.8072,-87.7798
Linesville,509.1,41.6564,-80.4225
Mount Wolf,752.0,40.0616,-76.7053
Lilbourn,416.8,36.5907,-89.6132
Lakeshore Gardens-Hidden Acres,193.0,28.1235,-97.8653
Burwell,375.4,41.7801,-99.1342
Bassett,114.0,36.7615,-79.9866
Squirrel Mountain Valley,218.7,35.6175,-118.4047
Griswold,646.6,41.2343,-95.1394
Martin'S Additions,2801.9,38.9796,-77.0693
Foster Brook,124.8,41.9792,-78.6063
West Marion,265.1,35.6525,-82.0191
Cohutta,71.6,34.9539,-84.9592
Trezevant,276.6,36.011,-88.6206
Botkins,311.2,40.4587,-84.1782
Pray,13.7,45.415,-110.6533
Stebbins,393.0,35.4056,-119.3142
Mancos,615.2,37.3466,-108.2939
Leroy,32.9,31.4952,-87.969
Blue Ridge Summit,534.2,39.7256,-77.4688
Sister Bay,147.1,45.1835,-87.1271
Mammoth,14.9,32.6853,-110.7292
Town Creek,146.2,34.6718,-87.4063
Passapatanzy,192.3,38.2942,-77.3266
Nelson,243.7,34.3789,-84.3707
Overbrook,720.3,38.7794,-95.5569
Harbor Springs,300.8,45.4326,-84.989
Moravian Falls,76.5,36.1073,-81.1807
North Edwards,30.7,35.0474,-117.8093
Lincoln Center,312.9,39.043,-98.1468
Helena Flats,46.4,48.2863,-114.2369
Percy,399.5,38.0153,-89.6188
Dovesville,55.9,34.4028,-79.903
Keosauqua,268.4,40.7347,-91.9604
Flovilla,199.8,33.2524,-83.903
Calumet,179.3,40.2189,-79.4891
Olmito,611.4,26.0233,-97.5379
Chums Corner,147.1,44.6767,-85.6564
St. Leon,57.2,39.2935,-84.9641
Rapids City,240.3,41.5786,-90.3399
Newhall,545.5,41.9933,-91.9672
Aplington,531.9,42.5819,-92.8835
Fort Ashby,117.9,39.4973,-78.7646
Mariaville Lake,69.4,42.8252,-74.1287
Lynnville,224.1,38.1988,-87.3141
Colman,207.2,43.9835,-96.8148
Skyline,98.0,34.7986,-86.1228
Parcelas Viejas Borinquen,843.3,18.1739,-66.0406
Fordoche,160.3,30.594,-91.6179
Dunnavant,20.3,33.4977,-86.5421
Shady Point,151.7,35.1276,-94.6686
South Corning,632.4,42.1262,-77.0356
Las Ochenta,732.8,17.9847,-66.3174
Ninilchik,1.9,60.0745,-151.3843
Pisgah,81.2,34.6844,-85.846
Convoy,623.4,40.9174,-84.705
Ship Bottom,547.0,39.6459,-74.1835
Hooper Bay,51.9,61.5262,-166.1146
Plumerville,378.2,35.16,-92.643
Marvell,271.0,34.5563,-90.9153
Avonmore,264.6,40.5272,-79.4693
Kittery Point,204.0,43.0883,-70.6988
Forrest,600.3,40.7511,-88.4096
Stromsburg,384.1,41.1159,-97.5912
Alcorn State University,163.4,31.8804,-91.1407
Yemassee,35.6,32.6733,-80.8515
Roseboro,268.8,34.9551,-78.5137
Embreeville,289.4,36.1767,-82.4494
Wenona,527.9,41.0487,-89.0523
Luttrell,98.8,36.2096,-83.7485
Chain O' Lakes,113.5,44.3318,-89.1672
Elloree,365.1,33.5301,-80.5712
Hartrandt,248.7,42.8836,-106.3492
Mcconnellsburg,1025.7,39.932,-77.9958
Chapmanville,590.6,37.9727,-82.0215
Hamel,325.8,38.8894,-89.8425
Highland Holiday,641.6,39.1949,-83.4703
Vardaman,285.6,33.8822,-89.1778
Far Hills,80.0,40.6906,-74.6257
Villisca,217.2,40.9298,-94.981
Tribes Hill,170.3,42.9479,-74.2989
Mantorville,258.2,44.0656,-92.7537
Bow Mar,585.1,39.6251,-105.0511
Bray,6.3,34.616,-97.8207
Santa Clara Pueblo,191.6,35.9726,-106.0927
Liberty Center,374.5,41.4436,-84.0078
Lake Victoria,470.5,42.9168,-84.3749
Adams Center,79.6,43.8616,-76.0001
Jackson Heights,266.3,35.2236,-77.6333
Palo Seco,851.0,18.0093,-65.937
Blairs,111.2,36.6958,-79.3774
Lake Colorado City,49.8,32.3491,-100.9375
Simonton,164.4,29.6824,-95.991
Adwolf,41.9,36.7942,-81.5937
Buffalo Center,360.5,43.3894,-93.9428
Mcbee,293.9,34.467,-80.2571
Minier,670.8,40.4336,-89.3139
Teton Village,67.2,43.5907,-110.8419
Accomac,944.8,37.7196,-75.6673
Toksook Bay,13.4,60.5333,-165.1557
Woods Hole,180.6,41.5303,-70.6614
Killbuck,437.1,40.496,-81.9823
Sunrise Lake,246.0,41.3135,-74.9621
Absarokee,180.0,45.5242,-109.4473
Section,84.3,34.5816,-85.9849
Gladbrook,552.7,42.1861,-92.7151
Browns Point,948.1,47.3036,-122.4369
Shelter Island Heights,71.4,41.0661,-72.3493
Shell Ridge,895.4,37.906,-122.0345
Friars Point,349.9,34.3679,-90.6379
Greeley Hill,16.1,37.7505,-120.1228
Blue Lake,622.4,40.8814,-123.993
Knippa,75.3,29.3076,-99.6329
Twisp,329.2,48.3619,-120.1171
Alakanuk,12.0,62.6902,-164.6305
Talkeetna,4.1,62.2994,-149.9601
Velva,399.3,48.0582,-100.9329
Saybrook-On-The-Lake,123.7,41.8669,-80.8791
Crawford,330.0,33.8831,-83.1551
Marueño,771.3,18.0585,-66.6569
Point Lookout,2172.6,40.5906,-73.5796
Olinda,51.3,20.8261,-156.2917
Chetopa,281.7,37.0376,-95.0923
Laupahoehoe,118.5,19.9723,-155.2345
Kirklin,911.5,40.1929,-86.3592
Womens Bay,8.7,57.696,-152.6276
Pineland,187.6,31.2467,-93.9744
Clendenin,266.2,38.4859,-81.3503
Bowmanstown,498.9,40.8019,-75.6611
Lookingglass,33.1,43.1848,-123.4999
Desales University,641.4,40.5382,-75.3782
Medora,532.0,38.8247,-86.1711
Togiak,9.1,59.0693,-160.4728
Grant City,288.5,40.4858,-94.4135
Laboratory,490.7,40.1551,-80.2134
Ostrander,408.9,40.269,-83.2075
York Haven,1039.4,40.1106,-76.7149
Wittenberg,211.4,44.827,-89.1664
Reeds Spring,255.5,36.7402,-93.3797
Laurie,69.7,38.208,-92.8253
Encinal,886.3,28.041,-99.3546
Campti,367.3,31.898,-93.1158
Red Cloud,372.4,40.0864,-98.5222
Jamaica Beach,658.7,29.1904,-94.98
Browning,1039.8,48.5564,-113.0151
Marshallville,122.4,32.4564,-83.9407
Oquawka,260.2,40.9379,-90.9499
Palenville,113.0,42.1773,-74.0226
Siletz,606.6,44.7219,-123.9187
Laguna Heights,1452.0,26.081,-97.2592
Queenstown,190.3,38.9868,-76.1633
Hanson,175.9,37.4184,-87.4809
Pearlington,41.8,30.2492,-89.6048
Cateechee,747.1,34.7694,-82.7767
Hazelton,947.2,42.5953,-114.1366
Loup City,405.0,41.2766,-98.9677
Hummels Wharf,484.0,40.8308,-76.841
Peach Lake,165.7,41.3693,-73.5785
Minturn,47.7,39.5463,-106.3871
Kekoskee,12.1,43.5019,-88.5863
Pickett,118.0,34.7795,-96.7755
Gilcrest,469.9,40.2841,-104.782
Alcester,519.2,43.0278,-96.6268
Enderlin,233.7,46.6215,-97.5956
Edisto Beach,178.9,32.4922,-80.3239
Curtisville,267.7,40.6497,-79.8492
John Sevier,501.0,36.038,-83.8257
Harleigh,665.1,40.9862,-75.9703
Crosswicks,208.6,40.1439,-74.6409
Fort Davis,35.3,30.5789,-103.8946
Goodfield,226.1,40.6266,-89.2688
La Conner,955.9,48.3926,-122.4945
Point,138.0,32.9302,-95.869
Chevy Chase Section Three,2801.9,38.9793,-77.0742
White Haven,317.0,41.0566,-75.7802
Flagtown,222.7,40.5232,-74.6909
Cooleemee,505.0,35.8125,-80.5563
Hi-Nella,2064.5,39.8367,-75.022
Wortham,191.2,31.7897,-96.461
Six Mile,186.4,34.8082,-82.8154
Dash Point,594.8,47.313,-122.4154
Port Orford,241.6,42.7497,-124.4973
Vernon Valley,142.4,41.2396,-74.4833
Worden,532.1,38.9316,-89.8402
Painted Hills,219.4,39.3963,-86.3494
Santa Susana,301.7,34.2586,-118.6642
Lake Koshkonong,26.9,42.8838,-88.9424
New Waterford,418.7,40.8478,-80.6188
Avery,399.3,33.5521,-94.7803
Au Gres,166.5,44.0432,-83.6934
Riverpoint,299.0,47.4842,-121.7151
Marrowstone,60.2,48.057,-122.6938
Tignall,137.5,33.8674,-82.742
Lake Roesiger,97.5,47.9837,-121.9128
Clark Fork,384.5,48.1472,-116.1768
Mossyrock,504.5,46.5305,-122.4887
Calmar,336.9,43.1811,-91.8679
Flint Hill,138.2,38.8627,-90.8724
Patterson Springs,368.7,35.2335,-81.5159
Lake Bosworth,95.7,48.0553,-121.9811
Upper Bear Creek,100.0,39.6319,-105.4154
Brook,558.0,40.8664,-87.3653
La Monte,348.0,38.7726,-93.4237
Castle Hayne,79.3,34.3583,-77.9114
Truesdale,294.8,38.8124,-91.122
Sugar Notch,379.8,41.1939,-75.9312
Ola,221.7,35.031,-93.2244
Beasley,355.2,29.4952,-95.9154
Hot Sulphur Springs,490.4,40.0748,-106.1032
Grand Coulee,300.2,47.9392,-119.0029
Tilden,486.4,42.0435,-97.8318
Barker Ten Mile,165.5,34.6825,-78.9889
Tonasket,399.2,48.7075,-119.4409
Baileyton,71.7,34.2609,-86.6083
Hubbard Lake,43.1,44.8108,-83.5605
Central Lake,383.4,45.0694,-85.2625
Terramuggus,327.8,41.6343,-72.4693
Roan Mountain,56.9,36.1866,-82.0706
Villa Calma,2693.3,18.4428,-66.2321
Jagual,1177.0,18.161,-65.9993
Drain,594.6,43.6623,-123.3143
Germania,143.3,39.5088,-74.5922
De Smet,324.6,44.3862,-97.5496
Seligman,301.7,36.5231,-93.9387
Lobelville,100.2,35.7508,-87.7958
Evadale,22.4,30.3369,-94.06
Sundance,123.2,44.4048,-104.3626
Friedens,119.6,40.0449,-79.0028
Page Park,941.6,26.5782,-81.8614
Rosendale,301.7,43.808,-88.6732
Eden Roc,58.7,19.4917,-155.0958
Parcelas La Milagrosa,1477.0,18.1716,-66.1868
Rowland,356.7,34.5362,-79.2928
Frederica,215.6,39.0081,-75.4667
Valley Springs,446.9,38.1694,-120.826
Ashippun,365.2,43.2182,-88.5159
Manns Harbor,94.0,35.894,-75.7737
East Conemaugh,1196.7,40.3476,-78.8861
Zena,122.7,42.0203,-74.085
Danielsville,231.1,34.1238,-83.2202
Frost,331.4,32.0788,-96.8084
Alto Bonito Heights,1311.6,26.3158,-98.6413
Sprague,594.9,37.7938,-81.1822
Redstone Arsenal,17.2,34.6645,-86.653
Van Wyck,35.9,34.8531,-80.8333
Wyanet,395.7,41.361,-89.5828
Upper Exeter,190.7,41.407,-75.8503
Hubbell,200.5,47.177,-88.436
Vaughn,104.8,47.5523,-111.5608
Galatia,191.8,37.8414,-88.6148
Davidsville,162.3,40.2348,-78.9356
Chumuckla,18.5,30.7826,-87.2309
Metolius,782.4,44.5875,-121.176
Tahoma,144.3,39.064,-120.1434
Kraemer,71.3,29.8606,-90.6337
Chicora,701.6,40.9505,-79.7401
Ponderosa Pines,9.4,46.0374,-111.35
Keys,38.3,35.8022,-94.9606
Soda Bay,290.9,39.0024,-122.7794
Elk Run Heights,344.7,42.4662,-92.2502
Barnsdall,379.5,36.5595,-96.1383
Johnstonville,43.5,40.3791,-120.584
Misericordia University,1664.0,41.346,-75.971
Moapa Town,20.9,36.6925,-114.6356
Hopland,105.8,38.9691,-123.1173
Six Shooter Canyon,126.0,33.3569,-110.7719
Timber Lakes,42.2,40.4733,-111.2533
Nicollet,411.3,44.2746,-94.1881
Egan,76.9,30.246,-92.5135
Francesville,525.3,40.9853,-86.8834
Thomasboro,372.9,40.2438,-88.1876
Pigeon Creek,416.9,41.1101,-81.6722
Rison,113.9,33.9599,-92.1936
Ore City,172.5,32.8008,-94.7182
Tres Pinos,103.5,36.7904,-121.3105
Primghar,274.2,43.0864,-95.6207
Gila Crossing,428.1,33.2731,-112.1627
Daguao,656.0,18.2217,-65.6798
Toa Baja,633.6,18.4439,-66.2547
Bird Island,254.2,44.7648,-94.8949
Dammeron Valley,76.0,37.3042,-113.6658
Ivey,143.4,32.9092,-83.2983
Los Indios,198.1,26.0493,-97.7351
Hobson City,355.2,33.6148,-85.8561
Tunica,559.1,34.6881,-90.3809
East Sparta,202.7,40.6635,-81.3643
Hulmeville,769.2,40.1421,-74.9075
White Lake,362.2,34.6418,-78.4969
Eton,289.8,34.8282,-84.7655
El Rito,90.3,36.338,-106.1844
Cissna Park,511.4,40.567,-87.8922
Amador Pines,76.4,38.4896,-120.5333
Calvert,95.2,30.9791,-96.6716
Carrizozo,44.3,33.6433,-105.8411
Greers Ferry,51.3,35.5674,-92.1688
Luckey,536.7,41.4525,-83.4839
Fort Sumner,111.8,34.479,-104.2332
Elberfeld,588.6,38.1617,-87.4482
Ririe,710.8,43.6323,-111.7716
Folly Beach,29.6,32.6692,-79.95
Inyokern,33.9,35.6546,-117.8213
Redwater,185.7,33.3585,-94.2551
Parshall,104.2,47.9595,-102.1338
Sultana,1064.2,36.5455,-119.3379
Mountainaire,36.2,35.0921,-111.6493
Marblehead,116.6,41.5236,-82.7285
Offerman,112.9,31.4088,-82.1132
Schoeneck,113.4,40.2453,-76.1766
Haxtun,620.6,40.642,-102.6297
Fort Hancock,19.5,31.2837,-105.8446
Daniel,112.2,40.4668,-111.4096
Merryville,37.7,30.7571,-93.5246
Indian Lake Estates,34.0,27.7988,-81.3563
Cotter,150.7,36.2819,-92.5212
Parcelas Peñuelas,657.1,18.0059,-66.3475
Annawan,172.1,41.3958,-89.8882
Fish Lake,239.0,41.5616,-86.5513
Cammack Village,1248.2,34.7808,-92.3449
Grand Meadow,539.8,43.7062,-92.5701
Arkport,530.0,42.3926,-77.6955
North Haven,138.7,41.023,-72.314
Plantersville,175.8,34.2103,-88.6655
Aspermont,179.1,33.1405,-100.2253
Weleetka,557.8,35.3401,-96.136
Solana,240.2,26.9388,-82.0277
Pamplico,215.7,33.9957,-79.5698
North Perry,94.8,41.8,-81.1241
Quinter,365.2,39.0666,-100.2347
Danvers,457.0,40.53,-89.1751
Elsie,321.6,43.0895,-84.3889
Bell Hill,138.5,48.055,-123.0869
Milmay,44.7,39.4433,-74.8668
Marble Cliff,1064.0,39.9857,-83.0614
Pinopolis,256.1,33.2287,-80.0386
Paradise Heights,820.6,28.6237,-81.5439
South Pekin,712.1,40.4955,-89.6524
Peggs,23.9,36.0673,-95.0718
Cheyenne Wells,342.6,38.8192,-102.3521
Stantonsburg,588.8,35.6053,-77.8198
Nortonville,316.2,37.186,-87.4556
West Pittsburg,365.1,40.931,-80.3591
Willow Creek,12.1,40.9385,-123.6412
Grand Coteau,151.1,30.4202,-92.0438
Log Lane Village,1049.5,40.2697,-103.829
Mazeppa,336.5,44.2737,-92.5403
South Wallins,58.0,36.8152,-83.4044
Dolores,491.1,37.4741,-108.4998
Salineville,165.5,40.6207,-80.8345
Benkelman,304.6,40.0468,-101.5402
Clarksville City,57.3,32.5329,-94.8946
Vega,272.9,35.2453,-102.4294
Ellendale,257.7,46.0043,-98.5254
Cañoncito,36.9,35.5388,-105.8391
Mcnary,64.4,34.0923,-109.8541
Ehrenberg,30.6,33.6175,-114.4883
Sherburn,397.7,43.6549,-94.7275
Miamitown,272.8,39.217,-84.7095
Emmonak,73.5,62.7762,-164.5157
Hospers,691.1,43.0722,-95.9039
New Bloomfield,230.4,38.7168,-92.0915
Wheelwright,207.3,37.3392,-82.7186
Fifth Street,504.0,29.5982,-95.552
Solomon,423.7,38.9215,-97.3692
La Croft,319.2,40.6469,-80.5998
Cottonwood Falls,565.9,38.3686,-96.5425
Linn Valley,123.2,38.3758,-94.712
Monongah,746.8,39.4598,-80.2185
Ninnekah,35.8,34.964,-97.9447
Grandfield,436.8,34.2306,-98.6875
Meadow Vale,1810.1,38.2833,-85.5725
Alanson,371.4,45.4425,-84.7871
Wild Rose,250.2,44.1788,-89.2442
Foreman,184.0,33.7198,-94.3979
Whitecone,8.1,35.6037,-110.0791
Lake Quivira,246.4,39.0393,-94.7685
Odin,362.2,38.6159,-89.0541
Start,103.3,32.4902,-91.865
Union Bridge,320.2,39.5731,-77.1744
Schleswig,292.8,42.1612,-95.4352
Waitsburg,312.0,46.2698,-118.1509
Grimsley,33.3,36.2761,-84.997
Beechmont,199.5,37.1714,-87.0364
Allenton,232.7,43.4218,-88.3448
Vanceboro,211.5,35.303,-77.1567
Los Olivos,138.5,34.664,-120.117
Greenview,421.6,40.0849,-89.7406
Dallas City,152.5,40.6353,-91.1645
Schaefferstown,134.4,40.2968,-76.2939
Skyline-Ganipa,46.3,35.0361,-107.6162
Earth,301.1,34.2338,-102.4091
Iva,334.4,34.3071,-82.6636
Alhambra Valley,224.1,37.9668,-122.1361
Meredosia,418.7,39.8308,-90.5569
Plandome Heights,1668.7,40.8021,-73.7049
Riceboro,32.5,31.7264,-81.4438
Saegertown,249.8,41.7165,-80.1364
Bogata,255.2,33.4699,-95.2136
Lake Andes,483.5,43.156,-98.5361
Gerber,388.9,40.0614,-122.1482
West Cape May,307.3,38.9423,-74.9378
Newman Grove,661.6,41.7469,-97.7767
Baroda,503.2,41.9541,-86.4879
East Tawakoni,203.7,32.9011,-95.9397
Tye,75.0,32.4522,-99.8665
Beach,141.1,46.9189,-104.0055
Waynoka,323.9,36.5849,-98.8776
Ottoville,380.1,40.9342,-84.3383
Disputanta,130.4,37.1236,-77.2249
Iron Ridge,535.9,43.3982,-88.532
Langdon Place,1886.4,38.2865,-85.5849
Mauna Loa Estates,195.7,19.4274,-155.2213
Stephenson,331.3,45.4137,-87.6091
Sunol,12.7,37.59,-121.8847
Miner,77.9,36.8972,-89.5355
Pawnee City,303.6,40.1106,-96.153
Sentinel,576.9,35.157,-99.1736
Fort Totten,41.8,47.9716,-98.9971
Oriental,251.1,35.0357,-76.6816
Branford,315.8,29.9623,-82.9243
Rural Valley,169.9,40.7991,-79.3149
Clarkton,317.6,36.4521,-89.968
Bigfoot,15.0,29.0619,-98.8521
Gilmer Park,780.6,41.6198,-86.2517
Silverhill,285.7,30.5455,-87.7506
Pine River,298.6,46.7224,-94.3974
Griggstown,146.5,40.44,-74.5989
Belwood,29.1,35.4794,-81.5227
Cookson,27.8,35.7155,-94.9199
Cobb,72.0,38.8356,-122.723
Kindred,246.9,46.6494,-97.0169
Loon Lake,109.7,48.0661,-117.6288
Hingham,133.4,43.6465,-87.9151
New Deal,153.5,33.7322,-101.8435
Manassa,384.0,37.1738,-105.9373
Callender Lake,86.5,32.3675,-95.6983
Lambert,422.5,34.2006,-90.2845
Silverado Resort,189.1,38.3536,-122.2556
Cedar Flat,331.1,39.2101,-120.0965
Spanish Valley,25.1,38.4743,-109.421
Doerun,278.1,31.3218,-83.917
Pasatiempo,401.1,37.0034,-122.0265
Spring Glen,105.1,39.6561,-110.8461
Pala,63.9,33.3639,-117.0675
Harris,17.9,45.5976,-92.9869
Bethany Beach,310.4,38.5391,-75.066
Beaver Creek,114.8,30.4491,-96.5618
Browerville,326.9,46.0805,-94.8645
Knappa,172.3,46.1694,-123.5822
Whitelaw,677.5,44.1453,-87.8278
New Salem,753.4,39.9037,-76.7912
Wishek,248.0,46.2554,-99.5546
Juncal,1035.3,18.3125,-66.9219
Bajandas,550.4,18.1601,-65.7831
Wilbur,269.9,47.7581,-118.7117
Rosiclare,183.4,37.4239,-88.3501
East Mountain,168.1,32.6008,-94.8525
Luthersville,111.5,33.2096,-84.7442
Pringle,772.5,41.2774,-75.9012
Belview,200.9,37.1688,-80.511
Canyon City,252.3,44.3931,-118.9494
South Canal,210.4,41.1761,-80.9866
Pine Run,412.9,40.6865,-80.2396
Ivyland,2210.7,40.2083,-75.0733
Herald,45.0,38.2913,-121.2318
Hato Viejo,184.1,18.3605,-66.4813
Puxico,531.3,36.9507,-90.1586
Cleone,222.5,39.4928,-123.7812
Blue Rapids,178.6,39.6791,-96.6593
Fairton,123.5,39.3758,-75.213
Vista West,75.9,42.8622,-106.4363
Milstead,811.1,33.6867,-83.9904
Duque,966.9,18.2381,-65.7433
Dubach,194.9,32.702,-92.6575
La Union,85.5,31.9508,-106.6622
Spaulding,471.4,39.8663,-89.5447
Buffalo City,186.7,44.2203,-91.8579
Stephens,128.3,33.4221,-93.067
Newtonville,111.7,39.5633,-74.8559
Brantley,113.7,31.5823,-86.2569
Grantwood Village,432.6,38.5509,-90.3532
Pine Lake,1515.2,33.7906,-84.2061
Arenas Valley,86.9,32.7765,-108.203
La France,272.5,34.6115,-82.7667
Rand,765.9,38.2818,-81.5653
New Columbia,182.9,41.0424,-76.8764
Green Acres,234.5,48.8381,-99.6901
Lake Michigan Beach,92.0,42.2127,-86.376
Log Cabin,336.8,32.223,-96.0223
Hyndman,689.1,39.8207,-78.7214
Las Ollas,1863.0,18.0142,-66.4207
Calvert Beach,427.0,38.4728,-76.4895
Elkhorn City,44.9,37.3202,-82.3522
Minor,529.9,33.539,-86.9401
Nauvoo,103.9,40.5457,-91.3829
Chokoloskee,925.1,25.8143,-81.3603
Pastos,688.6,18.1194,-66.2601
Arnolds Park,220.5,43.3602,-95.1264
Agency Village,49.2,45.5796,-97.0782
Weir,308.7,37.3095,-94.7741
Bulls Gap,288.4,36.2615,-83.0788
Mccammon,157.7,42.6504,-112.1901
Isleta,480.3,34.9042,-106.6992
Newellton,462.3,32.0724,-91.2392
New Bethlehem,752.8,41.0044,-79.3283
Stevens,225.4,40.2141,-76.1606
Prices Fork,173.8,37.207,-80.4852
Cavetown,184.3,39.6426,-77.5933
Seabrook Beach,335.3,42.885,-70.8234
Belle Vernon,1602.7,40.1256,-79.8671
Volcano Golf Course,378.4,19.4424,-155.2789
Desha,154.7,35.7305,-91.6856
Tabor,271.0,40.8949,-95.6736
Hide-A-Way Hills,134.5,39.6551,-82.466
Ridgeside,1160.9,35.0349,-85.247
North English,577.0,41.5168,-92.0777
Coyne Center,203.4,41.4006,-90.5627
Ray City,305.2,31.0729,-83.196
Chassell,96.7,47.0316,-88.5285
Beaverdale,110.7,40.8539,-91.2072
Odebolt,337.3,42.3119,-95.2545
Aurelia,344.5,42.7131,-95.4368
Rocky Boy West,64.2,48.2972,-109.9918
Kansas,342.0,39.5544,-87.9396
Wedowee,100.0,33.3078,-85.4864
Hill Country Village,159.4,29.5831,-98.4893
Hessmer,422.2,31.0534,-92.1214
West Mansfield,419.3,40.4007,-83.5444
Pond Creek,411.1,36.6679,-97.8024
Dickeyville,237.8,42.6246,-90.5914
Sunrise Beach Village,206.5,30.5862,-98.4187
Pomona Park,114.6,29.5015,-81.5936
Dunnigan,66.6,38.8926,-121.9741
Crescent Beach,242.4,29.7355,-81.2413
Shipshewana,255.3,41.6743,-85.5765
East Butler,334.0,40.8788,-79.8473
Loreauville,802.4,30.0602,-91.7378
Thrall,748.2,30.5882,-97.2977
Higginson,273.9,35.1968,-91.7152
Stover,392.1,38.4417,-92.9902
Shellman,110.5,31.7571,-84.6159
Hayden Lake,569.3,47.7639,-116.7559
Fivepointville,326.9,40.1828,-76.0554
Rocky Ridge,203.0,39.9197,-111.8258
Woodsburgh,662.6,40.6216,-73.7068
Turtle Lake,120.7,45.3933,-92.1452
Kettleman City,1707.8,36.0089,-119.9629
Shoreham,592.5,42.0604,-86.5115
Wagram,238.2,34.8891,-79.3652
Ellenboro,274.4,35.3309,-81.7612
Honduras,357.5,18.1412,-66.2004
Millersport,372.8,39.898,-82.5387
Glenmoore,260.3,40.0868,-75.782
Shinglehouse,166.8,41.9662,-78.1907
Hughes,153.2,34.9483,-90.4707
Leming,71.8,29.0683,-98.4722
Schroon Lake,120.1,43.8345,-73.7647
Fowlkes,165.7,35.972,-89.388
Centuria,203.8,45.4498,-92.5579
Svensen,154.6,46.1543,-123.6528
Longport,876.4,39.3136,-74.5261
Rennerdale,437.2,40.4002,-80.1396
Chester Gap,166.2,38.8534,-78.1325
Geneva-On-The-Lake,144.8,41.8561,-80.9491
Hauser,285.4,47.7667,-117.0133
Spiceland,237.3,39.8433,-85.426
Inman Mills,320.5,35.0408,-82.1024
Middlebourne,636.0,39.4947,-80.907
Naches,396.6,46.7258,-120.6909
Decaturville,209.2,35.5819,-88.1195
Wickes,148.8,34.2988,-94.3331
Sterrett,15.1,33.449,-86.4645
Doe Run,143.4,37.7454,-90.4994
Hayneville,185.6,32.1822,-86.5787
Gowrie,239.9,42.2779,-94.2897
Hoonah,58.8,58.1118,-135.4248
University Of Pittsburgh Bradford,786.5,41.9443,-78.6727
Milford Center,817.7,40.179,-83.439
Hopedale,294.1,40.3263,-80.8955
Magazine,189.9,35.1534,-93.8078
China,253.9,30.0522,-94.3331
Tivoli,223.3,42.0587,-73.9119
Adelino,115.4,34.7064,-106.7318
Santa María,717.2,18.271,-65.6623
Indian Creek,3559.2,42.2272,-87.9783
Hills,419.1,41.5569,-91.5362
Lake Nebagamon,27.5,46.512,-91.6995
Mclouth,597.2,39.1961,-95.2083
Norvelt,192.0,40.205,-79.497
Smithers,238.8,38.1685,-81.2991
Stamping Ground,584.7,38.2697,-84.6831
Vandiver,16.9,33.4601,-86.5247
Silverado,60.1,33.7482,-117.6285
Braceville,110.5,41.228,-88.2464
Río Cañas Abajo,792.6,18.0396,-66.4683
Sylvan Beach,500.0,43.2061,-75.7233
Bellemeade,526.7,38.251,-85.591
Walthill,802.5,42.1489,-96.4929
Royal Hawaiian Estates,117.5,19.4413,-155.1841
Canon,109.8,34.3455,-83.1107
Maryland Park,1579.0,38.8889,-76.9077
Jarratt,272.5,36.816,-77.4689
Trout Lake,49.4,45.9976,-121.529
Campobello,122.7,35.126,-82.1488
Colcord,139.8,36.2647,-94.6923
Mina,90.6,45.4521,-98.7414
Ossineke,93.8,44.9072,-83.4287
Sunlit Hills,91.3,35.5957,-105.921
Ridge Farm,112.1,39.8957,-87.652
Deer River,225.8,47.3391,-93.7929
Patoka,287.2,38.4008,-87.5874
New Kent,76.3,37.5095,-76.9863
Arena,295.9,43.1636,-89.9103
Levan,424.0,39.5561,-111.8607
Fort Braden,78.7,30.4308,-84.5346
North Webster,422.7,41.3239,-85.6979
Talmage,215.2,39.1314,-123.1648
Maricao,191.8,18.1838,-66.981
University Of California-Merced,524.3,37.3666,-120.4192
Hoagland,100.7,40.952,-84.9955
Buckhead Ridge,244.0,27.1331,-80.8868
Lost City,14.5,36.0006,-95.1223
Triadelphia,506.9,40.0483,-80.623
Lake Madison,72.4,43.9593,-97.021
Archer,37.4,29.54,-82.5186
Pentwater,255.5,43.7793,-86.4303
Owen,148.5,44.9485,-90.5621
Nina,290.4,26.2811,-98.581
Highpoint,1263.9,39.2892,-84.3472
Frankford,293.9,38.5215,-75.2342
Sandoval,342.4,38.6121,-89.1193
Biwabik,38.9,47.555,-92.3234
Teec Nos Pos,23.8,36.9221,-109.0753
Patagonia,264.1,31.5436,-110.7478
Chilchinbito,14.3,36.5027,-110.0512
Yachats,373.5,44.3127,-124.1023
St. Nazianz,428.6,44.0067,-87.9246
Borden,244.1,38.4699,-85.9491
Fern Forest,27.2,19.4648,-155.1324
Havre North,101.4,48.5632,-109.6713
Mountainhome,179.2,41.1779,-75.2633
Meadow View Addition,314.2,43.6233,-96.7023
Fuig,654.2,17.9857,-66.917
Jacumba,55.5,32.6278,-116.1826
Lattimer,451.5,40.9929,-75.9607
Mannsville,111.8,34.1854,-96.8981
Killdeer,183.5,47.3689,-102.7472
Rib Lake,194.5,45.3195,-90.203
Berlin Heights,211.8,41.3204,-82.4903
Camanche North Shore,145.2,38.2442,-120.9538
Gwinner,164.2,46.2358,-97.6696
Texhoma,528.2,36.5054,-101.7872
Moncure,71.6,35.6239,-79.0769
New Washington,252.9,40.9604,-82.8547
Rougemont,53.6,36.221,-78.9207
Gratis,348.5,39.6485,-84.5286
Hargill,395.6,26.4423,-98.0146
Footville,299.8,42.6715,-89.2084
St. Jo,314.3,33.695,-97.5231
Coffeeville,157.6,33.9764,-89.6845
Lake Hughes,31.8,34.6832,-118.4588
Garrochales,512.4,18.4572,-66.5675
Grapeview,92.0,47.3316,-122.8413
Viborg,650.4,43.1722,-97.0824
Tilghman Island,140.8,38.7008,-76.3353
Burrton,375.2,38.0237,-97.6715
Erlands Point,715.1,47.6038,-122.694
La Fontaine,551.5,40.6739,-85.7222
Blue Mounds,382.7,43.0178,-89.8269
Swayzee,718.5,40.5066,-85.8244
Oakman,109.2,33.7141,-87.389
Garrett Park,1925.9,39.036,-77.0934
South Vinemont,371.5,34.2349,-86.8642
Greenfields,454.8,40.3627,-75.9565
Minkler,57.5,36.7276,-119.4589
Lime Ridge,298.8,41.024,-76.3504
Eulonia,104.1,31.5254,-81.432
Finzel,85.4,39.7018,-78.952
Valders,233.7,44.0696,-87.8858
Lanesville,357.5,38.2394,-85.9821
York Springs,157.2,40.0093,-77.1159
Jupiter Island,124.1,27.0451,-80.1101
Ider,61.9,34.7026,-85.669
Mccloud,138.8,41.2541,-122.1361
Brushy,12.9,35.5578,-94.7434
Mammoth Spring,260.3,36.4925,-91.5413
Butte Valley,18.4,39.6571,-121.6363
Westover Hills,473.4,32.7437,-97.4123
St. Mary Of The Woods,270.7,39.5123,-87.4631
Clarkfield,296.2,44.7907,-95.8079
Ringoes,196.4,40.4327,-74.8722
Holiday Lakes,193.3,41.0923,-82.7292
Ulm,16.5,47.4197,-111.5252
Rocky Fork Point,470.5,39.1878,-83.4901
New Harmony,410.8,38.1289,-87.9304
Burr Oak,332.8,41.8472,-85.3212
Enchanted Hills,302.9,41.402,-85.6667
Lebec,21.8,34.845,-118.8992
Vandling,254.7,41.631,-75.4703
Stony Creek Mills,524.4,40.3494,-75.8641
Littleville,67.2,34.595,-87.6719
Harwick,756.6,40.5562,-79.8054
Meyers Lake,1307.9,40.8159,-81.4165
Bingen,536.6,45.7139,-121.4704
Glenvar,239.6,37.276,-80.1257
Mosses,70.4,32.1802,-86.6888
Orderville,38.3,37.254,-112.6574
Copperton,788.6,40.5662,-112.0977
Quinby,254.4,34.2282,-79.7357
Delton,150.8,42.4951,-85.4117
South Webster,254.2,38.8169,-82.7282
Lamberton,436.5,44.2306,-95.2676
Flanagan,579.6,40.8771,-88.8596
Fellsburg,269.5,40.1842,-79.8269
Bear River City,185.4,41.6124,-112.125
Cecilton,689.4,39.4047,-75.8675
Menan,322.9,43.7218,-111.9925
Addyston,392.9,39.1371,-84.7104
Seiling,280.9,36.1556,-98.9304
Deltaville,82.0,37.5525,-76.3331
Estelline,352.0,44.5768,-96.9011
Pocono Springs,87.5,41.2798,-75.4016
Tickfaw,205.7,30.5769,-90.4871
Geary,80.3,35.5923,-98.2911
Talihina,335.3,34.7523,-95.0409
Pettit,29.6,35.765,-94.9693
Big Point,113.0,30.5905,-88.4846
Stoddard,520.9,43.6624,-91.2179
Brownsdale,805.0,43.7404,-92.8681
Derby Line,457.3,45.0008,-72.1035
Copake Lake,34.9,42.1416,-73.5903
West Lebanon,539.5,40.2724,-87.3862
Oaks,277.9,40.1318,-75.4596
Hondah,27.3,34.086,-109.9149
Cannon Ball,3.8,46.3173,-100.6357
Broxton,102.1,31.6248,-82.8877
Houtzdale,648.0,40.8251,-78.3511
Texico,400.6,34.3897,-103.0513
Kidron,113.2,40.744,-81.7467
Knik River,4.1,61.4606,-148.9155
Camargo,151.4,37.997,-83.8926
Circle City,616.0,33.8149,-112.581
Coal Hill,117.9,35.4375,-93.6647
Cole,22.1,35.0992,-97.5663
Trego,6.1,48.6558,-114.929
Punaluu,206.6,21.581,-157.8901
Derma,186.4,33.8589,-89.2878
Henefer,133.9,41.0137,-111.4931
Illiopolis,487.0,39.8498,-89.2521
Coon Valley,295.6,43.7024,-91.0112
Quiogue,261.5,40.8202,-72.628
Gun Club Estates,370.2,26.6753,-80.108
Alpaugh,787.7,35.889,-119.4858
Hardy,63.6,36.3189,-91.4794
Dunseith,328.8,48.813,-100.0622
Stone Harbor,232.0,39.0483,-74.7653
Belle Fontaine,212.0,30.492,-88.1131
Blue Ridge Shores,240.3,38.1091,-78.0236
Adair,148.7,41.5004,-94.6434
Plain Dealing,208.4,32.9074,-93.6991
Satanta,533.9,37.4378,-100.988
Linnell Camp,892.2,36.3089,-119.2225
Morrill,533.3,41.964,-103.9249
East Sumter,99.2,33.9261,-80.295
Arendtsville,408.4,39.9233,-77.2999
Kwethluk,32.4,60.7978,-161.4147
Salt Creek,760.7,38.2407,-104.5867
Penn State Berks,790.3,40.3612,-75.976
Bryson,249.7,33.1636,-98.3894
Germanton,187.6,36.2587,-80.236
Lake Tomahawk,397.8,40.7638,-80.5952
Quinton,364.3,35.1265,-95.3664
Cut And Shoot,121.1,30.3403,-95.354
Kenesaw,310.5,40.6189,-98.6576
Bridger,389.5,45.2946,-108.9167
Anna Maria,446.3,27.5297,-82.7339
Floyd Hill,52.2,39.7217,-105.4313
South New Castle,426.7,40.9748,-80.3456
Potlatch,705.0,46.9235,-116.8976
Olin,320.8,41.9978,-91.1417
Bechtelsville,620.7,40.371,-75.6307
Cross Timber,201.5,32.4832,-97.3259
Blowing Rock,101.0,36.1298,-81.6706
Jewett,159.8,31.3627,-96.1455
Ridge Spring,179.7,33.8453,-81.6617
Lamboglia,660.9,17.9847,-65.9859
Pinesdale,252.2,46.3339,-114.2232
Hannawa Falls,63.8,44.6016,-74.9738
Export,810.7,40.417,-79.6232
Oilton,289.3,36.0827,-96.5815
Satilla,106.8,31.7919,-82.5638
Norris Canyon,90.5,37.7457,-121.9881
Yermo,503.3,34.9073,-116.8235
Cardwell,518.6,36.0475,-90.2909
Edgemont,236.0,43.2973,-103.8323
Southwest City,222.9,36.5205,-94.6103
Upton,126.2,44.1039,-104.6362
Matlacha,1745.5,26.6303,-82.0718
Carlls Corner,195.4,39.4659,-75.2036
Grand Ridge,75.0,30.7083,-85.0207
Lake Panorama,49.2,41.7199,-94.4026
Isola,440.9,33.2634,-90.5923
Strodes Mills,171.9,40.5488,-77.6751
Witt,263.2,39.2539,-89.3488
Bonnie Brae,2163.6,41.5999,-88.0343
La Puebla,114.9,35.9882,-106.0005
Paullina,348.5,42.9798,-95.6835
Kittredge,172.8,39.6593,-105.3045
Chappell,463.5,41.0913,-102.47
Lorenzo,341.2,33.6703,-101.5361
Arcadia Lakes,584.3,34.0536,-80.9615
Wayne Lakes,612.5,40.0216,-84.6625
Henry Fork,119.6,36.9679,-79.871
Mathiston,129.9,33.5391,-89.1275
Leadington,356.4,37.8343,-90.4807
Poncha Springs,105.5,38.514,-106.0944
Arco,304.3,43.6316,-113.3017
Carnuel,61.1,35.0609,-106.4587
Indio Hills,14.9,33.8411,-116.2484
Running Y Ranch,68.4,42.2751,-121.8747
Dufur,551.1,45.4531,-121.1288
Wheatfield,549.6,41.1911,-87.0531
Bigelow Corners,484.7,41.4694,-73.5057
Nassau Lake,213.4,42.5366,-73.6059
Carrolltown,484.2,40.6048,-78.7071
Sherwood Shores,113.7,33.8478,-96.8147
Pound,124.3,37.126,-82.6071
Shalimar,918.0,30.4435,-86.583
Hanna,158.4,41.8697,-106.5597
Argenta,495.6,39.9855,-88.8197
Concrete,275.8,48.537,-121.751
Willow Lake,118.4,42.3333,-89.6356
Naalehu,149.1,19.0698,-155.5751
Sharon Springs,358.0,38.8943,-101.7511
Napanoch,225.0,41.753,-74.3724
Tulelake,789.0,41.9533,-121.4751
Mcconnell,194.5,37.8282,-81.9652
Great Cacapon,376.5,39.6144,-78.2857
Corinne,85.2,41.5497,-112.1227
Sciotodale,167.1,38.7539,-82.8605
Lincolnville,268.5,33.0079,-80.156
Hymera,452.7,39.1859,-87.2989
Tuttletown,43.9,38.0003,-120.4503
Bear River,155.7,41.3858,-111.0271
Kachemak,192.6,59.6745,-151.4363
Villa Hugo Ii,322.2,18.4,-65.8928
Kezar Falls,419.5,43.808,-70.8831
Norphlet,157.5,33.3198,-92.6619
Phil Campbell,74.7,34.3519,-87.7072
Pellston,165.1,45.5519,-84.783
Meadow,200.3,33.3377,-102.2058
Faxon,680.5,41.2556,-76.9771
Orange Grove,297.2,27.9562,-97.9386
Perrysville,404.6,40.6584,-82.3144
Friedensburg,185.6,40.6078,-76.2284
West Wood,302.0,39.6051,-110.8424
Mabel,667.5,43.5198,-91.768
Beech Mountain,49.5,36.2104,-81.8875
Kinmundy,267.9,38.7729,-88.8527
Point Arena,234.9,38.9123,-123.6955
Diamond City,113.9,36.4574,-92.9129
Sioux Rapids,391.5,42.8916,-95.1484
Simsboro,92.1,32.5323,-92.7839
Loami,316.8,39.6748,-89.8473
Stewardson,523.1,39.2637,-88.6302
Ringling,409.8,34.1772,-97.5915
Fisher Island,1639.7,25.7607,-80.1416
Athol,279.1,47.9469,-116.7079
Ubly,243.7,43.7082,-82.9356
Geyserville,71.0,38.7173,-122.9034
Loyalton,532.8,39.6768,-120.2448
Mcalisterville,182.6,40.6381,-77.273
Camp Wood,635.7,29.6691,-100.0108
Sunnyland,1597.3,41.572,-88.1449
Mooresburg,84.5,36.3531,-83.2362
Mount Crested Butte,154.8,38.9083,-106.9606
Hallock,150.2,48.7659,-96.9427
Chamita,83.1,36.0706,-106.0974
Central Aguirre,617.5,17.9559,-66.2265
Cartwright,134.7,33.8556,-96.561
Butterfield Park,709.1,32.4052,-106.6457
Allenspark,26.7,40.2099,-105.5112
Hedrick,204.7,41.1713,-92.3079
Riley,627.6,39.299,-96.8277
Reeseville,510.3,43.3062,-88.8445
Ventura,58.4,32.2438,-107.6832
Elmore City,325.3,34.6282,-97.3918
Clarktown,156.0,38.8498,-82.9085
Ector,271.5,33.5793,-96.2731
Faison,368.4,35.1164,-78.136
Kerkhoven,381.8,45.1925,-95.3202
Funkstown,571.4,39.6068,-77.7053
Valley Head,84.4,34.5558,-85.6224
Funston,278.9,31.1989,-83.8771
Mcbain,253.0,44.1961,-85.2154
Meigs,204.7,31.0714,-84.0922
Cashiers,77.7,35.1066,-83.0971
Heath Springs,196.0,34.5933,-80.675
Council,301.6,44.7328,-116.4376
Mucarabones,1675.0,18.3906,-66.2178
Chadwicks,240.9,43.0291,-75.271
Bremond,359.1,31.1657,-96.676
Grawn,488.6,44.6611,-85.6883
Komatke,130.8,33.2953,-112.1615
Scobey,432.3,48.7904,-105.4206
New Seabury,132.0,41.5689,-70.4812
Saylorsburg,263.6,40.8998,-75.3179
Riegelsville,315.6,40.5965,-75.1988
South Fork,694.7,40.3635,-78.7919
Mesita,42.5,35.0026,-107.3122
Montandon,362.6,40.9654,-76.8529
Knox City,380.9,33.4176,-99.8158
Stacey Street,2253.3,26.6978,-80.1239
Cripple Creek,208.6,38.7467,-105.1851
Springport,252.0,42.3783,-84.6965
Galeton,249.7,41.7338,-77.6454
Downsville,508.0,39.5549,-77.8016
Chauncey,576.8,39.4007,-82.1271
Olcott,87.4,43.3292,-78.7171
Tahoe Vista,116.7,39.2478,-120.0533
Lone Rock,318.5,43.1857,-90.2012
Ohio City,598.5,40.7702,-84.6162
Fawn Lake Forest,124.1,41.5158,-75.0548
Mignon,158.1,33.1948,-86.265
Thunderbird Bay,124.5,31.9087,-99.0207
Mertzon,208.1,31.262,-100.8208
Burnside,70.3,37.0042,-84.6489
Balsam Lake,142.1,45.4585,-92.4528
Keota,408.9,41.3651,-91.9533
St. Lucie Village,351.8,27.4967,-80.3417
Powder Horn,164.9,44.6912,-106.9728
Magnet Cove,149.6,34.4492,-92.8376
Dorchester,227.5,45.0025,-90.3308
Chenequa,91.2,43.1229,-88.3838
Schaller,250.6,42.4965,-95.2963
Bernville,743.0,40.4334,-76.1107
Willow Valley,63.9,34.9296,-114.6159
Klamath,18.3,41.5442,-124.0245
Holly Pond,80.5,34.1696,-86.6125
Lacomb,79.1,44.5844,-122.7417
Alburnett,416.1,42.1488,-91.6205
Loch Lloyd,180.8,38.831,-94.5978
Lumpkin,199.2,32.0487,-84.7981
Garnavillo,333.5,42.8667,-91.2362
Guernsey,307.9,42.2656,-104.743
Sand Rock,62.0,34.2312,-85.7704
Newland,420.8,36.088,-81.9274
Petaluma Center,268.2,38.2506,-122.7888
Rocky Hill,515.6,40.4001,-74.6405
Mescalero,17.6,33.1448,-105.7897
Keefton,15.9,35.5772,-95.3065
Maplesville,91.4,32.7867,-86.8783
Donnellson,246.6,40.6453,-91.5641
Point Blank,155.2,30.7473,-95.2163
Vader,337.9,46.4046,-122.9569
Morrisdale,186.4,40.9484,-78.2277
The Cliffs Valley,48.6,35.1458,-82.4481
Saucier,45.2,30.6237,-89.1432
Kivalina,192.4,67.733,-164.5212
Olympian Village,601.9,38.1347,-90.4582
Schurz,27.9,38.9673,-118.824
Bromley,863.6,39.0801,-84.5629
Natrona,759.1,40.6145,-79.7195
Alleghenyville,119.9,40.2327,-75.9762
Inkom,327.2,42.7955,-112.2448
Dorris,445.2,41.9644,-121.9205
Shueyville,167.8,41.8462,-91.6513
Mckee,130.0,37.43,-83.9859
Horine,438.5,38.2669,-90.4325
Houck,7.4,35.2714,-109.2237
Viburnum,182.0,37.7149,-91.1295
Villa Hugo I,3275.3,18.3976,-65.8908
Sunset Village,65.1,32.8946,-84.4057
Bude,218.9,31.463,-90.8509
Agency,84.7,39.6699,-94.7587
Glenwillow,112.4,41.3608,-81.4727
Castleton Four Corners,146.5,43.6105,-73.2104
Beavertown,405.8,40.7522,-77.169
Okoboji,177.1,43.3908,-95.1389
West Winfield,341.5,42.8838,-75.1914
Williamsdale,989.2,39.4421,-84.5298
Lebo,325.0,38.4156,-95.8622
Lenkerville,384.8,40.5327,-76.9594
Bunnlevel,41.1,35.31,-78.7725
Pylesville,65.6,39.688,-76.3876
Kanawha,156.7,42.9342,-93.7932
Swedesburg,1284.6,40.1043,-75.3288
Netarts,119.6,45.4356,-123.9344
Bloomsbury,333.3,40.6537,-75.084
Volente,146.9,30.4454,-97.908
Chesnee,289.9,35.1461,-81.863
Hato Arriba,391.1,18.352,-67.0336
Evarts,476.8,36.8645,-83.1926
Beaver Meadows,1109.2,40.9299,-75.9131
Bluewater,149.4,34.1681,-114.2667
Abbottstown,568.5,39.8843,-76.9888
Lowden,289.2,41.8589,-90.923
New Madison,655.0,39.9671,-84.7082
Lanesboro,204.9,43.7171,-91.9719
Coggon,436.4,42.2783,-91.5301
Hilltop Lakes,36.3,31.0755,-96.1915
Pleasant Lake,475.5,41.5753,-85.0161
Arapaho,443.1,35.5778,-98.9592
Hernandez,182.6,36.0567,-106.1185
Landfall,2020.4,44.9508,-92.9766
Mayesville,302.1,33.9849,-80.2044
La Rue,646.9,40.578,-83.3821
Plymptonville,238.3,41.0426,-78.4466
Cowley,354.1,44.8834,-108.4693
Millerton,501.7,41.9534,-73.5113
May Creek,486.5,47.8555,-121.6745
Homecroft,997.3,39.6696,-86.1312
Mifflintown,1832.7,40.5713,-77.3951
Elkview,183.9,38.4327,-81.4771
Unalakleet,108.5,63.8924,-160.7861
Electric City,155.4,47.9218,-119.0475
Klondike Corner,91.2,42.964,-71.6389
Montreal,139.1,46.4312,-90.2382
Bogue,112.5,34.698,-77.0311
Floyd,63.9,35.1989,-91.9645
Tribune,415.5,38.472,-101.7546
Dunkerton,257.7,42.5678,-92.1609
Buffalo Soapstone,13.9,61.7071,-149.1093
Red Butte,703.7,42.8051,-106.434
La Hacienda,228.0,32.206,-107.725
Queen Valley,31.7,33.2831,-111.3049
Empire City,33.1,34.4803,-98.0552
Kenefick,198.8,30.1069,-94.8502
Brenda,44.6,33.6721,-113.9379
Lake Kathryn,109.9,29.0072,-81.4906
Fieldale,198.5,36.7009,-79.9424
Gratton,56.6,37.1351,-81.4212
Quapaw,372.6,36.9497,-94.7805
Alice Acres,52.2,27.7119,-98.108
Tabernash,63.7,39.9788,-105.8441
Keiser,718.4,35.674,-90.0958
Breesport,188.7,42.1816,-76.7358
Ocean Isle Beach,81.3,33.9011,-78.4393
Riceville,289.9,43.362,-92.5538
Tomás De Castro,896.0,18.184,-66.0186
Macy,192.4,42.1159,-96.3667
Reece City,86.2,34.0772,-86.0345
Apple Canyon Lake,82.6,42.4302,-90.1642
Auxier,330.0,37.7356,-82.7663
Lavalette,117.8,38.3224,-82.4479
Búfalo,458.8,18.4166,-66.5749
Eighty Four,46.5,40.1777,-80.1303
Wamac,216.7,38.4973,-89.1457
Challis,155.4,44.5055,-114.2281
Blue Hill,430.9,40.3328,-98.4483
Stoneboro,108.2,41.3336,-80.112
Battle Lake,213.4,46.285,-95.7186
Deport,275.3,33.5291,-95.3174
Hana,29.0,20.772,-156.0107
Bearden,189.7,33.7276,-92.6187
Summertown,152.3,35.4344,-87.3084
Zia Pueblo,11.3,35.52,-106.7149
Berry Creek,5.4,39.6314,-121.4052
Alden,195.8,42.5115,-93.3805
Walnut Springs,229.8,32.0562,-97.7507
Lyndon Station,144.7,43.7088,-89.8937
Varnamtown,346.8,33.943,-78.2363
East Stone Gap,569.4,36.8657,-82.7435
Anacoco,99.2,31.2545,-93.344
Challenge-Brownsville,31.5,39.4646,-121.2633
Johnson Park,338.4,40.9212,-121.6295
New Vernon,86.0,40.7343,-74.4877
Lilesville,307.5,34.9675,-79.9845
Taylor Ferry,48.6,35.9391,-95.2989
Scottsmoor,263.3,28.768,-80.871
Woodlawn Park,1507.3,38.2615,-85.6306
Talbotton,98.2,32.6773,-84.5406
Hennepin,57.5,41.2589,-89.3216
Climax,289.1,42.2383,-85.336
Waynetown,685.5,40.088,-87.0655
Science Hill,393.2,37.1741,-84.6329
Iron Mountain Lake,155.3,37.6854,-90.6185
Hoffman,89.5,35.0313,-79.5491
Pastoria,137.9,37.7446,-75.6352
Allgood,278.3,33.9064,-86.5178
St. Mary'S,6.8,62.0718,-163.2805
Micro,725.6,35.5624,-78.2035
Hoytsville,67.5,40.8757,-111.3847
Crowell,161.4,33.9839,-99.7241
Bradbury,155.0,34.1536,-117.9684
Sadsburyville,868.7,39.983,-75.8937
Bloomville,504.2,41.0514,-83.0137
Alger,552.9,40.7096,-83.8441
Denali Park,1.7,63.5909,-148.7107
Exira,320.3,41.5919,-94.8811
Lometa,361.9,31.2168,-98.3924
Matinecock,113.9,40.864,-73.5818
Orrick,212.0,39.2133,-94.1254
Port Sanilac,357.2,43.4275,-82.5449
Teton,440.2,43.8871,-111.6723
Laguna,31.8,35.0473,-107.4031
Falkner,59.9,34.838,-88.9424
Bardwell,759.8,32.2671,-96.6955
Glasford,333.8,40.5728,-89.813
Lilly,598.0,40.4244,-78.6202
Airport Drive,151.3,37.1405,-94.5162
Pleasant Plains,227.0,39.8747,-89.9183
Sunbright,85.9,36.2428,-84.6798
Duck Hill,292.7,33.6316,-89.7154
Roff,328.2,34.6286,-96.8412
New Florence,100.7,38.9092,-91.4529
Markleville,543.1,39.9763,-85.6168
Lakewood Village,380.3,33.1379,-96.9751
Opal,96.5,38.6201,-77.8049
Baneberry,169.7,36.0465,-83.2782
Shenandoah Shores,311.5,38.9621,-78.1414
Sausal,134.5,34.6803,-106.7589
Silver Cliff,19.6,38.1204,-105.4104
Wood Heights,132.6,39.3414,-94.1635
Spokane Creek,17.5,46.5343,-111.7391
Gibsland,114.8,32.5395,-93.0541
Butte Creek Canyon,14.7,39.7489,-121.6968
North,349.8,33.6164,-81.103
Tresckow,169.7,40.916,-75.9656
Fertile,145.4,47.5339,-96.2893
Wataga,364.2,41.0253,-90.2754
Parksley,489.9,37.7863,-75.6539
Grundy,60.6,37.2754,-82.0988
Wonderland Homes,561.1,44.2029,-103.3433
Whitley City,130.9,36.7238,-84.4731
Pepin,417.2,44.4425,-92.1481
Stewartsville,305.2,39.7551,-94.4987
Road Runner,505.1,33.483,-97.0849
Pamelia Center,215.5,44.0356,-75.9033
Rich Creek,368.2,37.3831,-80.8203
Vici,694.7,36.1488,-99.2994
Elkville,393.0,37.91,-89.2367
Gisela,105.4,34.1015,-111.2895
Candelero Arriba,806.8,18.1016,-65.8342
Kiowa,271.7,37.0174,-98.4848
Hunting Valley,38.2,41.4802,-81.4108
Rich Square,97.6,36.2739,-77.2839
Kinsman Center,137.0,41.4544,-80.5854
Belle Center,430.9,40.509,-83.7453
Peletier,83.1,34.727,-77.0758
Blooming Grove,350.6,32.0924,-96.7173
Cyril,524.9,34.8985,-98.203
Chesapeake City,566.4,39.528,-75.8095
Taholah,86.9,47.3283,-124.2728
Luxora,353.0,35.7575,-89.9298
Wadesville,264.4,38.1025,-87.7861
La Belle,441.4,40.1166,-91.9146
Bradenton Beach,580.3,27.4651,-82.6958
Lower Brule,331.5,44.0742,-99.5838
Orebank,340.6,36.556,-82.4642
Plain,329.6,43.2779,-90.0423
Shiocton,191.5,44.4449,-88.5768
East Bank,622.1,38.2153,-81.4442
Beckville,246.1,32.2436,-94.4561
Freelandville,53.8,38.8653,-87.3102
Pickensville,38.5,33.2336,-88.2744
Harwood,229.5,46.9762,-96.8802
Brinnon,31.2,47.6689,-122.9248
Lee,122.7,30.4114,-83.3003
Frenchburg,355.4,37.9542,-83.6226
Wurtemburg,515.0,40.8565,-80.2506
Milo,490.8,41.2892,-93.4403
Lake Timberline,125.5,37.9966,-90.5481
Seabeck,89.9,47.6436,-122.8222
Imboden,234.5,36.1997,-91.1774
Ryan,313.0,34.0213,-97.9541
Beemer,700.7,41.9298,-96.8091
Catheys Valley,12.6,37.4308,-120.0995
Lockesburg,85.6,33.9716,-94.1761
Gilbertown,28.3,31.8663,-88.3075
Kapp Heights,637.3,40.8995,-76.809
New Chapel Hill,124.6,32.3011,-95.1674
Bradley Junction,141.4,27.7942,-81.9784
Moores Hill,693.0,39.1129,-85.0892
Velda Village Hills,2807.9,38.6923,-90.2877
Holdingford,330.8,45.7304,-94.4714
Fieldbrook,28.4,40.9723,-124.025
Krotz Springs,177.8,30.5323,-91.7518
Golinda,71.4,31.3715,-97.0765
Peconic,89.4,41.0369,-72.459
Desoto Acres,227.5,27.3823,-82.5167
Steinhatchee,45.0,29.6795,-83.3837
Las Palmas Ii,863.7,26.2032,-97.7395
Fort Chiswell,22.0,36.9444,-80.9577
Oak City,255.2,39.3761,-112.339
Valle Hill,3226.5,18.3953,-65.894
Anchor Bay,84.6,38.8126,-123.5704
Coulterville,522.9,38.185,-89.6045
Roachdale,586.0,39.8491,-86.8004
Lake Norden,340.4,44.5799,-97.2109
Garibaldi,301.0,45.5607,-123.9112
Lake Petersburg,164.3,39.9831,-89.8652
Hosford,59.7,30.3944,-84.8034
Jaars,345.5,34.8623,-80.7489
Turbotville,657.0,41.1019,-76.7694
Hankinson,159.6,46.0734,-96.8918
Maple Hill,704.7,39.0855,-96.0278
Correctionville,493.6,42.4775,-95.7831
Bartelso,451.2,38.5371,-89.4672
Chevy Chase Section Five,1918.2,38.984,-77.074
Parker Strip,94.7,34.2797,-114.1277
Harveysburg,297.9,39.5022,-83.9984
Eastborough,905.0,37.6856,-97.2591
Vermontville,233.8,42.627,-85.0249
Paragon Estates,176.7,39.9802,-105.1812
Waleska,173.4,34.3172,-84.5499
Savoonga,50.4,63.6797,-170.4831
Nunapitchuk,42.3,60.8772,-162.4615
Gallipolis Ferry,130.0,38.7745,-82.204
Gulf Stream,376.4,26.4894,-80.0573
Belle Terre,334.2,40.9607,-73.0672
Ruthven,724.7,43.13,-94.8987
Potter Lake,275.3,42.8195,-88.349
Monte Rio,155.0,38.4684,-123.0148
Erick,312.8,35.2156,-99.8686
Moreauville,97.6,31.0342,-91.9818
Seven Mile,130.5,33.7883,-109.9576
East Bend,225.7,36.2178,-80.5085
Ashkum,353.5,40.8783,-87.9533
Sharptown,698.5,38.5381,-75.719
Magdalena,47.4,34.1095,-107.2319
Lucerne Mines,351.4,40.5559,-79.1558
Readlyn,600.8,42.7037,-92.225
Shelter Cove,50.6,40.0389,-124.0558
Lake Ivanhoe,328.9,42.5792,-88.3359
Welling,11.7,35.8808,-94.8712
Fairchilds,137.5,29.4399,-95.7765
Lake Carroll,21.7,42.1705,-89.8699
Valliant,152.7,34.0058,-95.0861
Ingleside On The Bay,435.4,27.8303,-97.2211
Gillis,176.7,30.3769,-93.1999
New Hartford,475.0,42.5682,-92.6214
Boys Town,324.5,41.2558,-96.1292
Mountain Gate,149.2,40.7185,-122.3262
Bauxite,85.7,34.5602,-92.4989
Paisley,93.8,28.985,-81.5404
Beulah Valley,114.4,38.0709,-104.983
Tiskilwa,646.1,41.2928,-89.5082
Ray,222.9,48.3416,-103.1636
Bantam,291.2,41.7247,-73.2422
Lecompton,238.7,39.0358,-95.3929
Wanamie,299.8,41.1763,-76.0384
Curtis,245.0,40.6336,-100.5112
Cokeburg,555.3,40.1,-80.0656
Manilla,276.3,41.8926,-95.2345
Puryear,310.3,36.4413,-88.3324
Lacona,264.1,43.6434,-76.0666
Richardton,132.7,46.8841,-102.3332
Cedar Bluffs,758.3,41.3972,-96.6097
Owyhee,1.3,41.9165,-116.1825
Elsinore,111.3,38.6834,-112.1488
Hoyt,624.5,39.2493,-95.708
Copan,278.3,36.9004,-95.9253
Rosa,69.9,33.9899,-86.5045
Ringtown,668.5,40.8565,-76.2352
Norwood Court,2326.7,38.7141,-90.2895
Mullan,353.7,47.4687,-115.7963
Kykotsmovi Village,17.3,35.8576,-110.6338
Happy,275.8,34.7416,-101.8572
Camptown,48.2,36.6833,-76.8965
Buras,127.2,29.3528,-89.5247
Los Luceros,178.3,36.1151,-106.0371
Pilot Knob,327.0,37.6236,-90.6455
Boissevain,137.1,37.2809,-81.3802
Oscoda,335.8,44.425,-83.3339
Cedar Key,284.1,29.146,-83.0388
Aguanga,21.5,33.4522,-116.8555
Hester,84.3,30.0277,-90.771
Shabbona,227.6,41.7654,-88.8845
Lumberport,580.0,39.3741,-80.3484
East Prospect,1134.4,39.9711,-76.5214
Golconda,571.9,37.3619,-88.487
Arthurdale,58.7,39.4953,-79.8168
Duck Key,487.0,24.771,-80.9132
White,278.6,34.2823,-84.7481
Normangee,261.3,31.03,-96.1161
Koppel,542.5,40.8355,-80.3212
Reid Hope King,1131.7,25.9227,-97.4141
Jonesburg,145.1,38.8546,-91.3028
Lake Tapawingo,1467.4,39.0195,-94.3132
New Houlka,237.1,34.0363,-89.0211
Corriganville,264.1,39.6947,-78.797
Melbourne Village,500.1,28.088,-80.6652
Fripp Island,89.2,32.3231,-80.4789
Shellsburg,365.4,42.0929,-91.8712
Heritage Bay,439.2,26.2837,-81.6629
Upper Marlboro,197.2,38.8153,-76.7514
Annetta South,152.0,32.6743,-97.6482
Munds Park,13.1,34.9382,-111.6318
Eastview,56.7,35.0877,-88.5518
Tumbling Shoals,28.7,35.5472,-91.9734
Lilydale,524.6,44.9095,-93.1305
North High Shoals,119.8,33.8271,-83.5014
La Veta,212.2,37.5085,-105.0085
Neapolis,408.6,41.4905,-83.8747
Neotsu,271.5,44.9944,-123.9783
Union Deposit,216.1,40.2911,-76.6812
Appling,32.9,33.5588,-82.3183
Myrtle,139.2,34.5605,-89.1179
Morehouse,360.8,36.8463,-89.6911
Colo,272.3,42.0145,-93.3186
Sligo,205.8,41.1081,-79.4964
Hillman,174.8,45.0648,-83.8974
Chalfant,1511.6,40.4101,-79.8387
Durhamville,211.0,43.1225,-75.665
Mississippi Valley State University,161.3,33.5172,-90.3444
Laytonsville,276.7,39.2088,-77.1415
Wiconsico,265.6,40.5742,-76.6775
Ashmore,359.9,39.5306,-88.0201
Tetherow,135.7,44.0389,-121.3667
Winfall,125.3,36.2105,-76.4548
Medaryville,630.2,41.0803,-86.8905
Almena,255.1,45.4149,-92.0384
Quasqueton,256.0,42.3945,-91.7578
San Leanna,650.1,30.1442,-97.8195
Aulander,195.5,36.228,-77.1136
Chama,100.3,36.8931,-106.5843
Debordieu Colony,70.1,33.3707,-79.1776
Grenloch,380.4,39.7825,-75.0562
Fountain City,65.9,44.1202,-91.697
Furman,92.5,32.6813,-81.1877
Wessington Springs,160.1,44.0805,-98.5712
Isle,106.4,46.1389,-93.4592
Nittany,203.7,40.9947,-77.5521
Sulphur Rock,228.2,35.7517,-91.5003
Royal Center,505.5,40.8643,-86.5001
Sewickley Heights,39.3,40.5595,-80.1528
Spur,179.7,33.4703,-100.8556
Mortons Gap,243.2,37.2402,-87.4668
Bethel Springs,129.0,35.2342,-88.6131
Whitewood,431.4,44.4617,-103.6381
Oldenburg,670.1,39.3389,-85.204
Hopeland,436.7,40.2337,-76.2615
Startup,67.4,47.8673,-121.7501
Marco Shores-Hammock Bay,324.9,25.9964,-81.6889
North Irwin,1215.7,40.3389,-79.7114
Smoot,123.3,42.6184,-110.9155
La Farge,285.2,43.5782,-90.6381
West Alto Bonito,1137.8,26.3144,-98.6632
Crowder,630.3,34.1729,-90.1376
Owaneco,626.8,39.4815,-89.195
Axtell,618.9,40.4798,-99.1292
Wanblee,142.7,43.5705,-101.6614
Attapulgus,360.8,30.7495,-84.4839
Klawock,421.9,55.5556,-133.0868
Hemingford,423.2,42.3214,-103.0754
Strykersville,65.2,42.7063,-78.444
Dewar,283.9,35.4581,-95.9483
Ivy,121.7,38.0611,-78.5987
Cumby,298.6,33.1354,-95.8394
Nuangola,242.4,41.1583,-75.9781
Motley,72.4,37.0657,-79.3474
Mi-Wuk Village,101.2,38.057,-120.1793
Accoville,88.9,37.7652,-81.827
Bevier,276.0,39.7513,-92.5638
Mount Summit,453.6,40.0035,-85.3861
Fort Green Springs,27.6,27.5876,-81.9402
Plattsville,287.8,41.226,-73.2591
Quebrada,998.1,18.3602,-66.8353
Lake Latonka,143.1,41.283,-80.1831
East Avon,218.0,42.9128,-77.7073
Conneautville,257.2,41.7577,-80.3684
Pleasant View Village,197.4,39.3337,-85.9736
Browndale,461.3,41.6563,-75.4543
Mccool Junction,558.1,40.744,-97.6007
Beaver Springs,211.0,40.7448,-77.2168
Red Cross,76.5,35.2659,-80.3623
New Site,29.0,33.0282,-85.7801
Ponemah,26.1,48.0348,-94.8983
North Haverhill,79.6,44.0915,-72.0236
Mcleansville,46.6,36.1045,-79.6554
Malin,571.6,42.0133,-121.4096
Sabinal,240.3,29.3214,-99.4696
Foxfield,215.6,39.5881,-104.7857
Meridian Station,172.3,32.5484,-88.609
Mulberry Grove,280.9,38.9245,-89.2662
Tidioute,265.9,41.6847,-79.4004
Middle Amana,293.5,41.7948,-91.9015
Mott,310.2,46.3744,-102.3189
Ponce De Leon,57.4,30.7234,-85.9374
Rule,409.0,33.1819,-99.8933
Sanders,110.1,35.2095,-109.3224
Maringouin,385.5,30.4907,-91.5185
St. Florian,63.9,34.8739,-87.6241
Friendship,316.2,43.972,-89.8203
Akutan,4.3,54.1594,-165.7328
Wartrace,323.7,35.5253,-86.3301
Waikoloa Beach Resort,40.1,19.9279,-155.8704
Watterson Park,197.4,38.189,-85.6864
Menno,545.1,43.2386,-97.5774
Houston Acres,1024.2,38.2146,-85.6143
Bridge Creek,180.6,35.2382,-97.732
Gilbertville,518.8,42.4182,-92.2141
Keysville,241.6,37.039,-78.4804
Wilroads Gardens,126.1,37.7153,-99.9269
Braymer,480.7,39.5905,-93.7961
Grand View Estates,284.8,39.5439,-104.8206
Benzonia,250.9,44.6161,-86.0989
Hamer,56.3,34.4741,-79.3258
Scribner,435.8,41.6651,-96.6653
Foreston,198.1,45.7321,-93.7095
Niota,123.5,35.5171,-84.5499
Hardwood Acres,533.2,44.7213,-85.8263
Scooba,114.3,32.8302,-88.4771
Mcclellanville,126.8,33.0865,-79.468
Pioneer Junction,80.4,48.3157,-115.5182
Columbiaville,321.2,43.1567,-83.4069
Waverly Hall,84.9,32.6837,-84.7378
Rising Star,164.1,32.0976,-98.9665
Virgin,24.0,37.1979,-113.2071
Miracle Valley,520.3,31.3829,-110.1485
Briaroaks,254.3,32.4958,-97.3033
Lashmeet,377.8,37.4228,-81.1967
Russia,326.5,40.2341,-84.4076
Morning Sun,364.2,41.0941,-91.2506
Nelliston,255.8,42.9318,-74.6099
Cranesville,302.2,41.904,-80.3418
Rohrerstown,747.5,40.0529,-76.36
La Moille,272.4,41.5299,-89.2833
Tonica,207.3,41.2159,-89.0702
Boling,60.6,29.2584,-95.9436
Dugger,481.8,39.0704,-87.259
Gray Court,149.1,34.6079,-82.1143
Minatare,644.3,41.8111,-103.5017
Lomas,1038.6,18.2688,-65.9096
Onamia,287.4,46.0703,-93.6669
Arcadia University,3579.1,40.0917,-75.1652
Ferrelview,470.4,39.3143,-94.6653
Browns Crossing,623.3,39.4064,-86.5056
Salome,8.5,33.7778,-113.606
Deer Lake,642.4,40.6213,-76.0565
Rosman,516.3,35.1458,-82.82
North Freedom,336.3,43.459,-89.8603
Riviera,76.4,27.2993,-97.7997
Stockertown,290.7,40.7547,-75.2627
Pecan Hill,132.2,32.4907,-96.7813
Chickasaw Point,129.0,34.5363,-83.0751
Bailey'S Prairie,40.3,29.1527,-95.4977
Polvadera,290.8,34.202,-106.9172
El Duende,191.9,36.0738,-106.1269
Neopit,23.2,44.9877,-88.8227
Stratton,547.5,39.3029,-102.6034
Taylortown,208.5,35.2146,-79.4916
New Hamburg,584.4,41.5891,-73.9428
Esperanza,221.1,18.1021,-65.4798
Mcknightstown,194.4,39.8735,-77.3302
Lynch,306.6,36.9641,-82.9138
Matador,215.2,34.015,-100.8211
Lost Nation,115.0,41.9125,-89.369
Lime Lake,117.9,42.4327,-78.4808
New Summerfield,59.6,31.9807,-95.115
Rushford Village,8.4,43.8033,-91.7915
Benítez,1228.9,18.2726,-65.8788
Twin Valley,327.4,47.2588,-96.2592
Patterson Heights,1107.7,40.739,-80.3263
Lake Eliza,589.0,41.4289,-87.172
Hollis Crossroads,22.4,33.5231,-85.6437
Oaktown,410.2,38.8717,-87.4412
Maple Rapids,204.6,43.1077,-84.6898
Savona,268.9,42.283,-77.2238
Aspen Park,113.4,39.5423,-105.2967
Woodson,64.3,34.538,-92.2211
Toughkenamon,135.5,39.8313,-75.7565
La Cueva,36.4,35.5776,-105.7339
Saxton,686.9,40.2127,-78.247
Sequoyah,35.2,36.3798,-95.5969
Congerville,290.0,40.6168,-89.2051
Solon Springs,178.3,46.3495,-91.8207
Manderson-White Horse Creek,48.7,43.235,-102.4916
Healy,0.0,63.9454,-149.0151
Maricopa Colony,50.9,33.3626,-112.2267
Presque Isle Harbor,43.7,45.3226,-83.4858
Noorvik,302.3,66.8292,-161.0377
Oak Run,65.2,40.9635,-90.1331
Iron Station,118.0,35.4515,-81.1568
Sarepta,170.5,32.8963,-93.4517
Point Hope,55.5,68.3445,-166.6738
Rocksprings,229.1,30.0172,-100.2128
Sonoita,26.2,31.6646,-110.6427
East Tulare Villa,523.1,36.2038,-119.2803
Westley,671.5,37.5469,-121.2009
Virginia City,321.2,39.3074,-119.6483
Allenwood,159.5,40.1384,-74.1032
Oceanville,176.7,39.4774,-74.4569
Adena,517.5,40.2166,-80.8762
Scurry,139.1,32.5125,-96.3846
Port Trevorton,82.2,40.6924,-76.894
Mcintyre,53.5,32.8466,-83.2011
Renova,320.4,33.7805,-90.7232
Hamden,506.0,39.1592,-82.5243
Brantleyville,126.6,33.2196,-86.882
Schram City,490.6,39.1631,-89.4609
Mackay,320.5,43.912,-113.6128
North Gate,377.5,37.9055,-121.9978
Alexis,584.6,41.063,-90.5555
Annabella,426.1,38.7059,-112.0587
Atlas,841.7,40.7974,-76.4284
Corfu,278.6,42.9611,-78.4028
Madison Place,2691.6,39.1553,-84.3765
Blue Ridge Manor,2467.7,38.2434,-85.5647
White Mills,186.9,41.535,-75.2021
La Puerta,687.7,26.3468,-98.7505
Bakersville,364.7,36.0154,-82.1582
Highmore,146.9,44.5214,-99.4394
Myrtle Springs,37.9,32.6151,-95.9329
Carnesville,76.9,34.3729,-83.2328
Mcrae,411.4,35.1119,-91.8253
White Springs,151.4,30.3317,-82.7562
Green Mountain Falls,238.8,38.9344,-105.0238
Kopperston,145.2,37.7502,-81.5764
Crabtree,152.5,44.6376,-122.9059
Continental Courts,522.4,40.8705,-77.8658
Satsop,39.4,47.0223,-123.4737
Sebeka,111.8,46.6292,-95.0879
Piper City,498.3,40.7562,-88.189
Yatesville,441.0,41.3038,-75.7822
Forkland,79.1,32.6489,-87.8671
Edenburg,479.0,40.5658,-75.9593
Blandinsville,315.4,40.554,-90.8683
Blackduck,118.7,47.7263,-94.548
Eleva,493.2,44.5764,-91.4705
Saybrook,343.8,40.4283,-88.5266
Hickory Flat,287.8,34.616,-89.1913
Allenhurst,252.6,31.7839,-81.6078
Tekoa,224.9,47.2248,-117.0731
Plandome Manor,508.2,40.8147,-73.6984
Sunset Valley,197.2,30.2258,-97.8158
Laytonville,51.3,39.6715,-123.4945
Umapine,83.0,45.976,-118.501
Valley Bend,195.6,38.7694,-79.928
Encore At Monroe,903.0,40.3197,-74.4663
Asharoken,193.3,40.9381,-73.3816
Ryland Heights,52.0,38.9701,-84.4607
Marine On St. Croix,70.3,45.1983,-92.7783
White River,527.8,43.5671,-100.7449
Pittsford,144.1,41.8619,-84.4771
Van Dyne,348.2,43.8862,-88.5012
Dobbins Heights,311.0,34.9068,-79.6933
Leighton,127.3,34.6941,-87.5282
East Herkimer,230.0,43.0316,-74.9636
Cotton Valley,104.3,32.8135,-93.4228
Flat Lick,57.4,36.8353,-83.7598
Gideon,153.4,36.4489,-89.9128
Bowen,640.6,40.2321,-91.0633
Santa Fe Foothills,33.1,35.6279,-105.898
Summerton,202.1,33.6013,-80.3527
Notus,772.5,43.7267,-116.7998
Clallam Bay,484.8,48.2534,-124.2579
Ocracoke,31.8,35.1264,-75.9212
Penns Creek,373.1,40.8631,-77.0562
Medway,573.5,39.8837,-84.0135
Paradis,42.6,29.868,-90.4397
Armstrong,309.7,43.3944,-94.4836
Malott,148.4,48.2918,-119.6955
Tannersville,244.4,42.1936,-74.135
Clarks,284.8,32.0288,-92.1408
Doyle,44.7,40.0275,-120.1173
North City,125.9,37.9918,-89.0635
Ducor,490.2,35.8927,-119.047
Reardan,550.0,47.6698,-117.878
Poulan,163.1,31.5145,-83.7898
Ponca,354.9,42.5649,-96.7092
Bertrand,331.4,36.9081,-89.45
Anguilla,264.1,32.9719,-90.8284
Tovey,436.5,39.5883,-89.4486
Peeples Valley,18.0,34.2773,-112.7653
Tranquillity,442.1,36.648,-120.2526
Hightsville,187.2,34.2667,-77.9344
South Cle Elum,679.0,47.1862,-120.9526
San Antonito,111.5,35.1574,-106.3475
Ariton,53.6,31.5978,-85.7131
Louise,40.8,29.1118,-96.4123
Hamersville,622.9,38.9189,-83.9853
Kelly,23.5,34.4639,-78.3109
Aaronsburg,307.9,40.9042,-77.4513
Clarks Hill,631.0,40.2472,-86.7243
Sherrard,293.4,41.3109,-90.4991
Foristell,44.8,38.8156,-90.9627
Many Farms,33.4,36.3532,-109.6271
North San Pedro,1548.4,27.8027,-97.682
Masthope,52.0,41.5155,-75.0257
Blooming Glen,316.1,40.3695,-75.2482
Cullen,235.8,32.9699,-93.4464
Highland Hills,138.8,41.4507,-81.5191
Mcdonald Chapel,255.5,33.519,-86.9385
Lamoure,202.1,46.3574,-98.2966
Olanta,269.5,33.9357,-79.932
Matherville,694.2,41.2594,-90.6055
Saltsburg,967.8,40.4848,-79.448
Kearney Park,101.0,32.5897,-90.3158
Turbeville,202.6,33.8895,-80.0161
Dighton,313.0,38.481,-100.4663
Cromwell,488.3,41.4033,-85.6142
Loraine,260.8,32.4087,-100.7125
Boyden,396.4,43.1892,-96.0032
Parkin,106.0,35.2629,-90.553
South Mount Vernon,543.9,40.3823,-82.5018
Peters,107.3,37.9763,-121.0439
Scalp Level,405.4,40.2495,-78.8442
Aroma Park,144.0,41.0788,-87.8011
Botsford,333.6,41.3589,-73.2671
Avella,300.7,40.2737,-80.4672
Pultneyville,115.6,43.2739,-77.1814
Millerstown,320.2,40.5543,-77.153
Fieldsboro,864.4,40.1364,-74.7315
Onaway,166.2,45.3589,-84.2274
Humphrey,521.5,41.6884,-97.4852
Parcelas Nuevas,421.2,18.14,-66.1702
Rivesville,516.2,39.5319,-80.1205
Peña Blanca,39.3,35.5709,-106.3319
Hollow Rock,160.0,36.0355,-88.274
Clarissa,266.4,46.1284,-94.949
Oneida Castle,534.2,43.0812,-75.6331
Noatak,16.9,67.5986,-163.0309
Siren,198.8,45.7826,-92.3823
Roche Harbor,67.3,48.6079,-123.1347
Shoals,148.2,38.6669,-86.7938
North Lynbrook,3261.3,40.6685,-73.6736
North Topsail Beach,43.4,34.4931,-77.434
Lake Winola,175.1,41.5105,-75.8509
Oconomowoc Lake,140.5,43.0975,-88.4521
Mount Calvary,255.5,43.8263,-88.2461
Lake Benton,84.0,44.2642,-96.2891
Florien,120.7,31.448,-93.4583
Island Pond,64.1,44.8125,-71.8862
Tigerton,147.7,44.7409,-89.0459
Grantsboro,69.9,35.1449,-76.8447
Chester Hill,608.9,40.8903,-78.2293
Port O'Connor,67.6,28.4463,-96.4205
Kahite,207.1,35.569,-84.2358
Colmesneil,134.5,30.9097,-94.4221
Orason,151.9,26.0742,-97.4458
Porum,301.1,35.3571,-95.2637
Fultonville,563.3,42.9463,-74.3704
Woods Bay,197.7,48.0083,-114.0613
Hotevilla-Bacavi,22.9,35.9225,-110.6569
Modjeska,134.1,33.7091,-117.6299
Brecon,408.5,39.2798,-84.3531
Wilseyville,34.7,38.3791,-120.5146
Rail Road Flat,15.5,38.3246,-120.5169
Tohatchi,41.5,35.8423,-108.7503
Maguayo,703.7,18.01,-67.0855
Penn,553.1,40.3293,-79.642
Sorrel,126.8,29.8879,-91.6225
Fuller Acres,355.7,35.3023,-118.9143
Nineveh,337.7,39.3612,-86.0927
Driscoll,230.3,27.673,-97.751
Marion Heights,687.3,40.8036,-76.4643
Biron,57.8,44.4281,-89.766
Elk Park,388.0,36.1582,-81.9808
Sierra Blanca,56.0,31.1835,-105.3395
Adairville,227.6,36.671,-86.856
Windfall City,660.4,40.3619,-85.9584
Manokotak,3.6,58.893,-158.9109
Pocono Pines,51.6,41.1162,-75.4588
Round Top,30.6,42.2616,-74.0284
Millheim,201.0,40.8936,-77.4765
Bolton,176.1,32.3546,-90.4586
Supreme,79.0,29.8604,-90.9955
Polk,131.8,41.369,-79.9311
Eva,62.6,34.3272,-86.7614
Piney View,66.0,37.835,-81.1275
Kasigluk,22.6,60.8785,-162.5272
Wonewoc,238.9,43.6531,-90.2239
Brevig Mission,113.9,65.3413,-166.4953
Napi Headquarters,59.9,36.6505,-108.2145
West Goshen,398.4,36.3492,-119.4574
Roby,371.0,32.746,-100.3795
Dauberville,127.0,40.4606,-75.9983
Taylor Springs,252.9,39.1312,-89.4946
Institute,706.4,38.3797,-81.7662
Bovey,115.9,47.2962,-93.4036
Reeltown,35.3,32.5788,-85.8189
Northwest,37.2,34.316,-78.1448
West Wilmerding,547.6,40.3987,-79.8209
Caddo Valley,86.1,34.1898,-93.0679
Seneca Gardens,1646.8,38.2272,-85.6773
Benjamin,31.2,40.0968,-111.729
Livingston Manor,82.0,41.8931,-74.8255
Dixonville,294.9,40.7151,-79.0105
Kernville,21.0,35.7533,-118.4321
Joaquin,115.2,31.9659,-94.0504
Pattison,75.3,29.8184,-95.9765
Las Croabas,327.7,18.3695,-65.6293
Barataria,62.0,29.7092,-90.1217
Birnamwood,120.6,44.9319,-89.2094
Tom Bean,183.5,33.52,-96.4844
South Weldon,610.0,36.4135,-77.6024
Bluetown,90.5,26.0734,-97.8199
Seama,40.8,35.0429,-107.5272
Central Valley,125.7,38.6991,-112.0967
Dalton City,496.2,39.7169,-88.807
Wibaux,246.9,46.9865,-104.1899
Natural Steps,96.0,34.8668,-92.4881
Darrtown,112.4,39.4975,-84.669
El Refugio,424.4,26.3406,-98.7589
Hodge,273.6,32.272,-92.7304
Fouke,195.1,33.2622,-93.8852
Twin Oaks,1039.7,38.5657,-90.501
North Chevy Chase,1598.4,39.002,-77.074
Maury City,234.9,35.8145,-89.2239
Greenbush,172.2,48.7011,-96.1835
Grayland,38.7,46.8304,-124.0898
Derby Center,189.6,44.9549,-72.1361
Smiths Grove,338.8,37.0503,-86.2083
Lake Tanglewood,235.0,35.057,-101.7817
Juniata,391.2,40.5903,-98.5069
Allenport,272.3,40.3686,-77.8707
Wyocena,184.2,43.4931,-89.3099
Candlewood Orchards,917.8,41.4728,-73.4381
Clarks Grove,440.3,43.7617,-93.3286
Francis Creek,232.1,44.2006,-87.7209
Sandyfield,83.6,34.3738,-78.3
Oljato-Monument Valley,9.1,37.0309,-110.2512
Kooskia,428.9,46.1415,-115.9765
Blucksberg Mountain,394.4,44.3593,-103.4538
Carlisle Barracks,1344.6,40.2101,-77.173
Valley Brook,1039.7,35.4027,-97.4814
Norborne,406.7,39.3024,-93.6759
Taycheedah,335.8,43.8118,-88.3916
Stella,1320.7,18.324,-67.2464
Woodsdale,338.6,39.4331,-84.4845
Gratz,89.3,40.6073,-76.7157
New Straitsville,202.6,39.5793,-82.2343
Palatine Bridge,285.8,42.9143,-74.5756
Tuxedo Park,99.1,41.2007,-74.206
Sewickley Hills,106.6,40.568,-80.1271
Fordland,237.8,37.1556,-92.9416
Antonito,616.5,37.0762,-106.0104
Dove Creek,458.6,37.7668,-108.9071
North Brentwood,2793.1,38.945,-76.951
Albert City,482.0,42.7816,-94.9491
Port Leyden,394.4,43.5838,-75.3412
Lemannville,259.3,30.1028,-90.9239
Onaga,400.3,39.4892,-96.1703
Brookport,402.2,37.1261,-88.6276
Pecan Park,22.2,32.2704,-107.674
Bloomdale,394.9,41.1716,-83.5534
Pinckard,49.2,31.3173,-85.543
Quentin,240.0,40.283,-76.4363
Rawson,422.8,40.9569,-83.7851
Pleasant Hope,172.4,37.465,-93.2743
Paragonah,378.3,37.8853,-112.7707
Thorntonville,326.9,31.5789,-102.9221
Jetmore,62.2,38.0301,-99.9098
Sanderson,62.5,30.1508,-102.4079
Grey Forest,359.4,29.6171,-98.6835
Cannondale,235.0,41.2161,-73.4252
Timber Lake,428.0,45.4294,-101.0715
Robbinsville,393.6,35.3217,-83.8094
Wingo,267.7,36.6422,-88.7395
Chaires,115.1,30.4421,-84.1269
East Galesburg,191.2,40.9429,-90.3109
Diamondville,246.3,41.7772,-110.5357
Port Austin,264.4,44.0431,-82.9945
Purple Sage,451.1,41.5515,-109.3199
Weiner,191.0,35.6197,-90.9054
Crooked Creek,458.4,37.8839,-81.9747
Crenshaw,634.1,34.5047,-90.1946
Cambalache,177.3,18.3577,-65.8841
Caseville,233.0,43.9416,-83.2734
Arizona Village,163.9,34.8546,-114.5895
Flint Creek,40.9,36.1765,-94.7436
Mosier,571.5,45.685,-121.3951
Belleplain,35.5,39.2662,-74.8672
Yaurel,219.1,18.03,-66.056
Woodhull,296.0,41.1784,-90.3221
Red Creek,286.0,43.2488,-76.7225
Qulin,576.6,36.5977,-90.2522
East Bernstadt,123.0,37.1923,-84.1209
Garza-Salinas Ii,952.5,26.3518,-98.7595
Hokah,371.6,43.7599,-91.3498
Lidgerwood,393.4,46.0738,-97.1451
Pennsbury Village,945.4,40.4283,-80.1011
Solis,159.3,26.1708,-97.844
Newborn,162.7,33.5164,-83.6959
Aquasco,13.1,38.5913,-76.7074
Edgeley,346.6,46.3625,-98.7126
Gouldsboro,100.7,41.2429,-75.4449
Chippewa Lake,1201.4,41.0737,-81.9047
Ethridge,224.7,35.3218,-87.3013
Murrayville,522.0,39.5817,-90.2518
Johnson Siding,69.4,44.0846,-103.438
Waelder,202.6,29.6943,-97.2972
Cross Keys,545.8,40.4458,-78.4293
Lake Saint Clair,357.4,38.3227,-90.9986
Nassawadox,390.6,37.4762,-75.8591
Bird-In-Hand,464.9,40.0373,-76.1863
Smelterville,444.3,47.5426,-116.1775
Pasadena Park,2049.6,38.711,-90.2974
Vanleer,117.6,36.2358,-87.4446
Mccartys Village,80.7,35.0614,-107.6634
San Ildefonso Pueblo,58.6,35.8955,-106.1225
Pomfret,94.4,38.5699,-77.0304
Chatom,24.1,31.4691,-88.246
North Powder,411.6,45.03,-117.9205
Launiupoko,48.5,20.8541,-156.6424
Cherry Tree,22.4,35.7454,-94.6428
Fonda,257.0,42.5817,-94.8455
Coward,80.0,33.9721,-79.749
Milner,122.4,33.1176,-84.1931
Corbin City,33.5,39.3046,-74.7199
Center City,437.4,45.3942,-92.8142
Bancroft,457.3,43.2929,-94.2175
Delleker,93.2,39.8102,-120.4968
Stonington,563.2,39.6385,-89.1921
Dennisville,58.6,39.2018,-74.8217
East Cathlamet,150.6,46.1956,-123.3588
Leeton,498.9,38.5834,-93.6953
Bendersville,570.2,39.9815,-77.2494
Shipman,195.1,39.1203,-90.0452
Ingold,49.7,34.8313,-78.3497
Cinco Bayou,833.5,30.4222,-86.6096
The Lakes,7.6,44.1359,-95.7083
Yankeetown,33.3,29.0334,-82.7326
Woolrich,216.8,41.1865,-77.3738
Wolsey,113.5,44.4105,-98.4738
Sawmill,41.8,35.8924,-109.1538
Loghill Village,41.3,38.1994,-107.7754
Santa Margarita,496.3,35.3895,-120.6081
Powhatan,123.8,37.5427,-77.9267
Mettawa,47.1,42.2445,-87.9197
Takilma,43.2,42.0409,-123.6223
Polkville,14.9,32.1909,-89.696
Buffalo Lake,375.9,44.7368,-94.617
Ozark Acres,36.8,36.3,-91.3871
Canistota,457.3,43.5978,-97.2926
Bella Villa,1509.3,38.5436,-90.2855
Mackinac Island,58.8,45.8593,-84.6253
Gilmore City,206.6,42.7268,-94.4368
Elysian,217.1,44.2067,-93.6764
Hungry Horse,178.6,48.3843,-114.0652
Holiday Hills,273.6,42.2978,-88.2292
Gouglersville,186.8,40.2702,-76.0192
Minong,167.6,46.0978,-91.8263
Glen Ullin,251.0,46.812,-101.8333
Myton,252.4,40.1933,-110.0624
Charlotte Court House,64.5,37.0563,-78.6377
Wylandville,174.2,40.2099,-80.1263
Duck,105.8,36.1836,-75.7559
South Coffeyville,346.4,36.9921,-95.6219
Trimble,426.6,39.4761,-94.5619
Dry Tavern,188.8,39.9399,-80.0095
Ida,103.3,41.9063,-83.5719
Meeteetse,172.0,44.1543,-108.8612
Wallace Ridge,36.4,31.6849,-91.8321
Walkerville,114.4,46.0366,-112.5396
Honeoye,204.7,42.7885,-77.5125
Sunsites,286.1,31.941,-109.8394
Gaylordsville,160.1,41.641,-73.4826
Claysville,1078.4,40.1199,-80.4131
Rough And Ready,80.2,39.234,-121.1381
Blanchardville,468.9,42.8094,-89.8606
Hay Springs,275.5,42.6833,-102.6897
Emily,8.5,46.7601,-93.9665
North Philipsburg,344.7,40.9092,-78.2087
Dahlgren Center,62.0,38.34,-77.0324
Trimont,323.3,43.7611,-94.7162
Molena,135.7,33.0122,-84.5006
New England,515.7,46.5408,-102.8669
Onida,378.0,44.7049,-100.0675
Mount Sidney,152.7,38.2586,-78.9654
Verplanck,421.6,41.2552,-73.9621
Sabin,559.1,46.7814,-96.6542
Varna,355.6,42.4525,-76.4383
Smallwood,105.6,41.6606,-74.8159
Peterstown,456.8,37.3991,-80.795
Morris Run,305.5,41.6773,-77.018
Fabrica,1479.9,28.7446,-100.4934
Greenevers,159.8,34.8271,-77.9251
Loleta,119.3,40.6408,-124.2225
Elsah,231.5,38.9541,-90.3553
Poplar,724.6,48.1105,-105.1969
Wauzeka,52.8,43.0851,-90.8995
Kevil,444.7,37.0842,-88.8829
Bettsville,485.0,41.244,-83.2338
Forest Junction,98.2,44.2139,-88.1496
Hooversville,414.2,40.1504,-78.9132
Unity,119.6,34.8024,-80.6936
Washington Boro,131.2,40.0017,-76.4671
Retreat,50.7,32.0507,-96.4787
Sunfield,332.5,42.7612,-84.9952
Bell Buckle,495.5,35.5908,-86.3538
Maybee,136.9,42.0125,-83.5096
Heuvelton,331.9,44.617,-75.4047
Alba,402.7,37.2372,-94.4176
Corsica,301.8,43.4223,-98.4073
Asherton,309.3,28.4461,-99.7604
Accord,74.3,41.7972,-74.2319
Black Eagle,163.8,47.527,-111.267
Radcliffe,253.4,42.3177,-93.4343
Quebrada Prieta,133.5,18.2943,-65.9037
Roosevelt Estates,52.5,33.6201,-110.9997
Van Horne,271.1,42.0083,-92.0897
Stateline,350.8,38.9678,-119.944
Harleyville,237.3,33.213,-80.4478
Rauchtown,141.4,41.1261,-77.2364
Portal,126.0,32.5383,-81.9297
East Millstone,112.9,40.5011,-74.5661
Ranshaw,512.4,40.7856,-76.5172
Copenhagen,213.3,43.8934,-75.6726
Screven,116.7,31.484,-82.0171
Trail,37.0,42.6567,-122.8135
Blairstown,507.8,41.906,-92.0821
Tyronza,161.9,35.4868,-90.356
Margaretville,361.4,42.1458,-74.6503
Fountain Lake,57.5,34.6099,-92.9197
Arlee,38.9,47.1678,-114.0838
Shindler,167.4,43.4676,-96.6354
Amagansett,38.2,40.9841,-72.1329
Arivaca Junction,85.0,31.739,-111.0738
Thaxton,24.2,34.3071,-89.1745
East Vandergrift,1631.4,40.5973,-79.563
Ossipee,413.6,36.1678,-79.5135
Sunrise Shores,506.8,32.1801,-95.5056
Amana,253.2,41.8036,-91.8753
Bairdford,159.9,40.6279,-79.8813
Whitesville,581.3,37.683,-86.8701
New Goshen,527.8,39.583,-87.4646
Isleton,570.0,38.1617,-121.6051
Grazierville,233.6,40.6576,-78.2713
Acomita Lake,64.0,35.0658,-107.6165
Ivalee,33.6,34.0372,-86.1472
Bell Arthur,134.6,35.5912,-77.5127
Hindman,80.4,37.335,-82.9819
Crystal Beach,367.1,42.8095,-77.2582
Pateros,495.7,48.0536,-119.8995
Freedom Plains,193.9,41.6695,-73.7974
Castalian Springs,43.0,36.4012,-86.3067
Ideal,218.7,32.3726,-84.1894
Payne Springs,118.3,32.2872,-96.0892
Blue Berry Hill,85.9,28.3855,-97.7921
Randall,125.0,46.0887,-94.5007
Villa Heights,260.5,36.6981,-79.8994
Eads,505.2,38.4814,-102.7797
Armour,264.5,43.319,-98.3448
Pavo,142.0,30.9597,-83.738
Paradise Park,102.9,37.0062,-122.0425
Mackinaw City,72.6,45.7751,-84.7479
Ravine,229.0,40.5686,-76.3937
Waynesfield,396.6,40.6024,-83.9739
Big Delta,5.3,64.1486,-145.7453
Pilot Grove,592.8,38.8736,-92.9126
Josephville,87.1,38.8293,-90.7869
Blende,297.4,38.247,-104.5714
Camp Douglas,248.1,43.9197,-90.2697
Cash,163.4,34.6197,-79.8895
Prewitt,18.0,35.3682,-108.0748
Elliott,55.0,33.6913,-89.7525
Mayking,161.7,37.1336,-82.773
Rivergrove,1267.2,45.3851,-122.733
Strattanville,497.8,41.2025,-79.3269
Misenheimer,154.1,35.4819,-80.287
Powers,426.7,42.8859,-124.0734
Hutsonville,400.5,39.1085,-87.6606
Pineview,127.8,32.1084,-83.5029
Chief Lake,11.7,45.9209,-91.3303
Middle Point,457.7,40.8556,-84.4462
Golden City,240.3,37.3931,-94.0942
Hollow Creek,802.9,38.1526,-85.6244
Sankertown,635.2,40.4714,-78.5919
Grand Isle,38.8,29.2135,-90.0308
Wickett,352.9,31.5673,-103.006
Livingston Wheeler,150.3,32.3944,-104.1981
Renaissance At Monroe,899.8,40.2634,-74.4807
Old Fort,203.4,35.6305,-82.1777
Fielding,465.1,41.8127,-112.1173
Navajo Mountain,7.4,37.047,-110.79
Stockton Bend,438.9,32.475,-97.7611
Selby,348.1,45.5057,-100.0329
Mangham,223.0,32.3094,-91.7794
Tortugas,2033.8,32.2697,-106.7546
Wall Lake,216.1,42.2675,-95.0932
Muddy,8.6,45.5798,-106.7754
Boyle,167.6,33.7065,-90.7249
Udall,454.4,37.3889,-97.1177
Mocanaqua,499.4,41.1407,-76.1367
Mount Bethel,198.4,40.9048,-75.1116
Amanda,191.7,39.6501,-82.7414
Chaumont,251.3,44.0676,-76.1302
Dearing,303.2,33.4149,-82.3852
West Hamlin,462.8,38.2802,-82.194
Willsboro Point,88.8,44.4246,-73.3807
New Lothrop,285.6,43.1168,-83.9693
Rowlesburg,244.5,39.3483,-79.6764
Star Lake,57.0,44.1613,-75.0363
Pryor,6.2,45.4125,-108.5291
New Springfield,156.1,40.9183,-80.6031
Hatton,442.4,47.6369,-97.4584
Mer Rouge,210.4,32.7767,-91.7949
Glen Park,345.5,44.0016,-75.9548
Ochlocknee,266.4,30.9751,-84.0517
Fort White,96.3,29.9224,-82.7135
Cove,306.3,45.2964,-117.8102
Milnor,246.0,46.2604,-97.4575
D'Hanis,93.7,29.3305,-99.2753
Mckenna,226.4,46.9365,-122.5501
Plankinton,322.2,43.7155,-98.4837
La Fargeville,74.2,44.196,-75.9627
Beatty,13.9,36.9474,-116.7337
Sun River Terrace,423.0,41.1254,-87.7337
Ochelata,376.5,36.6021,-95.9725
Muir,345.4,42.9973,-84.9359
Parmelee,43.0,43.3241,-101.041
Tierra Amarilla,91.5,36.7061,-106.5599
Mamers,40.6,35.416,-78.939
Dierks,128.0,34.12,-94.0173
Garysburg,260.3,36.4479,-77.5603
Clarkrange,24.2,36.1857,-85.0096
Yates City,498.4,40.7776,-90.0139
Daufuskie Island,25.0,32.1181,-80.8656
Corinna,115.3,44.9223,-69.2628
Langeloth,235.5,40.3631,-80.4138
Francisco,401.7,38.3327,-87.4481
Culbertson,292.8,40.2284,-100.8351
Idamay,278.2,39.493,-80.2572
Clearbrook,498.9,47.6962,-95.4293
Olustee,293.8,34.5477,-99.4241
Nucla,352.9,38.2668,-108.5487
South Hills,41.7,46.5564,-111.9975
What Cheer,197.9,41.3997,-92.3547
Merigold,252.7,33.8392,-90.7264
Paauilo,203.9,20.0398,-155.3708
Jonesport,153.5,44.5338,-67.6152
Byromville,377.3,32.2017,-83.9072
Doyline,73.4,32.525,-93.4118
Mooringsport,189.7,32.6824,-93.9605
Murdo,388.4,43.8893,-100.7142
Wausaukee,177.6,45.378,-87.9553
East Randolph,220.4,42.1693,-78.952
Nocona Hills,47.0,33.8524,-97.6435
Corwin,162.3,39.5254,-84.0699
Evans Mills,298.8,44.087,-75.8078
Stetsonville,610.9,45.0772,-90.3143
Graford,339.7,32.9374,-98.2474
Deal,206.1,40.2497,-73.9976
Carbonado,585.2,47.0806,-122.0536
Parkdale,157.4,44.272,-86.2805
New Jerusalem,134.1,40.4454,-75.753
Mountainburg,165.3,35.636,-94.1681
Hawk Point,586.0,38.9715,-91.1318
Mendocino,107.8,39.311,-123.7908
Estherwood,130.5,30.1816,-92.4633
Crescent Valley,109.1,40.4198,-116.5753
Coffeen,209.3,39.0883,-89.3898
Mertztown,231.3,40.5033,-75.6674
Cliffside,104.5,35.248,-81.7653
Lakota,243.1,48.0429,-98.3468
Shoshoni,55.7,43.2381,-108.1068
Vermont,193.0,40.2957,-90.429
Buckland,339.8,65.9784,-161.1341
Fontanelle,283.5,41.2901,-94.5602
Akiachak,34.6,60.921,-161.4021
Taconic Shores,292.0,42.1193,-73.5531
Dustin Acres,66.0,35.2159,-119.375
Casper Mountain,6.8,42.7416,-106.3082
Matheny,566.2,36.1707,-119.3516
Rosalia,386.0,47.2363,-117.3764
Benham,276.4,36.9652,-82.9544
Round Hill,587.6,39.1319,-77.7681
Thayne,141.9,42.9194,-110.9968
Canal Lewisville,580.4,40.299,-81.8402
Faulkton,239.0,45.0342,-99.1266
Bucklin,420.8,37.5488,-99.6343
Shickshinny,508.1,41.1535,-76.1501
Stoutsville,209.1,39.6049,-82.8235
Nesco,91.5,39.638,-74.6954
Valier,279.3,48.3056,-112.2522
Betances,1216.3,18.0296,-67.1335
Bay View,93.1,48.487,-122.4628
Escalante,73.1,37.765,-111.6001
Dakota,541.7,42.388,-89.5265
Neshanic,67.6,40.5043,-74.7175
Rio Lucio,229.5,36.1922,-105.72
East View,237.2,39.2691,-80.3051
Concorde Hills,368.6,39.2109,-84.3572
Montfort,431.6,42.9697,-90.4331
East Pleasant View,837.3,39.7278,-105.1572
Roxie,137.1,31.5077,-91.0711
Seaboard,250.2,36.4907,-77.442
Melba,526.9,43.3726,-116.5322
Everton,257.3,39.5628,-85.0897
High Falls,142.6,41.8255,-74.1201
West Decatur,172.1,40.929,-78.2827
Polonia,72.1,44.5756,-89.4118
Emlenton,413.5,41.1806,-79.7073
Elk Horn,328.0,41.5931,-95.0612
Donovan Estates,1669.5,32.7094,-114.6781
Poplar Hills,1427.5,38.178,-85.6931
Oregon Shores,217.9,42.5376,-121.9216
Richburg,267.2,42.0887,-78.1565
Hatley,175.8,33.9773,-88.4184
Forman,308.3,46.104,-97.6369
Karlstad,159.7,48.578,-96.5169
Fish Springs,26.1,38.9536,-119.6511
North Fairfield,520.0,41.1045,-82.6137
Minnesota Lake,148.0,43.8409,-93.8279
La Prairie,145.1,47.2302,-93.4912
Hermansville,188.3,45.7093,-87.6079
Condon,294.3,45.2366,-120.186
Moca,1576.2,18.3943,-67.1138
Eagle Bend,177.3,46.1643,-95.0341
Lecompte,225.1,31.0881,-92.4
Lizton,327.0,39.8837,-86.5416
Lott,237.0,31.206,-97.0334
Danforth,500.0,40.822,-87.9778
Bruno,184.6,37.688,-81.8737
West Warren,188.6,42.2168,-72.2366
Cedar Vale,316.5,37.1061,-96.5018
Strawn,306.5,32.551,-98.4979
Rolfe,226.5,42.8129,-94.5313
Belfield,142.4,46.886,-103.1952
Olivia Lopez De Gutierrez,444.4,26.3276,-98.7167
Millstone,89.6,37.1638,-82.7495
Reddell,62.6,30.6688,-92.4268
Reddick,189.1,29.3687,-82.1976
Spring Church,128.0,40.6062,-79.4889
Deemston,24.8,40.0273,-80.0334
Oriskany Falls,469.8,42.938,-75.4636
Tuntutuliak,2.1,60.3843,-162.6838
Island,400.1,37.4432,-87.1473
Fort Jones,394.9,41.6086,-122.8409
Glen St. Mary,519.5,30.2752,-82.1604
Goldfield,202.3,42.7356,-93.9179
Park Crest,303.4,40.8192,-76.0614
Iberia,270.0,38.0887,-92.2961
Minto,165.5,48.2924,-97.373
Kaneville,387.9,41.8332,-88.5216
Haileyville,229.7,34.8542,-95.5784
Convent,61.1,30.0132,-90.8232
Prinsburg,234.8,44.9349,-95.187
Thurston,587.1,39.8451,-82.5532
Port Gamble Tribal Community,56.1,47.8488,-122.5571
Kirtland Hills,42.6,41.6362,-81.3192
Keyesport,329.0,38.746,-89.2737
Mohall,214.9,48.7661,-101.5169
Dish,149.9,33.133,-97.3012
Dinosaur,255.0,40.2399,-109.0066
Caliente,4.5,37.6458,-114.4929
Ireton,232.0,42.9749,-96.3216
Glenaire,1017.0,39.2197,-94.4515
Sinclairville,145.8,42.2653,-79.259
Parkway Village,2700.4,38.2113,-85.7381
Peñasco,194.6,36.1703,-105.6908
East Freedom,478.2,40.3552,-78.4305
Rolling Fields,749.6,38.2689,-85.6708
Onley,295.5,37.6915,-75.718
Knightsville,227.6,39.5253,-87.0891
Darden,28.2,35.6384,-88.2261
West City,147.0,37.9962,-88.947
Paa-Ko,40.7,35.1998,-106.3337
Sycamore Hills,1536.9,38.7013,-90.349
Gates,335.2,35.8406,-89.4081
Swea City,308.2,43.3834,-94.3104
Wainwright,22.9,70.638,-159.9713
St. Libory,243.5,38.3634,-89.7135
Lopatcong Overlook,634.6,40.6971,-75.1452
Distant,130.8,40.9695,-79.3567
Chireno,125.9,31.4989,-94.3459
Slovan,401.7,40.3595,-80.385
San Marine,209.2,44.3533,-124.0904
Rocky Ripple,1566.7,39.8484,-86.1731
Potter Valley,58.6,39.319,-123.1122
Gustavus,6.5,58.4275,-135.7492
Beersheba Springs,49.1,35.459,-85.6689
White Cliffs,549.4,35.5491,-108.6644
Sedillo,85.8,35.0906,-106.2869
Cankton,115.5,30.3455,-92.113
Scotts Corners,132.8,41.1889,-73.5561
Cisne,373.6,38.5141,-88.4371
Lynnview,1361.8,38.1791,-85.7112
Big Stone City,196.3,45.2985,-96.4657
Rossiter,124.7,40.899,-78.9355
Remy,18.3,35.4578,-94.4984
Wallowa,384.9,45.5704,-117.5286
Silo,451.3,34.0356,-96.4744
Coyle,293.5,35.9568,-97.2396
Mount Jewett,97.6,41.7246,-78.6443
Hailesboro,49.9,44.3097,-75.4356
West Baden Springs,211.4,38.5676,-86.612
North Walpole,338.2,43.1467,-72.4458
Gilberton,165.4,40.7961,-76.2235
Rote,208.9,41.0781,-77.4114
Tampico,595.0,41.6309,-89.7849
Skyland Estates,97.9,38.9329,-78.085
Corn,345.7,35.379,-98.7818
Morley,261.4,43.4908,-85.4456
Bluffview,283.3,43.3641,-89.773
Farina,160.6,38.8302,-88.7796
Stannards,83.6,42.0741,-77.9123
Wittmann,242.5,33.7749,-112.525
Pathfork,188.3,36.7594,-83.4711
Wilmar,152.2,33.6264,-91.9294
Leakey,413.7,29.7254,-99.7631
Ansley,365.9,41.2863,-99.3825
Fox River,1.9,59.8722,-150.9984
Menlo,298.3,34.4835,-85.4776
Piltzville,312.5,46.8582,-113.8591
Mckinney Acres,141.9,32.2963,-102.5298
Curlew Lake,53.7,48.7311,-118.6663
Garber,460.5,36.4367,-97.581
Micanopy,225.0,29.506,-82.2806
Atlasburg,345.8,40.3436,-80.3803
Mandaree,20.9,47.7358,-102.6756
St. Meinrad,138.6,38.1692,-86.8257
Arbon Valley,6.9,42.8847,-112.5942
Olpe,331.0,38.2569,-96.1726
Casco,349.7,44.5558,-87.6197
Pardeesville,367.3,41.0006,-75.968
Weaubleau,269.2,37.8915,-93.5404
Howells,403.2,41.7241,-97.0043
Kasota,187.1,44.2916,-93.969
Quogue,55.8,40.8215,-72.5987
Delaware Water Gap,120.4,40.975,-75.1392
North Salem,724.8,39.86,-86.6437
Mount Victory,275.3,40.5338,-83.5211
Glennallen,2.0,62.1278,-145.7693
Peninsula,52.7,41.2379,-81.5518
Morganza,192.5,30.7384,-91.592
Chamberino,75.9,32.0364,-106.6776
South Cairo,100.4,42.2684,-73.9558
Arden,701.9,39.8114,-75.4886
Hustonville,314.0,37.4784,-84.8151
Stillmore,74.9,32.441,-82.2145
Union Valley,87.4,32.9351,-96.2441
Finger,147.5,35.357,-88.6169
Gassaway,200.5,38.6702,-80.7717
Leonardville,471.2,39.3642,-96.8596
Kincora,432.0,39.0383,-77.4357
Richmond Dale,463.3,39.2042,-82.8121
Bandera,203.0,29.7255,-99.0741
Ozawkie,482.5,39.2354,-95.4659
Norfork,103.9,36.2099,-92.2803
Mineral,260.4,38.0068,-77.9061
Cerrillos Hoyos,489.7,18.0656,-66.5687
Zavalla,110.6,31.1584,-94.418
White Swan,86.6,46.377,-120.7382
Kake,30.1,56.9729,-133.9148
Minor Hill,124.1,35.0424,-87.1654
Secretary,480.2,38.6081,-75.947
Barnhill,289.7,40.4497,-81.3679
Ai,305.4,41.6272,-83.9384
Fleming,471.9,40.6821,-102.8396
Gobles,223.5,42.3617,-85.8774
Lower Lake,86.6,38.9118,-122.6084
Wilkerson,40.3,37.2794,-118.3877
Loa,242.7,38.4037,-111.6454
Beverly Shores,64.3,41.685,-86.9804
Flagler,161.6,39.2948,-103.0758
Robinette,76.8,37.7856,-81.7879
Stony Ridge,135.3,41.5075,-83.5093
Sedley,68.1,36.7753,-76.9862
Our Town,19.4,32.8304,-85.9687
Seven Valleys,211.3,39.8545,-76.7667
Ursa,333.5,40.0742,-91.3723
Courtdale,225.1,41.2849,-75.9143
Wall,87.3,43.9914,-102.2422
Dividing Creek,187.9,39.2709,-75.1007
Brazos Country,117.6,29.7541,-96.0416
Coolville,234.3,39.2191,-81.7989
Tallula,432.4,39.9457,-89.9365
Perdido Beach,193.9,30.3554,-87.5036
Napakiak,121.8,60.6923,-161.9822
Kuttawa,104.8,37.0593,-88.115
Cuartelez,167.7,35.9929,-106.0196
Bedford Park,38.6,41.7669,-87.7915
Green Ridge,534.5,38.6211,-93.4101
Sunfish Lake,153.0,44.8722,-93.0943
Paul Smiths,342.9,44.4341,-74.2533
La Jara,561.4,37.2735,-105.9597
War,257.0,37.304,-81.6802
Lake Buckhorn,130.3,40.4744,-81.9082
Confluence,142.8,39.8095,-79.3552
Cheneyville,224.9,31.011,-92.29
Whitsett,88.5,36.0784,-79.5721
Soldiers Grove,62.7,43.3922,-90.7735
Laddonia,324.2,39.243,-91.6431
Grindstone,173.9,40.0219,-79.8231
St. Elizabeth,219.6,38.256,-92.2665
Guy,32.0,35.3273,-92.3367
Heron Lake,183.7,43.7981,-95.3197
Pollock,29.1,31.4985,-92.4432
Spring Gardens,227.8,27.7615,-97.7419
Rouzerville,346.3,39.7341,-77.528
Rollingstone,523.2,44.0993,-91.8187
Lanare,112.8,36.4377,-119.9322
Washington Grove,985.1,39.1407,-77.1746
Bairoa La Veinticinco,524.7,18.2636,-66.0213
Campanillas,825.8,18.4387,-66.2159
Mountain Pine,136.9,34.5693,-93.1726
Mulga,256.1,33.5521,-86.973
Pettus,39.0,28.6156,-97.8121
Refton,189.6,39.9474,-76.2386
Murray Hill,1886.4,38.2905,-85.5872
Point Place,233.3,31.6882,-93.0245
Halstad,320.9,47.351,-96.8258
Wiley Ford,78.8,39.6151,-78.7615
Martensdale,354.0,41.3737,-93.7388
Rose City,210.8,44.4209,-84.116
Canute,359.7,35.4219,-99.2781
Dante,32.2,36.9792,-82.296
Marble,51.9,47.328,-93.294
Beech Bottom,195.4,40.2181,-80.6588
Upper Witter Gulch,249.3,39.661,-105.4268
Lytle Creek,37.7,34.2499,-117.5044
Hopkins Park,53.9,41.069,-87.606
Artemus,167.9,36.8351,-83.8413
Holiday Pocono,96.6,41.0292,-75.6092
Wausa,432.2,42.4978,-97.5393
Arroyo Colorado Estates,210.1,26.1864,-97.6114
Wainscott,33.6,40.9592,-72.2508
South Range,789.8,47.0703,-88.644
Quantico,1753.1,38.5224,-77.2902
Lowry City,220.9,38.1401,-93.7275
Tumalo,132.8,44.1561,-121.328
Mountain Mesa,261.3,35.6411,-118.4047
Moravia,192.7,40.8918,-92.8187
El Rancho Vela,383.6,26.4038,-98.7691
Wagon Mound,224.0,36.0048,-104.7091
Suttons Bay,176.4,44.98,-85.6506
Pownal,442.1,42.7653,-73.2355
St. Edward,343.6,41.5716,-97.8612
Roper,264.2,35.8786,-76.617
Everly,216.2,43.1619,-95.3195
Drakesboro,409.9,37.2177,-87.0492
Hopkinton,352.4,42.3428,-91.249
Juliaetta,324.2,46.574,-116.7096
Yarnell,25.5,34.2282,-112.7631
Bluffs,253.5,39.7494,-90.5352
Trufant,236.4,43.3172,-85.3528
Stockport,418.1,39.5489,-81.7944
Velma,166.9,34.4546,-97.662
St. Bernice,176.9,39.712,-87.52
Alda,402.3,40.8666,-98.468
Colesburg,354.1,42.6388,-91.2011
Macksville,226.3,37.9572,-98.9689
Laurelville,810.5,39.472,-82.7374
Zearing,301.2,42.1589,-93.2972
Gwynn,96.2,37.4984,-76.2883
Mineral City,320.8,40.6018,-81.361
Bow,193.2,48.5613,-122.4077
Cement City,253.0,42.0682,-84.3282
Trout Valley,527.4,42.1978,-88.2538
Gargatha,76.2,37.7905,-75.582
Woodland Mills,177.2,36.4766,-89.1104
Alma Center,224.6,44.437,-90.9128
Cove City,353.0,35.189,-77.3206
Fort Yukon,33.5,66.5806,-145.2415
Lewis,61.8,39.26,-87.2575
Bucksport,53.5,33.6706,-79.1102
Pembina,279.0,48.9669,-97.2475
Chaplin,162.8,37.8996,-85.2196
Stotonic Village,44.1,33.1528,-111.8167
Kingfield,61.9,44.9582,-70.1592
Ohio,352.2,41.556,-89.4599
Brooten,141.6,45.5001,-95.1157
Plum City,215.7,44.6338,-92.1918
Max Meadows,49.0,36.9798,-80.9678
Bergman,172.2,36.3128,-93.0115
Lemont Furnace,218.5,39.9103,-79.6628
Juniata Terrace,975.5,40.5855,-77.5782
Otis,543.8,40.1501,-102.9622
West Nanticoke,380.1,41.2203,-76.0095
Port Vincent,131.7,30.3385,-90.8424
Ellsinore,443.6,36.9328,-90.7477
Ty Ty,284.8,31.472,-83.6509
Gas,311.7,37.923,-95.3454
Mount Aetna,158.8,39.5989,-77.6127
Green Spring,741.5,38.3163,-85.6137
New Germany,224.8,44.8861,-93.973
Manzanita,273.1,45.7165,-123.9352
Garcon Point,118.3,30.4758,-87.09
Nicut,13.8,35.5986,-94.5626
Happy Camp,18.5,41.8104,-123.3892
Volcano,8.4,19.4864,-155.2774
Star Prairie,104.3,45.1975,-92.5321
Bird City,98.6,39.7495,-101.5328
Darbydale,224.5,39.8545,-83.1795
Shippenville,576.4,41.251,-79.4626
Starbrick,188.7,41.8419,-79.2133
Tekonsha,225.2,42.0964,-84.9903
Harts,24.3,38.0343,-82.129
Ansonville,151.7,35.1041,-80.1097
Altheimer,108.9,34.3241,-91.8481
Killington Village,37.6,43.6505,-72.7851
Damiansville,271.6,38.5088,-89.6151
Fair Play,33.0,34.5077,-82.9862
Fort Towson,39.7,34.0243,-95.2973
Ash Fork,96.7,35.2171,-112.4913
Parker'S Crossroads,58.9,35.7894,-88.3905
Grand River,380.1,41.7418,-81.2846
Monaville,488.0,37.8136,-81.9915
Bull Creek,836.1,36.7151,-93.202
Littlefork,187.2,48.3964,-93.5578
Gays Mills,45.5,43.322,-90.8489
Quonochontaug,165.8,41.3447,-71.7059
Chadwick,632.2,42.0142,-89.8885
Chattaroy,109.2,37.7062,-82.2737
North Towanda,291.6,41.7884,-76.454
Simla,341.4,39.1408,-104.0824
Whittemore,547.5,43.0635,-94.4253
Verdigre,406.2,42.5974,-98.0353
Modoc,55.8,33.7192,-82.2174
Dongola,204.3,37.3599,-89.1654
Risingsun,390.4,41.2671,-83.4268
College City,75.7,39.0061,-122.0051
Lewis Run,121.4,41.87,-78.6588
Loysville,224.2,40.3656,-77.3444
Iron Horse,28.7,39.7805,-120.4824
Pabellones,825.8,18.4412,-66.2156
Dulac,13.9,29.3864,-90.7081
Newton Grove,71.9,35.2522,-78.3552
Onyx,19.4,35.6839,-118.2102
Zephyr Cove,104.4,39.0082,-119.9307
Argonia,317.0,37.2679,-97.7629
Waterproof,317.4,31.8073,-91.3861
Appleby,102.8,31.717,-94.6078
Lyons Switch,17.4,35.7744,-94.7053
Penney Farms,151.6,29.9807,-81.8108
Alex,33.3,34.9228,-97.7763
Betsy Layne,122.3,37.5541,-82.6263
Parkers Settlement,126.3,38.044,-87.7147
Shenandoah Retreat,146.9,39.1373,-77.8637
North Light Plant,102.3,36.867,-108.033
Hendricks,227.7,44.5084,-96.427
Little Hocking,532.2,39.2608,-81.702
Benoit,226.7,33.6517,-91.0087
Oldtown,268.7,48.1841,-117.0204
Earlsboro,23.8,35.3282,-96.8016
Elephant Head,30.5,31.7659,-110.9921
West Chazy,117.6,44.8178,-73.5116
West Alexander,180.6,40.107,-80.5092
Ravenwood,570.4,40.3523,-94.6723
Haena,151.8,22.2186,-159.561
Aniak,36.0,61.5817,-159.5451
New Tripoli,240.5,40.6773,-75.7498
Lynd,190.2,44.3974,-95.8811
Jeromesville,723.5,40.8039,-82.1963
Stewart,272.2,44.7236,-94.4869
Mermentau,103.2,30.1874,-92.584
Hytop,63.5,34.8965,-86.088
Cathlamet,434.2,46.2056,-123.3835
Mckenney,236.8,36.9853,-77.7219
Candlewood Isle,561.1,41.4777,-73.4523
Strabane,898.1,40.2509,-80.1978
Bluford,138.5,38.3257,-88.735
Hurtsboro,212.4,32.2401,-85.4147
Merrillan,173.1,44.4488,-90.834
Oak Level,36.1,36.7944,-79.9391
Hydetown,97.8,41.6516,-79.7241
Argusville,54.8,47.0501,-96.9431
Rudd,201.6,43.1262,-92.9047
Altamahaw,161.6,36.1868,-79.5051
Kanopolis,185.8,38.7081,-98.1581
Alberton,400.0,47.0037,-114.4817
Hillsboro Pines,2257.8,26.3253,-80.1947
Altha,163.7,30.5721,-85.1263
Mclaughlin,541.6,45.8132,-100.8108
Low Mountain,5.9,35.9481,-110.0981
Deer Creek,408.6,40.6293,-89.3313
Lake Bungee,586.7,41.9542,-72.0652
Letha,483.7,43.8934,-116.6452
Elfin Forest,107.9,33.0812,-117.1775
Oretta,99.2,30.5289,-93.4391
Jane Lew,258.5,39.11,-80.4085
High Shoals,83.8,35.3957,-81.2048
Custer City,358.5,35.6638,-98.8869
West Wildwood,758.2,39.0006,-74.8233
Beverly Beach,278.2,29.5166,-81.1476
Rushsylvania,278.0,40.4613,-83.6711
Goodyear Village,65.0,33.1973,-111.8724
Silkworth,64.8,41.2699,-76.0748
Leary,171.5,33.469,-94.219
Vanderbilt,114.3,28.8208,-96.6097
Paragon,729.2,39.395,-86.5628
Brasher Falls,132.6,44.8096,-74.7789
Three Bridges,414.6,40.5205,-74.8002
Rodríguez Hevia,373.1,18.202,-66.1824
El Nido,66.2,37.1324,-120.4985
Hammondsport,395.8,42.4082,-77.2234
Canovanillas,321.1,18.3345,-65.9039
West College Corner,677.7,39.5694,-84.819
Vera,274.4,36.4552,-95.9042
Napaskiak,76.3,60.7018,-161.7616
Tripp,366.5,43.2254,-97.9659
Boggstown,86.8,39.5631,-85.9164
Irwinton,69.1,32.8107,-83.1737
Sandy Hollow-Escondidas,27.7,27.9452,-97.8061
Blaine Hill,417.8,40.2737,-79.875
Potwin,532.8,37.9385,-97.0184
Tamaroa,226.6,38.1364,-89.2293
Wampsville,211.9,43.0772,-75.7097
Conetoe,180.5,35.8176,-77.4571
St. Leonard,95.0,38.4658,-76.4972
San Geronimo,143.8,38.0067,-122.6633
Marcola,178.2,44.1751,-122.8582
Corder,214.4,39.0992,-93.639
Weedville,111.0,41.2764,-78.4903
Carlock,547.2,40.5835,-89.1288
Cowen,343.6,38.411,-80.5542
Cobbtown,323.3,32.2806,-82.1387
Green City,151.1,40.2639,-92.9563
Garden Prairie,339.1,42.2534,-88.7178
Proctorville,819.4,38.4375,-82.3818
Red Level,112.5,31.4055,-86.6084
Waubeka,88.3,43.4708,-87.9926
Brownville Junction,336.4,45.3488,-69.0555
Evant,354.1,31.4761,-98.1501
Kress,387.8,34.3658,-101.7484
Glorieta,28.2,35.584,-105.7629
Hickory Grove,127.4,34.9785,-81.418
Babbie,18.8,31.3022,-86.3229
Au Sable Forks,87.1,44.4507,-73.6738
South Wilmington,438.0,41.1745,-88.2795
Skokomish,32.3,47.3298,-123.1573
Pilot Station,134.2,61.9422,-162.8828
Piney Grove,78.6,32.6218,-85.0368
Lake Seneca,151.7,41.6695,-84.6516
Redbird Smith,17.9,35.5635,-95.0252
Anmoore,203.9,39.2611,-80.2862
Bay Port,64.4,43.8375,-83.374
Strathmoor Village,2350.0,38.2208,-85.6778
Dix,103.7,38.443,-88.9423
Kurten,47.2,30.7895,-96.2758
Lee Vining,41.3,37.9546,-119.1221
Gibbsville,252.0,43.6521,-87.8318
South Heart,159.3,46.8691,-102.9927
Idaho City,322.3,43.8281,-115.8307
Gordonville,226.1,40.0211,-76.1366
Hecker,545.2,38.3054,-89.9934
Lake Mystic,47.3,30.3906,-84.9857
Ephesus,58.0,33.4069,-85.2568
Calpella,84.1,39.2323,-123.197
Fleming-Neon,132.7,37.1953,-82.7048
Rowe,35.1,35.4922,-105.6715
Wilkeson,459.6,47.1033,-122.0494
Milano,117.3,30.7083,-96.8593
Thompsontown,550.6,40.5658,-77.2361
Jacksons' Gap,25.1,32.8831,-85.8151
Saguache,542.5,38.0865,-106.141
Grayhawk,49.1,37.931,-90.239
Bell City,388.7,37.0237,-89.8196
Garwin,212.3,42.0935,-92.6791
Wyndmere,248.2,46.2641,-97.1312
Caspian,149.7,46.0653,-88.6266
Orchid,172.8,27.7733,-80.4181
Riverlea,1510.0,40.0804,-83.025
Pretty Prairie,370.7,37.78,-98.0224
Rocky Mountain,14.0,35.796,-94.7718
Alapaha,207.5,31.3832,-83.2237
Savageville,198.9,37.6825,-75.7592
Chandlerville,268.3,40.047,-90.1512
Port Matilda,355.2,40.8002,-78.0524
Grand Tower,170.4,37.6343,-89.5013
North Troy,113.3,44.9963,-72.4038
South Seaville,89.2,39.1825,-74.7575
Big Thicket Lake Estates,90.9,30.4874,-94.7679
Kirkersville,118.3,39.95,-82.5985
Makanda,40.2,37.621,-89.2357
New Auburn,62.1,45.1988,-91.5666
North Rose,125.6,43.1872,-76.8863
Olney Springs,295.0,38.1663,-103.9445
Kanosh,275.2,38.8014,-112.4374
Rhine,67.8,31.9891,-83.2
La Paz Valley,7.2,33.5582,-114.2434
Kenvir,198.0,36.8532,-83.1539
Mcdowell,85.6,37.459,-82.734
Brownsboro Farm,1186.8,38.304,-85.5946
Hewlett Neck,309.7,40.6246,-73.6981
Herreid,147.8,45.8378,-100.0748
Lattimore,206.8,35.3153,-81.6602
Bowersville,94.7,34.373,-83.0838
Porcupine,22.1,43.2687,-102.3353
Dillwyn,328.9,37.5411,-78.4613
Cheriton,194.4,37.2919,-75.9678
Deep Run,74.6,35.1415,-77.7162
Potters Hill,39.5,34.9645,-77.6983
Golf,471.9,42.0586,-87.785
Lewisberry,653.5,40.1356,-76.861
Millry,28.2,31.6256,-88.319
Laona,108.6,45.5597,-88.6697
Burden,409.3,37.3151,-96.7554
Hartford Village,180.9,43.6638,-72.3364
Greens Landing,78.8,41.9312,-76.5403
Cygnet,440.6,41.2407,-83.6437
Cowden,525.5,39.2493,-88.8593
Laurys Station,129.1,40.7232,-75.5366
Fithian,361.5,40.1143,-87.875
Kewanna,384.8,41.0194,-86.4125
Conneaut Lake,369.5,41.6027,-80.3093
Brushton,537.1,44.8308,-74.5117
West Pocomoke,22.4,38.0956,-75.5842
Parkerfield,230.6,37.0679,-96.9957
Pleasant City,381.4,39.9033,-81.5438
Robin Glen-Indiantown,75.0,43.4618,-83.8408
Bethel Village,309.9,39.152,-85.9247
Foot Of Ten,363.9,40.4181,-78.4615
Jerry City,208.7,41.2537,-83.6023
Reno Beach,169.6,41.6607,-83.2659
Dows,273.1,42.6592,-93.5012
Balaton,144.8,44.2331,-95.8707
Arnett,406.9,36.1345,-99.7727
Allison Gap,79.9,36.8998,-81.7869
Pope,144.9,34.2158,-89.9447
Kiester,490.4,43.5365,-93.7111
North Carrollton,306.1,33.5187,-89.9193
Mad River,6.0,40.4325,-123.492
Circle,268.9,47.4177,-105.587
Sabula,420.0,42.0666,-90.1765
Shoal Creek Drive,446.6,37.037,-94.5228
Gurley,57.0,34.7072,-86.3768
White Earth,61.4,47.0978,-95.8445
New Cuyama,331.0,34.943,-119.6819
Lake Almanor Country Club,76.3,40.2578,-121.147
Cragsmoor,48.0,41.6655,-74.3912
Plum Valley,112.1,41.4611,-87.5442
Goessel,391.5,38.2473,-97.3454
Mulliken,200.2,42.763,-84.8963
Caneyville,126.7,37.4241,-86.4906
Montcalm,76.4,37.3516,-81.2513
Gallaway,35.9,35.3272,-89.608
Ranier,195.2,48.6065,-93.353
Taconite,7.5,47.3315,-93.3758
La Paloma-Lost Creek,24.8,27.7195,-97.7392
Medicine Lake,1312.6,44.9999,-93.4199
Shorehaven,152.1,41.5555,-73.6631
Cullom,470.3,40.8784,-88.2699
Klemme,417.0,43.0097,-93.6013
Fisk,281.9,36.7826,-90.2077
Standing Pine,59.6,32.6749,-89.4529
Red Jacket,39.5,37.6488,-82.1316
Riegelwood,67.6,34.3444,-78.2198
Whigham,177.3,30.8845,-84.3247
Grassflat,143.0,41.0031,-78.1112
Lake Preston,274.1,44.3617,-97.376
Equality,237.2,37.7371,-88.3422
Crucible,180.6,39.9479,-79.9657
Pesotum,365.1,39.913,-88.2744
Mellen,110.3,46.324,-90.6605
Crown City,178.9,38.5901,-82.2912
La Vina,364.7,36.8798,-120.1149
Sierra Brooks,151.6,39.6426,-120.2155
Cadwell,165.7,32.3396,-83.042
Bland,322.0,38.3004,-91.6331
The University Of Virginia'S College At Wise,482.8,36.9734,-82.5573
Deweyville,18.6,30.3032,-93.759
Eldred,237.3,41.9563,-78.3817
Ballico,68.7,37.4519,-120.7037
New Underwood,143.1,44.0987,-102.8405
Interlochen,167.4,44.6497,-85.7678
Tropic,26.2,37.6294,-112.0913
West Logan,1204.1,39.538,-82.4286
Sutersville,595.9,40.2361,-79.8017
Nezperce,314.3,46.2341,-116.2405
Haysi,56.7,37.2151,-82.2931
Mulford,310.2,39.4063,-107.1661
Underhill Flats,277.3,44.5232,-72.9463
Rest Haven,303.0,41.2577,-88.1311
Clarkedale,18.1,35.2971,-90.2103
Llewellyn Park,290.0,40.7895,-74.2415
Hamler,250.6,41.2281,-84.0355
Bonneau,68.4,33.3081,-79.9573
Butterfield,446.6,36.7468,-93.9043
Noxapater,205.4,32.9936,-89.0636
Carolina Meadows,524.7,35.8597,-79.0179
Etna Green,412.3,41.2756,-86.0459
Vallecito,61.6,38.0836,-120.4652
Lyerly,274.9,34.4035,-85.4041
Wiscon,245.4,28.5409,-82.4664
Hale,376.1,39.6051,-93.3433
Candlewood Shores,1243.1,41.4811,-73.4379
Cuyahoga Heights,67.2,41.435,-81.6562
Truro,209.2,41.2098,-93.8467
Pueblitos,97.0,34.6109,-106.7818
Lake Milton,138.5,41.096,-80.9812
Lake Mcmurray,149.0,48.3178,-122.232
Smiley,394.9,29.2713,-97.6376
Sheatown,400.8,41.1938,-76.0188
Hartman,130.3,35.4353,-93.6235
Maceo,138.4,37.8624,-86.9914
Goose Creek Lake,52.0,37.9828,-90.3408
Ullin,73.2,37.2776,-89.1752
Tamms,88.1,37.2416,-89.2713
Waite Hill,49.1,41.6125,-81.3859
Holly Grove,204.5,34.6003,-91.1962
Timbercreek Canyon,107.7,35.0539,-101.8186
Staley,177.2,35.7979,-79.5518
Laketon,194.9,40.9805,-85.8395
Tall Timbers,151.8,38.1653,-76.5366
Altona,121.8,40.1254,-105.2924
Graeagle,18.6,39.7572,-120.6486
Rangeley,79.1,44.9643,-70.6467
Lower Berkshire Valley,203.6,40.9132,-74.6104
Lane,51.9,33.5251,-79.8797
Coleridge,406.5,42.5065,-97.2029
Mount Crawford,406.6,38.3601,-78.9413
Eutawville,212.9,33.3978,-80.343
Brownton,509.7,44.7326,-94.3508
Chefornak,39.1,60.155,-164.255
North Granville,196.6,43.4515,-73.3581
Ailey,94.8,32.1882,-82.5698
Seventh Mountain,105.8,44.005,-121.3825
Minnesott Beach,58.8,34.9858,-76.8239
Cosmos,209.3,44.9354,-94.6949
Keezletown,247.7,38.4115,-78.8004
Epps,211.5,32.6038,-91.4814
Cecil,114.0,44.8108,-88.4485
Nuiqsut,23.7,70.2135,-150.9897
River Bluff,747.4,38.372,-85.604
East Pecos,56.8,35.5765,-105.65
Pinesburg,278.9,39.6269,-77.856
West Milford,381.5,39.2045,-80.4034
Fruithurst,203.8,33.7295,-85.4313
Platte Woods,522.3,39.2289,-94.6521
North Santee,22.4,33.5368,-80.4182
Port Deposit,87.7,39.6111,-76.098
Seven Mile Ford,160.5,36.8139,-81.6309
Paukaa,309.9,19.7625,-155.0931
Teachey,193.4,34.7705,-78.0066
Moorland,1521.5,38.2728,-85.58
Summerhill,405.4,40.3764,-78.7617
O'Brien,39.0,42.0702,-123.7077
Morven,118.0,30.9434,-83.5003
Bigelow,217.1,34.9975,-92.6315
Nenana,34.0,64.5384,-149.0856
Mantee,44.7,33.7226,-89.0597
Emlyn,285.2,36.7023,-84.1418
Texline,200.3,36.3765,-103.0189
Hermanville,65.8,31.957,-90.8405
Las Gaviotas,4811.8,18.4368,-66.1907
Ruth,478.6,35.3824,-81.9448
Michie,36.1,35.0604,-88.4257
Sturgeon Lake,53.9,46.3863,-92.8242
West Valley,132.6,42.4037,-78.6115
Cane Beds,24.5,36.9342,-112.9118
Buffalo Springs,134.3,33.5327,-101.7077
Peck,194.8,43.2588,-82.8167
Riverwood,548.1,38.2829,-85.6612
Key Colony Beach,460.7,24.7233,-81.0216
Belt,573.6,47.3873,-110.9276
Cape Royale,102.9,30.6531,-95.1265
Churchtown,107.3,40.135,-75.9593
Annetta North,53.6,32.7193,-97.6722
O'Donnell,235.2,32.9652,-101.8309
Town Of Pines,89.7,41.6882,-86.9518
Stephen,256.9,48.4524,-96.8763
Ranburne,127.6,33.5259,-85.339
K-Bar Ranch,60.1,27.9928,-97.9267
Fairview Crossroads,35.4,33.7577,-81.3621
Lake,39.9,32.3359,-89.3158
Lakehead,43.0,40.9007,-122.3924
Round Valley,14.4,37.407,-118.5817
Mowrystown,418.0,39.0406,-83.7518
Sacred Heart,203.1,44.7817,-95.3507
Withee,246.3,44.9508,-90.5989
Mark,189.3,41.2623,-89.2551
Coopers Plains,244.5,42.1793,-77.1375
Marysvale,11.2,38.4384,-112.2544
Butlertown,246.3,39.2817,-76.0995
Noonday,96.6,32.2441,-95.3972
Eckhart Mines,132.2,39.6552,-78.8941
Cookstown,80.5,40.0446,-74.5547
Pittman Center,33.5,35.7595,-83.3886
Hawkeye,299.5,42.9378,-91.9504
Emery,163.9,38.9252,-111.2522
South Boardman,61.1,44.64,-85.2864
Gem Lake,192.5,45.058,-93.0405
Irene,244.0,43.0837,-97.1576
Matewan,363.9,37.6251,-82.1696
Warrens,136.3,44.1287,-90.5156
Cosby,36.4,35.7952,-83.2457
South La Paloma,181.0,27.8947,-97.9685
Kilmichael,68.3,33.4403,-89.5665
Millsap,136.8,32.7493,-98.0117
Glen Elder,460.8,39.5001,-98.3066
Winside,362.9,42.1773,-97.1751
Keithsburg,78.5,41.1004,-90.9353
Van Lear,49.4,37.7742,-82.7557
Kaleva,181.7,44.3723,-86.0135
Naturita,326.2,38.2183,-108.5665
Cantua Creek,52.9,36.5001,-120.3163
Big Water,33.5,37.0729,-111.6608
Pe Ell,339.4,46.5713,-123.2982
Spring Bay,291.3,40.8206,-89.5286
Saxtons River,426.8,43.139,-72.5102
Galien,487.9,41.8015,-86.4995
Hackneyville,22.4,33.0567,-85.9312
Kennard,473.2,39.9054,-85.5222
Cement,413.5,34.9363,-98.1362
Chippewa Park,455.2,40.516,-83.8875
Van Voorhis,54.9,40.1598,-79.9731
Naselle,88.2,46.365,-123.8013
South Dayton,199.2,42.3628,-79.051
Wurtsboro Hills,169.1,41.5966,-74.5052
Rockleigh,199.8,41.0026,-73.9327
Mount Carbon,831.2,38.1442,-81.289
Royal,346.0,43.0644,-95.2836
Chalmers,439.9,40.6624,-86.8679
Powellton,37.4,38.0941,-81.322
Winburne,103.7,40.9662,-78.145
Rices Landing,251.8,39.9476,-79.9986
Arley,51.5,34.0885,-87.2075
New Salisbury,101.1,38.3139,-86.1
Renningers,171.6,40.6497,-76.1485
Mount Charleston,6.8,36.2625,-115.6138
Firth,762.9,40.536,-96.6046
Hatfield,149.6,34.4861,-94.3792
Rosslyn Farms,359.4,40.4224,-80.0886
Malverne Park Oaks,2092.4,40.6816,-73.6645
Schulter,235.2,35.5113,-95.9566
Ravia,351.8,34.2411,-96.7564
Rowes Run,161.8,40.0089,-79.8176
South Vienna,306.0,39.9294,-83.6138
Murchison,126.3,32.2751,-95.756
Callery,371.3,40.7393,-80.0379
Highland Lake,122.1,33.8876,-86.4244
Mud Lake,320.9,43.8431,-112.4798
Juniata Gap,377.3,40.5518,-78.4332
Elaine,388.7,34.3087,-90.8533
Newdale,544.9,43.8864,-111.6038
Pangburn,364.9,35.4261,-91.8394
Vienna Center,207.8,41.2345,-80.6541
Wauneta,255.8,40.4164,-101.3766
Parkton,255.0,34.9028,-79.0113
Perdido,17.9,31.0034,-87.6323
Cassadaga,235.2,42.3427,-79.3181
North Woodstock,123.1,44.0364,-71.6968
Trapper Creek,0.0,62.3189,-150.3965
De Valls Bluff,181.7,34.7861,-91.4608
Lahoma,329.1,36.3874,-98.0908
Declo,440.8,42.5196,-113.6288
New Virginia,440.1,41.1818,-93.7311
Gould,127.7,33.9872,-91.5641
Fair Bluff,83.9,34.3126,-79.0333
Nisqually Indian Community,64.9,47.0164,-122.6725
So-Hi,226.2,35.2527,-114.1415
Lenzburg,171.5,38.286,-89.818
Atlantic Mine,179.7,47.1037,-88.6281
Sicily Island,344.9,31.8493,-91.6599
Ropesville,461.9,33.4133,-102.1552
Dorrington,48.7,38.3031,-120.2648
Fields Landing,325.4,40.7249,-124.2177
South Philipsburg,502.5,40.887,-78.2185
Evening Shade,14.9,35.6195,-94.9104
North La Junta,145.4,37.9986,-103.5227
Yelvington,260.4,37.8483,-86.9749
Cuyamungue,169.2,35.8648,-106.0096
Beech Bluff,44.9,35.6047,-88.6292
Mallow,298.6,37.7676,-79.9702
Pewamo,197.3,43.002,-84.8473
Loch Lynn Heights,438.0,39.3919,-79.3726
Dobbins,25.5,39.3657,-121.2128
Deary,300.1,46.8003,-116.5572
West Alton,6.8,38.8665,-90.2085
Toomsboro,106.0,32.8225,-83.0826
Bucoda,338.7,46.7968,-122.868
Groton Long Point,461.8,41.3144,-72.0087
Fall River Mills,74.5,41.0069,-121.4401
Tull,48.8,34.4409,-92.5779
Ipava,394.2,40.3526,-90.3235
New Melle,116.5,38.7181,-90.8833
Pennock,192.8,45.1459,-95.175
Calhan,216.5,39.0345,-104.2994
Union Star,314.2,39.9794,-94.5987
Greens Fork,198.0,39.8917,-85.0411
Craigmont,252.8,46.2422,-116.4728
Cousins Island,185.3,43.7631,-70.1409
Mecosta,176.8,43.621,-85.2304
Cadyville,181.0,44.6977,-73.6441
Cactus Forest,71.9,32.9578,-111.317
Barlow,356.2,37.0512,-89.0444
Cedar Valley,97.9,35.8694,-97.5272
Buffalo Gap,80.6,32.2834,-99.8341
Karnak,108.4,37.2942,-88.9758
Kauneonga Lake,170.9,41.6904,-74.8347
Coulee City,211.8,47.6122,-119.2895
North Tunica,345.3,34.7031,-90.3797
West Woodstock,233.8,43.6113,-72.5513
Turah,146.8,46.8397,-113.825
Grannis,24.7,34.2398,-94.322
Sautee-Nacoochee,54.4,34.6895,-83.686
Mole Lake,52.9,45.4859,-88.9823
Conejo,102.8,35.6287,-105.9423
Yakutat,1.9,59.567,-139.5966
Hilda,63.6,33.274,-81.2466
Scotch Meadows,454.1,34.689,-79.5179
Endeavor,309.1,43.7146,-89.4684
Humeston,312.3,40.8609,-93.4971
Mount Blanchard,382.1,40.8986,-83.5566
Deseret,63.5,39.2876,-112.6511
Napier Field,333.8,31.3147,-85.455
Balmorhea,380.1,30.984,-103.7438
Schenevus,189.6,42.5497,-74.827
Silas,37.4,31.7678,-88.3258
Millers Lake,129.2,43.18,-83.3257
Oacoma,74.3,43.8038,-99.3721
New Hampshire,319.5,40.554,-83.9531
Knapp,124.0,44.9514,-92.0769
Excel,118.2,31.4264,-87.3433
Hamilton Branch,179.3,40.2772,-121.0961
Dunlo,367.8,40.2935,-78.7175
Rothsay,226.8,46.4731,-96.2842
Meadow Bridge,384.1,37.8613,-80.8561
Bailey,277.2,35.7805,-78.113
Protection,209.9,37.2004,-99.4808
Heart Butte,42.6,48.2905,-112.8363
Outlook,280.9,46.3311,-120.0924
South Bethany,386.2,38.516,-75.0589
Star Harbor,415.8,32.1927,-96.0542
Sorento,243.5,39.0008,-89.5748
Pueblo Nuevo,333.8,27.4939,-99.3099
Sugar Mountain,79.0,36.1263,-81.8646
Gilt Edge,71.7,35.5336,-89.8303
Placedo,347.5,28.6922,-96.8259
Boulevard,49.6,32.664,-116.2896
Buchanan Lake Village,130.3,30.8565,-98.4378
Swink,653.7,38.0141,-103.6283
Cross Hill,60.9,34.3045,-81.9836
Shubuta,80.3,31.862,-88.7021
Reo,81.1,37.9014,-87.1094
Nazlini,26.0,35.9155,-109.4726
Patten,97.5,46.0043,-68.4427
Popponesset,222.0,41.5737,-70.4636
Gasburg,34.1,36.5588,-77.8722
Ruffin,42.5,36.4428,-79.5433
Bergholz,343.3,40.5208,-80.8851
Schall Circle,1329.4,26.7153,-80.1144
Taylor Corners,387.5,41.4464,-73.5288
South Mansfield,284.2,32.0181,-93.7237
Williamsfield,156.8,40.9264,-90.0181
Center Ossipee,193.7,43.7542,-71.1508
Higgins,173.7,36.121,-100.0274
Coyote Acres,37.6,27.7132,-98.1346
Lodge Grass,438.6,45.3142,-107.3677
Throckmorton,115.8,33.182,-99.1797
Briarcliffe Acres,303.1,33.7901,-78.749
Akins,14.2,35.5043,-94.67
Cawood,132.1,36.7878,-83.2284
Costilla,63.6,36.9786,-105.5353
Tuppers Plains,105.9,39.1726,-81.8466
Shaftsburg,192.3,42.8059,-84.295
Salesville,42.6,36.241,-92.2769
Point Comfort,146.2,28.6715,-96.5591
Hornbeak,183.0,36.3352,-89.2983
Tushka,254.1,34.3186,-96.1674
Big Run,278.1,40.9702,-78.8765
La Paz,495.7,41.4561,-86.3082
Wampum,195.3,40.8863,-80.3393
Sheppton,378.6,40.8964,-76.1196
Siracusaville,240.7,29.6886,-91.1522
Snow Lake,321.6,41.7302,-85.0327
Grampian,453.5,40.9647,-78.6114
Pine Haven,145.7,44.3534,-104.8104
Brimhall Nizhoni,11.8,35.7785,-108.6322
Soso,94.4,31.7536,-89.2759
Foyil,231.8,36.4306,-95.5219
Saint Benedict,173.4,40.6276,-78.7295
Centralhatchee,58.6,33.3689,-85.1037
Big Chimney,95.8,38.4119,-81.5374
Zeb,22.1,35.8066,-95.0437
Pine Brook Hill,63.4,40.0462,-105.3097
Sabattus,273.1,44.121,-70.107
El Centro Naval Air Facility,45.8,32.8252,-115.6681
Dodd City,108.2,33.5757,-96.0755
Loyall,513.1,36.8527,-83.3506
Hawk Run,238.6,40.9228,-78.2042
Sequatchie,185.0,35.1115,-85.5965
Prairiewood Village,324.7,45.5094,-98.4194
Montrose Manor,1178.3,40.3063,-75.9873
West Farmington,212.2,41.391,-80.974
Caroga Lake,76.6,43.1352,-74.481
Nesika Beach,83.9,42.5045,-124.4065
Upper Santan Village,28.4,33.1152,-111.7419
Simms,13.6,35.3987,-95.1647
Niangua,466.2,37.3886,-92.8305
Bokchito,279.6,34.0196,-96.1492
Tangipahoa,190.2,30.8758,-90.5138
Gage,447.6,36.3182,-99.7575
Del Muerto,160.7,36.187,-109.4348
San Ygnacio,125.5,27.048,-99.4321
Pueblo Of Sandia Village,168.2,35.2536,-106.5706
Between,156.2,33.8177,-83.8043
Rayland,403.5,40.1842,-80.6911
Rose Bud,31.6,35.3249,-92.081
Uvalda,100.8,32.0371,-82.5081
Pillager,224.5,46.3295,-94.4796
Beaver City,223.5,40.1383,-99.8276
Lohrville,157.1,44.0382,-89.1201
Arivaca,6.9,31.575,-111.2926
Colver,150.9,40.5426,-78.7891
Prado Verde,705.5,31.8898,-106.6135
Sylvan Hills,607.5,40.4488,-78.3839
Burdett,197.9,42.4168,-76.8439
Arnot,185.5,41.6624,-77.1223
Maple Ridge,103.3,40.9143,-81.0468
Warrior Run,288.2,41.1885,-75.9494
Rudolph,158.1,44.4972,-89.8018
Strong City,346.5,38.3955,-96.537
Lester,379.0,37.7349,-81.3014
Weissport,1462.2,40.8289,-75.701
Granada,277.2,38.063,-102.3115
East Nassau,39.1,42.533,-73.5085
East Fork,92.2,33.8082,-109.9227
Oden,309.6,45.4251,-84.8257
Laura,310.1,39.9952,-84.4083
Cass Lake,174.2,47.3792,-94.5993
Leedey,422.1,35.8681,-99.3449
Fairgrove,169.4,43.5245,-83.5434
Philip,304.9,44.0407,-101.6645
Scammon Bay,404.9,61.842,-165.5833
Barnum,187.9,46.5054,-92.6884
Wesley,138.4,36.029,-93.9165
Encampment,118.7,41.2088,-106.7948
Giltner,489.4,40.7749,-98.1535
Nordheim,381.2,28.9239,-97.6141
Sun,44.4,30.6489,-89.907
Longville,33.2,30.609,-93.2282
New Hamilton,53.3,33.7435,-88.4389
Lind,171.6,46.9705,-118.6165
Dennehotso,19.0,36.8208,-109.8791
Lyle,250.3,43.5058,-92.9412
Pluckemin,272.9,40.6454,-74.6355
Kreamer,152.6,40.8004,-76.9707
Clayhatchee,69.6,31.2434,-85.7136
Snook,100.0,30.4907,-96.467
Echo,108.6,31.1085,-92.2406
Vincentown,348.5,39.9367,-74.7519
Ualapue,59.8,21.0704,-156.8355
Ila,245.7,34.1729,-83.2929
Ottertail,44.2,46.4267,-95.5637
Pleasant Groves,51.9,34.735,-86.2054
Lisman,73.2,32.1792,-88.3002
Quilcene,21.5,47.8369,-122.9058
Ooltewah,305.4,35.0723,-85.0545
Davenport Center,60.8,42.4458,-74.9088
Bertha,174.2,46.2671,-95.0618
San Pierre,315.9,41.1989,-86.8921
Bentley,584.2,37.8868,-97.5147
Danube,387.4,44.791,-95.1029
Burkeville,188.6,37.1879,-78.2012
Four Lakes,61.1,47.5576,-117.5818
Lloydsville,308.6,40.07,-80.9983
Flat,192.6,31.3093,-97.6242
Marcy,109.9,43.1373,-75.268
Boomer,179.1,38.149,-81.28
Fordsville,420.6,37.6357,-86.7171
Anthon,267.1,42.3881,-95.8656
Cherry,355.6,41.428,-89.2132
Banquete,80.3,27.8007,-97.7972
Kipnuk,9.3,59.9373,-164.0616
Pettisville,198.0,41.5324,-84.2231
Irvona,202.3,40.7737,-78.5501
Minford,107.8,38.8618,-82.8552
Whitefield,110.1,35.2545,-95.2391
Elnora,192.7,38.8762,-87.0846
Brooktondale,203.8,42.3824,-76.3986
Thackerville,83.9,33.7936,-97.142
Washington Crossing,250.6,40.296,-74.8615
Cañada De Los Alamos,51.1,35.5927,-105.8597
Gaines,445.5,42.8725,-83.9108
Boulder Canyon,61.5,44.3971,-103.6046
Ocheyedan,165.8,43.4182,-95.5366
Caswell Beach,63.2,33.9073,-78.0471
New Hebron,280.2,31.7332,-89.9833
Salemburg,178.0,35.0152,-78.5028
Amalga,54.4,41.8564,-111.8974
Jupiter Inlet Colony,926.8,26.948,-80.0755
East Newnan,66.4,33.3461,-84.7763
Hawthorn,182.7,41.021,-79.2782
Homeworth,151.2,40.8357,-81.0649
Central Bridge,65.6,42.711,-74.3452
Alta Vista,454.5,38.8628,-96.4888
Westwood Hills,1595.2,39.0389,-94.6097
Indian Point,66.8,36.6428,-93.3444
Packwood,249.5,41.1327,-92.0825
St. Marys Point,434.9,44.9128,-92.7702
Lewistown Heights,79.3,47.0784,-109.4735
Boykins,269.1,36.5779,-77.1989
Wounded Knee,174.6,43.1435,-102.3681
Mesquite Creek,182.8,34.9607,-114.5714
Dupree,475.8,45.0495,-101.6013
St. Ann Highlands,134.1,39.9873,-105.4559
Higbee,470.7,39.3059,-92.5132
Busby,13.0,45.5281,-106.9752
Van Bibber Lake,536.3,39.7291,-86.9297
Hooven,72.4,39.1864,-84.7632
Tijeras,164.7,35.0884,-106.3761
Peak Place,142.8,35.7911,-105.9432
Vesper,161.1,44.4805,-89.9676
Floodwood,107.4,46.9175,-92.9186
Nipinnawasee,60.3,37.4031,-119.7293
West Brule,157.6,44.0727,-99.6383
Pennwyn,350.3,40.2895,-75.9731
Mount Taylor,97.6,35.1241,-107.8075
Fawn Grove,112.9,39.7312,-76.4521
Boothville,86.4,29.333,-89.4053
Cochiti,238.4,35.6104,-106.3501
San Ardo,413.4,36.0238,-120.9074
Diagonal,203.4,40.8104,-94.342
Pin Oak Acres,33.1,36.1226,-95.2889
East Frankfort,233.9,43.0169,-75.0648
Laurel Run,36.3,41.2195,-75.8446
Stacyville,359.7,43.4392,-92.7841
Homer C Jones,54.2,35.3078,-108.0966
Narrowsburg,102.5,41.6034,-75.0563
Yah-Ta-Hey,54.0,35.6291,-108.7927
La Plena,92.0,18.0411,-66.2064
Horntown,35.1,37.9655,-75.456
Smock,118.6,39.9997,-79.7774
Rhinecliff,180.0,41.922,-73.9439
Verndale,179.2,46.3969,-95.0125
Big Springs,417.5,41.0609,-102.0745
Evaro,10.8,47.0737,-114.0206
South Renovo,546.0,41.3244,-77.743
Downieville-Lawson-Dumont,237.3,39.7662,-105.6125
Harvey Cedars,328.9,39.6995,-74.1426
Spring Mills,317.8,40.8534,-77.5654
Lyons Falls,190.5,43.617,-75.3618
Pescadero,45.8,37.2507,-122.3725
Soudersburg,161.9,40.015,-76.1529
Barton Hills,227.0,42.3167,-83.7561
Nutrioso,22.7,33.9514,-109.2058
Port Penn,455.3,39.5169,-75.5811
Cream Ridge,61.0,40.1326,-74.5348
Doon,235.3,43.279,-96.2329
Lovilia,356.9,41.1349,-92.908
Fessenden,417.4,47.6494,-99.6267
Plum Springs,346.3,37.021,-86.3777
Rosholt,175.0,44.6301,-89.3053
Hostetter,252.7,40.264,-79.3977
Kismet,474.6,37.2046,-100.7018
Sigel,240.0,39.2257,-88.4945
Sopchoppy,109.5,30.0598,-84.4854
Kulm,246.1,46.3019,-98.9468
Byrnedale,147.0,41.2915,-78.5023
Cumberland City,36.6,36.3828,-87.6403
Pownal Center,117.8,42.7977,-73.2214
Thorne Bay,6.9,55.6652,-132.5337
Drakes Branch,44.3,36.9933,-78.6009
Mcleod,67.0,32.9455,-94.0776
Proberta,128.1,40.0761,-122.1776
Flintville,34.5,35.0602,-86.4164
Hiltonia,106.5,32.8833,-81.6613
Leaf River,211.1,42.1233,-89.404
South Wayne,220.7,42.5676,-89.8763
Kosse,142.2,31.307,-96.6292
Turkey Creek,222.7,33.8011,-109.9461
Nectar,101.0,33.9686,-86.6346
Camden Point,296.1,39.4532,-94.7489
Montreat,67.1,35.6478,-82.3001
The Silos,35.7,46.3985,-111.5865
The Highlands,178.5,38.1659,-97.9497
Bonfield,372.2,41.145,-88.0542
Robards,60.5,37.6766,-87.5333
Mardela Springs,464.0,38.4589,-75.7565
Barnegat Light,219.8,39.753,-74.1095
Stanardsville,609.4,38.2991,-78.4368
Mount Auburn,183.2,39.7649,-89.2608
Icehouse Canyon,37.6,33.3553,-110.7965
Churdan,88.2,42.1542,-94.4781
Witches Woods,492.2,41.9485,-72.0724
Enoree,117.7,34.6593,-81.9609
Grover Hill,333.8,41.019,-84.4774
Walnuttown,307.4,40.4467,-75.8405
Pippa Passes,408.8,37.3342,-82.8733
De Land,429.4,40.1218,-88.6435
Crystal Lake Park,902.4,38.6212,-90.4321
Hoyleton,239.8,38.4457,-89.2721
Pine Hollow,82.0,45.242,-121.291
Grapeville,1736.6,40.3253,-79.606
Kiana,414.1,66.9727,-160.4343
Sparkman,140.9,33.9172,-92.8501
Bourneville,361.9,39.2828,-83.1596
Pajonal,750.9,18.3847,-66.556
Weekapaug,156.4,41.3359,-71.7633
Hornersville,232.5,36.0403,-90.1156
Ducktown,68.7,35.036,-84.3848
Rebersburg,133.4,40.9427,-77.4441
Michigantown,233.8,40.3281,-86.3916
Red Mesa,14.1,36.9664,-109.3828
Helen,86.9,34.7046,-83.7214
Rancho Mesa Verde,1100.7,32.5944,-114.6551
Boulder Flats,10.0,42.9156,-108.7993
Arnoldsville,106.0,33.9103,-83.218
Pink Hill,390.7,35.0562,-77.7436
Cape Colony,179.6,36.0211,-76.5815
Rouseville,203.1,41.4704,-79.6847
Grand Rivers,98.6,37.005,-88.233
Green Valley Farms,46.9,26.1219,-97.561
Morning Glory,168.8,31.5648,-106.2089
Dean,85.0,33.9299,-98.3676
Meadow Valley,21.3,39.9323,-121.083
Cairnbrook,214.5,40.1246,-78.8189
Bunn,296.4,35.9591,-78.252
Mantoloking,467.9,40.0435,-74.0514
Sportsmen Acres,473.9,36.2458,-95.2517
Ronda,166.7,36.2217,-80.9431
Newfolden,177.9,48.3568,-96.3297
Hookerton,414.0,35.4228,-77.5893
Rosburg,7.9,46.3076,-123.6345
Napoleonville,949.6,29.9384,-91.0263
Grantfork,170.1,38.8289,-89.6665
Barnes Lake,116.7,43.1792,-83.3002
Bonnie,141.7,38.203,-88.9068
Morgan Farm,54.0,28.0055,-97.5535
Cochrane,232.8,44.2279,-91.838
Bedias,162.9,30.7792,-95.9469
Perrinton,285.1,43.1807,-84.6793
St. Pierre,22.3,48.2439,-109.8161
Avinger,92.7,32.898,-94.5533
Beauregard,196.8,31.721,-90.3859
Harrod,445.0,40.7074,-83.9213
Angoon,7.3,57.455,-134.4978
Runville,324.3,40.9567,-77.8332
Fort Jennings,320.5,40.9067,-84.2997
Prentice,89.1,45.5409,-90.2897
Pinehill,50.9,34.8922,-108.4224
Earling,286.5,41.7763,-95.419
Willernie,1875.5,45.0539,-92.9571
Gauley Bridge,115.1,38.1681,-81.2039
Lewiston Woodville,92.0,36.1141,-77.1811
Delbarton,90.5,37.7052,-82.186
Towner,217.6,48.3471,-100.407
Glenburn,422.7,48.5136,-101.2211
New Stuyahok,5.3,59.4762,-157.271
Sandy Level,26.7,36.5645,-79.7276
Noblestown,149.0,40.3955,-80.2019
De Beque,64.8,39.3105,-108.2049
Hornbeck,156.3,31.3266,-93.396
Saint George,200.8,44.377,-73.13
Briny Breezes,2383.5,26.509,-80.0542
Point Reyes Station,49.7,38.0847,-122.8093
Chesapeake Landing,179.3,39.2697,-76.1584
Pinecraft,1289.9,27.3229,-82.4999
Salyer,34.0,40.886,-123.5807
Ocean Breeze,943.6,27.2411,-80.2262
Carlos,400.3,45.9735,-95.2923
Sunshine,10.2,32.1344,-107.7838
Wapella,326.1,40.2218,-88.9612
Coalton,322.8,39.1117,-82.6109
Lafitte,37.0,29.6957,-90.0995
Wintergreen,20.4,37.9161,-78.9382
Hume,316.7,39.7981,-87.8686
Gambell,17.1,63.7538,-171.6881
Chevak,156.7,61.5295,-165.5941
Fifty Lakes,6.1,46.7618,-94.0898
Rifton,143.9,41.8297,-74.038
Platea,53.4,41.951,-80.3304
Black,44.0,31.0099,-85.744
Groom,239.7,35.205,-101.1071
Shishmaref,77.2,66.2372,-166.1027
Mount Savage,186.2,39.6966,-78.8768
Prairie Farm,185.4,45.2368,-91.9804
Mamanasco Lake,435.7,41.3189,-73.5253
Kwigillingok,7.5,59.8767,-163.1715
Adell,319.1,43.6212,-87.9482
Naplate,565.3,41.3316,-88.8802
Strathmoor Manor,2047.8,38.219,-85.6836
Roeville,41.1,30.6836,-86.9927
Society Hill,82.7,34.5098,-79.8539
Pitkin,28.5,30.9344,-92.9267
Keams Canyon,10.7,35.8229,-110.2011
Urbanna,390.0,37.6395,-76.5747
Bloxom,302.5,37.8292,-75.6214
Kandiyohi,453.8,45.1315,-94.9328
New Augusta,34.5,31.2036,-89.0272
Westcliffe,143.5,38.1339,-105.4654
Chiloquin,216.8,42.5764,-121.8677
Neshkoro,88.1,43.9649,-89.2159
Asher,230.8,34.9884,-96.9254
Bradenville,433.1,40.3236,-79.3403
Fort Gay,214.9,38.1201,-82.595
Coupland,92.0,30.4568,-97.3979
Kimmell,184.7,41.3949,-85.5487
La Madera,13.5,35.2345,-106.334
Dudleyville,26.4,32.9127,-110.7345
Biggers,176.4,36.3319,-90.8052
Ramah,14.4,35.1263,-108.5063
Naknek,2.2,58.7847,-156.8966
San Perlita,339.7,26.501,-97.6397
Eakly,333.1,35.3055,-98.556
Brunson,173.5,32.9241,-81.1886
Cunningham,385.7,37.6447,-98.4312
Connecticut Farms,2859.3,40.693,-74.2716
Desert Shores,252.8,33.4041,-116.0394
North Creek,100.4,43.6923,-73.9835
Tacna,91.8,32.7004,-113.9618
Cushman,43.2,35.8658,-91.7782
Red River,173.4,36.7041,-105.4064
Carter Springs,62.9,38.8619,-119.6413
Klickitat,187.8,45.818,-121.1626
Millingport,30.9,35.3763,-80.3113
Moran,419.5,37.9166,-95.1716
Dupont City,343.2,38.2657,-81.5691
German Valley,378.1,42.2143,-89.4844
Wardell,121.1,36.3539,-89.817
Ghent,303.9,44.5116,-95.8926
Novinger,222.7,40.2341,-92.7066
Otterville,358.3,38.703,-93.0027
Bazine,390.0,38.4462,-99.693
Azure,39.0,48.305,-109.8073
Canova,207.4,36.1649,-105.9857
Ironville,225.5,38.4562,-82.6978
Rose Creek,356.7,43.6045,-92.8289
Bussey,409.3,41.2054,-92.8843
Branson West,37.1,36.7023,-93.3779
Williams Creek,540.3,39.9001,-86.1502
Sigurd,163.6,38.8494,-111.968
Rock Ridge,192.1,41.0345,-73.6484
Browns Valley,221.2,45.5947,-96.8327
Centenary,185.8,34.0258,-79.3524
New Era,208.6,43.5595,-86.3477
Edgington,172.9,41.3869,-90.7637
Walland,114.7,35.732,-83.8069
Cochiti Lake,140.7,35.6478,-106.3425
Fromberg,393.4,45.392,-108.9065
Nevis,188.3,46.9646,-94.8423
Wilburton Number One,163.1,40.8127,-76.3931
Diablock,640.2,37.2295,-83.1709
Rough Rock,13.7,36.4106,-109.8691
Highland Haven,395.5,30.6074,-98.3951
Fort Cobb,245.0,35.1042,-98.4416
Falls Village,109.4,41.9576,-73.3561
Fort Wingate,86.4,35.4708,-108.5439
Green Camp,135.9,40.5322,-83.2077
Ojo Encino,267.1,35.9525,-107.3445
Nenahnezad,49.7,36.7354,-108.4252
Troutville,251.8,37.4168,-79.8779
Leigh,290.9,41.7023,-97.2398
Lake Arthur Estates,262.1,40.9616,-80.1483
Chase Crossing,209.9,37.7604,-75.6658
Joffre,193.8,40.3809,-80.3532
Sacaton Flats Village,26.1,33.0559,-111.659
Hammon,236.8,35.6323,-99.3832
Chacra,183.3,39.577,-107.451
La Liga,704.8,18.2894,-66.0508
Prairieton,363.1,39.37,-87.4745
Shady Grove,13.8,35.9485,-95.0952
Kapowsin,42.1,46.9727,-122.2273
Wimer,35.0,42.5446,-123.148
Cowiche,208.8,46.6719,-120.712
Macdona,111.5,29.3205,-98.6973
Green Lane,554.8,40.3363,-75.4709
Fossil,221.0,44.9981,-120.2146
Maynard,178.5,42.7738,-91.8774
Bokoshe,316.2,35.1904,-94.7903
Dodge,437.9,41.7218,-96.8804
La Pica,510.6,18.4652,-66.8619
Ravenden,82.0,36.2417,-91.2511
Valley Grove,316.4,40.0901,-80.5691
Paloma,22.3,38.2594,-120.7633
Norbourne Estates,2254.8,38.2466,-85.6465
Nances Creek,29.7,33.8588,-85.6733
Glenbeulah,248.4,43.7982,-88.0464
Sidell,186.2,39.9097,-87.8236
Oxford Junction,266.4,41.9838,-90.9544
Melfa,280.2,37.6489,-75.7407
James Town,53.7,41.5648,-109.5383
Caroline,145.9,44.722,-88.8948
Oldwick,95.8,40.67,-74.7443
Colt,136.8,35.1329,-90.8129
Little Mountain,113.2,34.1968,-81.4124
Ewing,275.9,40.0088,-91.7147
Jayton,101.5,33.2502,-100.5748
Turkey,434.3,34.995,-78.1841
Lipan,162.3,32.5187,-98.047
Wheatley,56.1,34.9212,-91.1063
Minocqua,238.1,45.8795,-89.7037
Bowerston,340.0,40.4273,-81.1874
Lake Holiday Hideaway,321.6,39.996,-87.3067
Erskine,266.3,47.6651,-96.0139
Bruceville,254.3,38.758,-87.4154
Fire Island,18.7,40.6781,-73.0709
Hulbert,153.5,35.9316,-95.1454
Hyden,132.6,37.162,-83.378
D'Lo,247.0,31.9869,-89.9011
Hulett,192.2,44.6829,-104.5982
New Alexandria,202.8,40.3945,-79.4175
Butte Falls,401.5,42.5414,-122.5691
Felicity,990.6,38.8387,-84.0986
Big Piney,338.3,42.5401,-110.1193
Thornburg,391.8,40.4346,-80.0841
Louin,28.3,32.0722,-89.2627
Titanic,32.1,35.8889,-94.7434
Okay,216.2,35.8545,-95.3141
Hildreth,299.8,40.3378,-99.0458
Nankin,115.9,40.914,-82.2856
Kent Narrows,182.1,38.9703,-76.2384
Collbran,307.1,39.24,-107.9635
Berthold,144.7,48.317,-101.7478
Topsail Beach,39.1,34.3744,-77.632
Long,22.5,35.4993,-94.547
Lefors,439.0,35.4396,-100.804
Gatewood,110.9,38.0052,-81.0663
Allensworth,55.1,35.85,-119.3892
Oahe Acres,129.5,44.4648,-100.3449
Naytahwaush,58.9,47.2703,-95.6335
Aguilar,435.0,37.4036,-104.655
Bowdle,266.4,45.4512,-99.6565
Beckwourth,14.6,39.8485,-120.4111
Daisy,177.3,32.151,-81.8362
Copalis Beach,46.6,47.1205,-124.1721
Sugarloaf,78.4,40.0189,-105.4078
South Shaftsbury,76.1,42.9411,-73.202
Dugway,32.7,40.2307,-112.7541
Emmet,118.1,33.7227,-93.4658
Scales Mound,271.0,42.475,-90.2525
Portia,131.8,36.0848,-91.0711
Calypso,170.1,35.1545,-78.1046
Wilmot,319.5,45.4091,-96.8546
Hartsburg,251.8,40.2505,-89.4411
Chrisney,241.2,38.0097,-87.0316
Jacona,201.0,35.8887,-106.0386
Bogue Chitto,26.8,32.8338,-88.9189
Lemon Cove,127.5,36.3809,-119.0284
Warriors Mark,261.9,40.7028,-78.1313
Traskwood,30.2,34.4533,-92.6642
Conesville,233.3,41.3795,-91.3486
Sea Ranch Lakes,2749.9,26.2007,-80.0981
Stringtown,31.5,34.4701,-96.0549
Tees Toh,10.0,35.4849,-110.3989
Mapleville,421.1,39.5358,-77.6463
Danby,49.2,42.3567,-76.4817
Forsan,130.0,32.1104,-101.3668
Kidder,421.3,39.7822,-94.1023
Marston,153.4,36.5177,-89.6063
New Kingstown,106.4,40.2311,-77.0728
Ruma,227.9,38.1306,-90.0004
Joiner,274.8,35.5054,-90.1501
Dushore,214.6,41.525,-76.3987
Lone Wolf,324.4,34.9904,-99.2456
Green Isle,166.2,44.6804,-94.0052
Valley Acres,40.9,35.2087,-119.4106
Andersonville,74.2,39.4338,-83.019
Freeville,159.4,42.5114,-76.3457
Snydertown,53.7,40.9872,-77.5994
Millburg,93.3,42.1236,-86.3466
Rock Mills,26.7,33.1563,-85.2862
Peachland,167.4,34.9931,-80.266
Lavelle,148.8,40.7623,-76.3869
Linville,94.5,36.0674,-81.8715
El Veintiséis,231.3,18.4394,-66.2035
Breda,227.7,42.184,-94.975
Accident,340.5,39.6257,-79.32
Dillard,142.8,43.1082,-123.4262
Binger,195.1,35.3097,-98.343
Stirling City,143.0,39.9064,-121.5361
Montross,163.3,38.0941,-76.8229
Finley Point,39.5,47.7464,-114.0666
Chewey,6.5,36.121,-94.7492
Sextonville,186.7,43.2795,-90.2924
Twin Creeks,150.3,46.9106,-113.7267
South Royalton,151.3,43.8123,-72.5155
Cazadero,23.6,38.5265,-123.0978
Potts Camp,172.9,34.6492,-89.3065
Scipio,162.0,39.249,-112.1045
Marshallberg,263.7,34.7265,-76.515
Bootjack,43.8,37.4673,-119.8852
Mccallsburg,368.0,42.1648,-93.3906
Bitter Springs,20.9,36.6118,-111.6475
Katie,8.2,34.5832,-97.3389
Westfir,73.4,43.7579,-122.5097
Greeley Center,270.9,41.5483,-98.5305
Soudan,246.4,47.813,-92.2356
Claflin,281.5,38.5246,-98.5367
Lindisfarne,65.0,47.8042,-114.2121
Verden,430.3,35.0833,-98.0863
San Mar,358.7,39.5521,-77.641
Turpin,167.3,36.8705,-100.8825
Michiana Shores,285.6,41.7564,-86.8181
Orbisonia,564.2,40.2429,-77.893
Lafe,82.3,36.2092,-90.5043
Lakewood Shores,792.6,41.28,-88.1443
Assaria,539.4,38.6802,-97.604
Carsonville,144.4,43.4257,-82.673
Miltona,249.0,46.0462,-95.2932
Eagletown,35.3,34.0417,-94.57
Troxelville,163.0,40.8075,-77.206
Swall Meadows,37.5,37.5061,-118.6426
Deerfield Street,95.2,39.5212,-75.2421
Kerr,183.3,47.6771,-114.1873
Franklintown,846.7,40.0761,-77.0296
Lemitar,121.6,34.1551,-106.9122
Oklee,222.4,47.8387,-95.8496
Carnelian Bay,128.4,39.2336,-120.0764
Martelle,231.3,42.0204,-91.3578
Pinal,399.7,33.3802,-110.7572
Bryce,198.2,32.9258,-109.8229
Prairie Du Rocher,291.9,38.0816,-90.0977
Tecolotito,232.1,35.2307,-105.1631
Neeses,97.5,33.5365,-81.1236
Lobo Canyon,38.7,35.2238,-107.7209
Prattsville,102.9,34.3172,-92.5429
Slaughter Beach,117.3,38.915,-75.309
Villa Pancho,375.6,25.8844,-97.4157
Kelayres,628.1,40.9007,-76.0045
West Waynesburg,160.2,39.9,-80.2007
Grand View,289.5,42.9839,-116.0917
Barnardsville,47.2,35.7819,-82.4556
Lovingston,41.2,37.7605,-78.8688
Broad Top City,245.3,40.2012,-78.1405
Tolani Lake,262.8,35.431,-110.8431
Depauville,16.9,44.1425,-76.0452
Otwell,93.0,38.4565,-87.0959
Indian Field,185.0,41.0218,-73.6071
Lunenburg,65.4,44.457,-71.6803
Big Stone Gap East,346.8,36.8785,-82.7444
Arrey,209.7,32.8472,-107.3204
Bliss,16.9,42.5801,-78.2538
Cochranville,148.2,39.8905,-75.9241
Veblen,777.6,45.862,-97.2869
Grimesland,243.0,35.5685,-77.2025
Herman,149.0,45.8105,-96.1414
Charlton Heights,399.0,38.1255,-81.2333
Hazel,254.1,36.5055,-88.3253
Malcolm,100.9,40.909,-96.8658
Mattawamkeag,58.2,45.5177,-68.3523
Kadoka,72.1,43.8325,-101.5081
Provencal,67.1,31.6547,-93.1999
Old Green,52.5,35.9844,-94.6039
Cook,63.4,47.8412,-92.6887
La Tina Ranch,23.4,26.2031,-97.4764
Nunn,41.4,40.7137,-104.7889
Wilkinson,389.1,39.8857,-85.6086
Chokio,376.5,45.5731,-96.1742
Chain-O-Lakes,106.9,41.7084,-86.38
Tower,56.5,47.8104,-92.2806
Websterville,81.8,44.1619,-72.4733
Tesuque Pueblo,75.0,35.809,-105.9752
The Escape,246.1,41.3654,-75.3087
Double Horn,83.8,30.4961,-98.217
Eolia,135.0,39.2388,-91.012
Amo,268.8,39.6888,-86.6126
Winterstown,68.1,39.8408,-76.6175
Preston-Potter Hollow,16.2,42.433,-74.2288
Fort Garland,408.8,37.4279,-105.4351
Crown College,209.2,44.8847,-93.7426
Milladore,164.8,44.6056,-89.8552
Custer Park,243.0,41.2436,-88.1292
Broadus,283.8,45.4429,-105.4083
Blessing,81.0,28.8728,-96.2172
Alcolu,36.2,33.7547,-80.2221
Rush Valley,9.1,40.3613,-112.4506
Waubay,112.7,45.3345,-97.3055
Drummond,460.3,36.3018,-98.0357
Lake Hart,156.4,28.3851,-81.2322
Buchtel,349.4,39.4633,-82.1808
Camak,207.1,33.4526,-82.6462
Lanagan,174.5,36.6061,-94.4517
Iroquois,264.4,44.3679,-97.8495
Maddock,186.1,47.9624,-99.5293
Star Junction,139.8,40.061,-79.7656
East Alto Bonito,1522.2,26.3023,-98.6358
Peaster,72.2,32.8721,-97.8667
Skellytown,308.4,35.5704,-101.1728
Western Grove,152.0,36.1011,-92.9546
Eubank,193.2,37.2799,-84.6541
New Albin,693.8,43.497,-91.2878
Cañon,10.2,35.6718,-106.7527
Lovelady,123.9,31.1279,-95.4456
Sawyer,19.1,34.0206,-95.378
Wiley,333.2,38.1553,-102.7193
Hanoverton,234.9,40.7547,-80.9355
Good Thunder,260.6,44.0068,-94.0705
Angus,49.6,31.9976,-96.427
Maupin,117.1,45.1732,-121.0881
Titonka,295.1,43.2372,-94.0413
Falcon Mesa,107.5,26.8706,-99.2907
Potrero,51.9,32.6131,-116.6068
Smith Corner,787.4,35.4788,-119.2771
Broomes Island,224.1,38.4203,-76.5475
Paden,369.6,35.508,-96.5674
Coalport,219.9,40.7476,-78.532
Miltonvale,217.4,39.3496,-97.4523
Carmichaels,1056.2,39.8977,-79.9749
Moro,328.5,45.4837,-120.7333
Bethune,147.5,34.4143,-80.3487
Herminie,949.7,40.2634,-79.7137
Baxterville,51.5,31.0837,-89.5891
Elmora,150.9,40.6017,-78.7464
Larwill,289.6,41.1793,-85.6242
Butternut,102.9,46.0133,-90.4974
Rio Oso,25.0,38.9518,-121.531
Peter,7.6,41.7716,-111.9859
Laketown,64.6,41.8275,-111.3242
North Anson,76.8,44.8614,-69.8975
Puckett,56.4,32.0872,-89.7819
Ranchos Penitas West,78.4,27.6745,-99.6035
Mayland,100.3,36.0459,-85.2069
Fernville,200.8,41.0024,-76.4752
Mitchell Heights,94.1,37.9087,-81.9867
Big Wells,292.3,28.5699,-99.5702
Briarwood,1009.5,38.278,-85.5926
Windsor Place,180.8,38.9342,-92.7029
Boody,140.9,39.7644,-89.0467
St. Joe,518.6,41.3146,-84.9011
Gloria Glens Park,247.2,41.0578,-81.901
Mullen,391.9,42.0427,-101.0446
Beecher City,180.7,39.1867,-88.7877
Bison,162.9,45.5235,-102.4677
Joppa,83.2,34.2982,-86.5506
Deercroft,125.3,34.9592,-79.4352
Tebbetts,248.7,38.6192,-91.9589
Spavinaw,389.9,36.3937,-95.0502
Oval,147.3,41.1522,-77.1745
Fairchild,111.0,44.6036,-90.9577
East Ellijay,49.2,34.676,-84.4761
Hermleigh,17.8,32.6366,-100.7523
Hubbardston,111.1,43.0943,-84.842
Chambers,158.6,42.2047,-98.7486
Wishram,97.6,45.6613,-120.9714
Ulen,151.0,47.0781,-96.2581
Almond,153.7,44.2607,-89.4087
Farnhamville,244.4,42.2767,-94.4078
Bastian,137.1,37.1535,-81.1525
San Patricio,41.8,27.9772,-97.7766
Chamois,272.5,38.6763,-91.77
Startex,148.5,34.9305,-82.0942
Mclemoresville,73.0,35.9863,-88.58
Cedro,29.9,35.018,-106.3508
Tonyville,563.6,36.2474,-119.0903
Gila,17.2,32.9485,-108.5762
Ehrhardt,51.6,33.0985,-81.0138
Willisville,412.5,37.9828,-89.5898
Mesick,120.9,44.4043,-85.7171
Pinnacle,44.5,36.323,-80.4241
Shakertowne,121.6,37.694,-89.8674
Tribbey,8.4,35.1006,-97.0957
Meadowlands,181.7,40.2173,-80.2302
Mifflin,1170.4,40.5686,-77.4046
Helix,36.1,45.8507,-118.6591
Momeyer,145.1,35.9592,-78.0511
Mccurtain,144.7,35.1509,-94.9669
Turnerville,32.8,42.8624,-110.9007
Massieville,85.0,39.2631,-82.9659
Monroe Center,132.2,42.1003,-88.9941
Castorland,352.7,43.8862,-75.5164
Vayas,721.3,18.0541,-66.5858
Mount Pleasant Mills,100.1,40.7247,-77.02
Nixburg,21.4,32.864,-86.0976
Oakesdale,153.7,47.1305,-117.2464
Twain,22.2,40.0355,-121.0404
Snow Lake Shores,234.8,34.824,-89.2385
Heidlersburg,228.7,39.9471,-77.1496
Parrott,48.3,37.2168,-80.6241
Hemingway,184.6,33.7534,-79.4462
Arbyrd,158.8,36.0535,-90.2399
Lake Poinsett,32.3,44.5664,-97.0798
Bellerive Acres,362.7,38.7123,-90.3121
Blue Eye,135.6,36.515,-93.3828
Allerton,134.3,40.7077,-93.3692
Altura,53.6,44.0642,-91.9435
Wrenshall,107.0,46.6217,-92.384
Trent,100.7,43.9429,-122.8575
Glen Fork,51.9,37.6982,-81.5362
Cawker City,158.5,39.5095,-98.4331
East Orosi,888.4,36.5481,-119.2599
Ascutney,94.4,43.408,-72.407
Marine View,178.1,46.9637,-119.3508
Handley,167.2,38.1863,-81.3673
Howardwick,78.7,35.0348,-100.9079
Esmont,43.8,37.8284,-78.5959
Allensville,81.1,40.533,-77.8142
Pine Springs,206.5,45.0368,-92.9543
Wenden,10.6,33.8324,-113.5432
Mountain Plains,99.8,44.467,-103.8636
Plumas Eureka,40.0,39.7982,-120.6645
Loganton,151.1,41.0338,-77.3023
Virgie,155.4,37.3323,-82.5823
Catahoula,51.9,30.2126,-91.7126
Stouchsburg,118.0,40.3807,-76.2303
Mount Cory,167.4,40.9349,-83.8236
Neponset,158.3,41.2968,-89.7894
Ashby,287.9,46.0931,-95.8154
Achille,356.2,33.8346,-96.3901
Roxton,183.9,33.5453,-95.7248
Baggs,314.0,41.0345,-107.6574
Cotton Plant,152.8,35.0059,-91.252
Whitakers,191.0,36.1057,-77.7131
Mount Calm,192.9,31.7564,-96.8817
Fayette City,686.5,40.1008,-79.8387
Bruni,120.7,27.4282,-98.8322
Buckholts,116.5,30.874,-97.1289
Northeast Harbor,219.0,44.2936,-68.2914
Altenburg,150.8,37.6304,-89.586
Lazy Y U,10.1,35.1369,-113.9684
Minnetonka Beach,327.0,44.9385,-93.5865
Lime Springs,156.0,43.4499,-92.2841
Dozier,53.7,31.5031,-86.3694
New Bloomington,359.5,40.5837,-83.3125
Wapanucka,239.2,34.3736,-96.4255
Mccutchenville,56.9,40.9944,-83.2547
Massena,231.2,41.2506,-94.7698
Highgate Center,238.3,44.9375,-73.0421
Copperhill,89.3,34.9952,-84.3749
Spillville,359.5,43.2031,-91.9523
Wheatfields,19.6,33.4805,-110.8366
Jewell,384.4,39.6715,-98.1525
Mimbres,45.3,32.8398,-107.9606
Bruin,86.5,41.0544,-79.7273
Suring,154.0,45.0007,-88.3692
Willshire,374.6,40.7466,-84.7924
Dutton,182.8,34.6062,-85.9119
Turrell,29.5,35.3763,-90.2704
Beallsville,65.0,40.0619,-80.0302
Cerulean,61.8,36.9552,-87.7089
Roopville,199.5,33.4566,-85.1304
Iron Gate,348.2,37.7985,-79.7904
Cokeville,123.4,42.0679,-110.9609
New Strawn,198.7,38.2622,-95.7423
Subiaco,83.3,35.2982,-93.6385
Harold,10.7,30.6772,-86.831
Brook Forest,113.4,39.5739,-105.3944
Ackerly,189.6,32.5251,-101.7158
Pine Harbor,47.3,32.7716,-94.4992
Saunemin,414.3,40.8931,-88.406
Dinwiddie,30.9,37.085,-77.5865
Miccosukee,56.6,30.5931,-84.047
Lost Lake Woods,31.1,44.7926,-83.4223
Chowan Beach,573.7,36.2142,-76.7107
Carp Lake,76.3,45.689,-84.7582
Mcneil,123.6,33.3479,-93.2084
Tira,110.6,33.3222,-95.5606
Kila,39.4,48.1216,-114.4768
Rowesville,187.9,33.3722,-80.8362
Aberdeen Gardens,96.5,47.0587,-123.7791
North Hartland,156.2,43.5936,-72.3578
Timberon,7.7,32.636,-105.6925
Estral Beach,355.9,41.9869,-83.2357
Glenview Hills,810.4,38.2951,-85.6382
El Combate,272.9,17.9822,-67.2089
North Garden,55.2,37.9612,-78.6334
Griffith Creek,50.6,35.2761,-85.5361
Gorst,246.1,47.5239,-122.7053
Calamus,317.0,41.8264,-90.7597
Rock Point,11.0,36.7173,-109.6287
Capon Bridge,221.2,39.3,-78.4341
Barryton,163.3,43.7505,-85.1436
North Courtland,236.1,34.6788,-87.3083
Redvale,33.4,38.1761,-108.4125
Brethren,122.3,44.3048,-86.0168
Herrick,315.1,39.2196,-88.9848
Grant Town,296.7,39.559,-80.1771
Tununak,2.6,60.579,-165.2077
Calion,145.9,33.3287,-92.5402
Franktown,53.1,39.3906,-104.7486
Petrolia,211.1,34.0131,-98.2313
Beaverdam,247.6,40.8328,-83.9739
Fairgarden,90.1,35.8982,-83.4119
Rawlings,174.7,39.5403,-78.8858
Finklea,57.9,34.0989,-78.9858
Three Springs,126.5,40.1969,-77.9819
Birchwood,144.6,45.6577,-91.5507
Stonerstown,403.5,40.2155,-78.2572
Kasilof,15.0,60.331,-151.2293
Cohassett Beach,120.1,46.8656,-124.1054
Selawik,78.6,66.5988,-159.9995
Valle,6.6,35.6598,-112.1637
Bradfordsville,319.9,37.4943,-85.1481
Malinta,202.1,41.3196,-84.0353
Mehama,339.6,44.7914,-122.6308
Vintondale,345.1,40.4794,-78.9112
Mappsville,197.7,37.8435,-75.5686
Hiltons,129.7,36.6548,-82.4678
Walsh,347.9,37.386,-102.2801
Middleway,138.8,39.3032,-77.981
Piñas,147.6,18.1902,-66.2332
Walker Lake,122.8,38.6458,-118.7563
Munnsville,177.3,42.9766,-75.5866
Lostant,137.4,41.1252,-89.0668
Huttig,52.1,33.0418,-92.1818
Langford,352.6,45.6024,-97.8303
Haines Falls,189.1,42.197,-74.1009
Deepwater,182.5,38.2592,-93.7746
Ramey,166.9,40.8017,-78.3994
La Esperanza,294.3,26.4313,-98.8923
Gilby,118.9,48.0835,-97.4679
Puerto De Luna,10.9,34.8297,-104.6222
Naschitti,61.8,36.0626,-108.68
Benbow,31.7,40.0603,-123.7654
West Elizabeth,818.2,40.2721,-79.8952
Oso,55.1,48.2836,-121.9238
Alleman,52.6,41.8149,-93.6092
Reliance,37.5,41.6682,-109.1977
Higgston,49.1,32.2164,-82.467
Sangrey,24.5,48.2817,-109.8167
Phippsburg,129.9,40.2302,-106.9508
Muir Beach,312.6,37.8655,-122.5859
Aspers,166.0,39.9792,-77.2276
Farnham,127.3,42.595,-79.0809
Stollings,269.2,37.8409,-81.9625
Wood Lake,203.9,44.6513,-95.5358
Hixton,134.7,44.3831,-91.0147
Two Strike,8.3,43.2141,-100.8988
Bostwick,52.9,33.7373,-83.5141
Iredell,342.4,31.9865,-97.8719
San Pedro,126.6,25.9812,-97.5882
Sunrise Beach,26.5,38.1667,-92.78
Celestine,364.6,38.3848,-86.7792
Smyer,192.9,33.5874,-102.1636
Nickelsville,319.9,36.7517,-82.416
Lassalle Comunidad,737.2,18.3854,-67.0617
Scammon,244.5,37.2781,-94.823
Otho,346.2,42.4222,-94.1494
Runnells,266.7,41.5141,-93.3601
East Liberty,97.2,40.3339,-83.585
Colome,243.8,43.2599,-99.7174
Fort Johnson,207.3,42.9591,-74.2381
West Kootenai,9.5,48.9652,-115.2213
Lawler,160.5,43.0721,-92.1533
Windthorst,61.2,33.576,-98.4348
Inchelium,5.8,48.3379,-118.2372
Lennon,167.8,42.9855,-83.9325
Lingle,561.7,42.1388,-104.3461
Halliday,331.4,47.3521,-102.3387
Poy Sippi,208.8,44.136,-88.9964
Bartley,163.1,40.2511,-100.3105
Low Moor,135.4,37.7952,-79.8695
Parkman,15.9,44.9488,-107.3077
Horseshoe Lake,257.7,34.9136,-90.308
North Pearsall,107.3,28.9216,-99.095
Arboles,29.7,37.0201,-107.4221
Mccoole,108.9,39.4534,-78.9732
Phenix,132.2,37.0811,-78.7485
Blooming Valley,75.6,41.68,-80.0396
Brookford,249.5,35.703,-81.3452
Tehama,192.0,40.0217,-122.1268
Fort Jesup,35.8,31.6118,-93.4077
Birch Tree,110.5,36.9967,-91.4916
Fairacres,72.4,32.3047,-106.8367
North Hampton,164.0,39.9893,-83.9443
Clear Spring,581.4,39.6562,-77.9304
East Lynn,26.1,40.4663,-87.8007
Upsala,47.0,45.81,-94.5674
Mclain,44.9,31.1037,-88.8239
Casnovia,143.1,43.2336,-85.7895
Culdesac,181.2,46.3749,-116.6703
Keytesville,197.8,39.4313,-92.9371
Milbridge,83.1,44.5343,-67.8903
Nichols,315.6,41.48,-91.3079
Dalmatia,222.7,40.65,-76.9027
Newry,155.2,34.724,-82.9141
Waubun,295.0,47.184,-95.9401
Macclesfield,280.4,35.7522,-77.6704
Braswell,48.0,33.9836,-84.9591
Tutuilla,7.6,45.6142,-118.7066
Andrew,345.6,42.1532,-90.5922
Morral,56.0,40.6914,-83.2098
Armorel,108.6,35.9223,-89.8009
Gasquet,31.8,41.8429,-123.9731
Kapalua,31.2,20.9959,-156.6418
Rico,223.2,37.6891,-108.0316
Zaleski,374.7,39.282,-82.3944
Gilmore,135.7,39.5831,-78.9513
Sunset Bay,228.2,42.5607,-79.1307
Wilbur Park,2396.7,38.5532,-90.3087
Tuscarora,372.9,40.7688,-76.038
Idaville,25.9,40.7588,-86.6505
Dustin,233.5,35.2714,-96.0281
Canaseraga,142.1,42.4618,-77.7773
Wabbaseka,192.8,34.3592,-91.7928
Laurel Heights,289.9,39.457,-75.2235
Hanska,314.9,44.1487,-94.4945
Emerado,240.6,47.9245,-97.3653
Orr,107.7,48.0594,-92.8249
El Prado Estates,155.4,32.7062,-114.5215
East Middlebury,205.9,43.9746,-73.1052
Dry Prong,108.6,31.5806,-92.5305
Whiteface,255.9,33.5996,-102.6134
Seven Devils,68.9,36.149,-81.812
Frizzleburg,53.3,41.0742,-80.449
Poyen,171.0,34.3242,-92.642
Amber,38.1,35.1602,-97.882
Iron City,188.6,31.0136,-84.8133
Hundred,299.9,39.6835,-80.4575
Kinde,128.0,43.9405,-82.9963
Glacier Colony,317.3,48.8287,-112.2149
Spalding,491.8,41.6892,-98.3626
Hallsburg,55.3,31.5683,-96.9464
Rolling Prairie,142.2,41.6743,-86.6207
Stonefort,103.3,37.6178,-88.7051
Millerville,22.4,33.1926,-85.9302
Speculator,3.4,43.5944,-74.3822
Sunbrook,173.9,40.4338,-78.4324
Comanche Creek,6.9,39.615,-104.3268
White Eagle,25.6,36.6268,-97.0812
Strong,93.8,33.1079,-92.3556
Bode,370.4,42.868,-94.2863
Ogilvie,168.3,45.8301,-93.4232
Rosser,78.4,32.4648,-96.4431
Naylor,270.6,36.5744,-90.6055
Eskridge,289.5,38.8595,-96.1049
Hawk Cove,286.6,32.884,-96.0833
Verlot,13.8,48.1003,-121.7679
Hardesty,199.3,36.6148,-101.1936
Emigrant,13.9,45.3755,-110.7465
Phelps,18.7,37.509,-82.1605
Everest,141.1,39.677,-95.4248
Oak Glen,10.0,34.0448,-116.9497
Tower Hill,148.7,39.3868,-88.9592
Otter Lake,197.8,43.2138,-83.4595
Vallonia,197.7,38.8461,-86.0991
Kelley,201.1,41.951,-93.6656
Ford Cliff,1165.5,40.7608,-79.5358
Keswick,74.7,38.0127,-78.3613
Cross Timbers,333.6,38.0242,-93.2294
Mauricetown,70.6,39.292,-75.0097
Paxville,141.9,33.739,-80.3586
Haydenville,174.2,39.4807,-82.3238
Sunburst,77.7,48.878,-111.9051
Parryville,92.5,40.8243,-75.6701
Symsonia,98.1,36.9211,-88.5227
West Dunbar,813.1,38.3725,-81.7558
Darwin,74.5,45.0969,-94.4137
Sadieville,137.2,38.3883,-84.549
Grahamtown,611.6,39.6448,-78.9225
Bricelyn,354.1,43.5607,-93.8131
Rosewood,109.8,40.2174,-83.9634
Parkhill,257.1,40.3612,-78.8709
West Okoboji,118.2,43.3489,-95.1635
Wall Lane,339.6,32.6573,-114.7105
Danwood,78.1,34.0903,-79.7695
Shartlesville,166.4,40.5135,-76.1017
Oakview,1344.7,39.2086,-94.5704
Yankee Hill,24.6,39.7007,-121.5147
Traver,221.3,36.454,-119.4838
Jumpertown,82.9,34.7079,-88.6619
Yantis,80.5,32.9305,-95.5761
Dow City,634.7,41.9275,-95.4944
Casar,84.7,35.5127,-81.6168
Huntleigh,149.7,38.6131,-90.4091
Odum,73.1,31.6665,-82.0269
Kilbourne,107.0,32.9971,-91.3139
Tiger,179.0,34.8458,-83.433
Sandia Park,204.0,35.1649,-106.3657
Tippecanoe,244.1,41.2089,-86.115
Lockridge,237.0,40.9936,-91.7507
Silex,183.1,39.1254,-91.0574
Fenwick Island,481.9,38.4604,-75.0542
Gopher Flats,70.2,45.6658,-118.7225
Burlington Junction,147.9,40.4466,-95.0667
Weippe,369.6,46.3787,-115.9396
Duncombe,75.1,42.4698,-93.9968
Letts,260.3,41.3301,-91.2354
Dowelltown,196.0,36.0125,-85.9426
Bonaparte,216.0,40.7012,-91.8006
Donahue,84.4,41.6916,-90.6747
Fanshawe,6.4,34.9738,-94.8543
Pinecroft,286.5,40.5652,-78.352
Armington,385.0,40.3397,-89.3144
Hayti Heights,150.4,36.2311,-89.7682
Virginville,129.8,40.5191,-75.8638
Lake Almanor West,64.5,40.2336,-121.2021
Manzanola,129.2,38.1088,-103.8668
Juda,237.1,42.59,-89.5092
New Church,77.9,37.9826,-75.5291
Bennetts Switch,366.0,40.5872,-86.1099
Tolchester,241.0,39.2219,-76.2349
North Hodge,216.9,32.2845,-92.7171
Holyrood,306.4,38.5876,-98.4119
Arrowsmith,244.7,40.4493,-88.6321
New Ross,397.0,39.9646,-86.7142
Dennard,6.7,35.7491,-92.5388
Hatteras,93.3,35.2176,-75.6872
Alto Pass,68.8,37.5737,-89.3192
Readstown,85.7,43.4485,-90.759
Verdunville,54.9,37.8532,-82.0603
Talco,191.7,33.3628,-95.1034
Merna,274.0,41.4852,-99.7611
Mount Lena,117.1,39.554,-77.6219
Belle Rive,143.0,38.2317,-88.7405
Northmoor,466.1,39.1845,-94.6054
Ojo Amarillo,74.7,36.6942,-108.3704
Hewlett Bay Park,1005.9,40.6346,-73.6953
Rockhill,68.7,40.241,-77.8995
Reddington,170.1,39.0326,-85.8328
Juarez,1558.5,26.2009,-97.7296
Mildred,300.0,41.4781,-76.3783
Pedricktown,84.2,39.7658,-75.4085
Clyman,516.4,43.3116,-88.7232
Dunfermline,141.1,40.4917,-90.0323
Curtiss,213.4,44.9521,-90.435
Dayville,156.9,41.8443,-71.8823
Brimley,83.6,46.406,-84.5786
Jane,49.2,36.5403,-94.3078
Delanson,227.4,42.7474,-74.1841
Lakeside Woods,251.6,41.5548,-73.484
Tyndall Afb,10.1,30.0856,-85.6075
Glen,31.4,34.8585,-88.4199
New Troy,110.5,41.879,-86.5475
Donaldson,321.7,40.6363,-76.4056
Grays Prairie,119.2,32.4734,-96.3502
Madaket,73.5,41.2826,-70.1855
Mondamin,322.7,41.71,-96.0215
Gayville,454.6,42.8889,-97.1738
Fortine,20.6,48.7723,-114.9008
Pierron,198.8,38.7772,-89.5645
Creekside,1047.0,38.2914,-85.5701
Kistler,98.2,37.7656,-81.8578
Pymatuning South,56.4,41.5067,-80.4702
Rock City,387.9,42.4129,-89.4715
West Manchester,457.5,39.9034,-84.6263
Mcguffey,465.2,40.6928,-83.7859
Chilcoot-Vinton,11.0,39.8067,-120.1388
Carmen,95.5,36.5791,-98.4579
Tazlina,17.7,62.0536,-145.4363
Sale City,79.4,31.2626,-84.0214
Joy,340.3,41.1969,-90.8788
Rothbury,59.2,43.5199,-86.3588
Poynor,61.7,32.0793,-95.5924
Bradshaw,210.0,40.8835,-97.7468
Whites Landing,206.1,41.4308,-82.8957
Kimberton,304.7,40.1306,-75.5743
Henlawson,181.0,37.9,-81.982
Wauhillau,14.9,35.8643,-94.7605
Melvin,421.6,40.5709,-88.2471
Shickley,175.2,40.4165,-97.7241
Gause,142.0,30.7874,-96.7224
Scotts Mills,268.2,45.041,-122.6689
Holloway,152.9,40.1621,-81.1313
Pine Forest,51.5,30.1757,-94.0367
Tall Timber,252.9,40.0151,-105.3498
Sparland,253.0,41.0295,-89.441
Lorimor,335.6,41.1268,-94.0569
Lore City,178.2,39.9832,-81.46
Fort Duchesne,20.3,40.2809,-109.8774
Quenemo,326.2,38.5801,-95.5266
Higginsport,295.0,38.79,-83.9673
Blum,146.0,32.1419,-97.3972
Tusayan,8.6,35.9549,-112.1202
Conicville,314.8,38.8296,-78.69
Calvin,160.3,34.9662,-96.2496
Emden,382.4,40.2982,-89.4851
South Bethlehem,456.4,40.9991,-79.3395
Mingo,233.8,41.7662,-93.2825
Peterson,277.4,42.9176,-95.3434
Cornfields,145.1,35.6515,-109.6756
Jamesville,98.9,35.8122,-76.9002
Shidler,193.0,36.7806,-96.6599
Castor,121.0,32.2549,-93.166
Meadowview Estates,2016.8,38.2227,-85.6353
Mcveytown,339.0,40.4981,-77.7415
Latexo,146.7,31.3892,-95.4724
Laceyville,453.2,41.6457,-76.1589
Rader Creek,7.1,45.8456,-112.3161
Mill Village,156.4,41.8775,-79.9726
Frohna,159.1,37.6375,-89.6197
Devers,77.2,30.0287,-94.586
Rock Island Arsenal,91.4,41.5169,-90.5409
Mansión Del Sol,751.5,18.4371,-66.1937
South Prairie,519.1,47.1373,-122.0939
Maribel,122.8,44.2775,-87.8025
Steely Hollow,30.0,35.9877,-94.9456
Lakeland Shores,349.4,44.9478,-92.7612
Bowlegs,38.5,35.1473,-96.6693
Arkansaw,195.8,44.6334,-92.022
Natoma,339.3,39.1885,-99.0241
Enon Valley,293.0,40.8559,-80.4565
Toms Brook,396.7,38.9465,-78.44
Kawela Bay,246.3,21.6991,-158.0026
Revloc,420.6,40.4914,-78.7637
Honomu,312.9,19.8697,-155.1123
Adams Run,101.6,32.7219,-80.3465
Newcomb,14.7,36.2852,-108.7116
Roachester,108.9,39.3538,-84.0988
Yellow Pine,144.8,44.9623,-115.488
Laurelton,249.8,40.8815,-77.2024
Sheep Springs,27.8,36.1593,-108.6905
Osborn,250.1,39.7496,-94.3566
Granton,260.7,44.5886,-90.4614
Ernest,550.0,40.6782,-79.1645
Vina,29.6,34.3757,-88.0602
Osyka,134.2,31.0072,-90.4719
Protivin,323.1,43.2167,-92.089
West Stewartstown,229.5,44.9907,-71.5311
Fairwater,193.3,43.7424,-88.868
Tetonia,249.1,43.8147,-111.1586
Echo Hills,250.0,39.6748,-105.4134
North Omak,12.7,48.444,-119.4459
Grand Beach,156.4,41.774,-86.7887
Ryderwood,355.5,46.375,-123.0441
Kennebec,166.1,43.9035,-99.8619
Vansant,46.7,37.2359,-82.0961
Senecaville,298.3,39.9348,-81.4595
Coyote Flats,76.9,32.3528,-97.2944
East Dunseith,27.6,48.8547,-100.0285
Old Brownsboro Place,1092.3,38.2892,-85.6132
South Solon,538.3,39.7374,-83.6127
Goldston,133.9,35.5929,-79.3286
Reyno,140.3,36.3609,-90.759
Greentop,173.4,40.3508,-92.5657
Earl,164.5,35.1954,-81.534
East Side,122.8,41.0621,-75.7595
Fairdealing,24.9,36.6616,-90.6083
Chamisal,86.4,36.1725,-105.7459
Friant,113.3,36.9848,-119.713
Ekalaka,137.3,45.8897,-104.5506
Sutcliffe,14.1,39.9461,-119.6305
Sims,186.8,35.7596,-78.0598
Mcdermott,244.1,38.8343,-83.0584
Zayante,50.1,37.0892,-122.0409
Port William,282.8,39.5525,-83.7853
Staatsburg,96.2,41.854,-73.9233
Dunn Center,361.5,47.3527,-102.6233
Downing,214.4,40.4873,-92.3689
Twin,41.8,33.9978,-87.8497
Kukuihaele,82.5,20.1195,-155.5654
Stinson Beach,158.4,37.9026,-122.6501
New Village,148.9,40.7184,-75.0773
Clarington,123.2,39.7763,-80.8647
Roann,474.1,40.9111,-85.9247
Almira,274.6,47.7105,-118.9369
Canadohta Lake,117.1,41.8176,-79.8364
Mahtowa,13.3,46.5616,-92.6279
Scandinavia,161.3,44.4608,-89.1461
Chancellor,344.9,43.3719,-96.9875
Douglassville,22.3,33.1917,-94.3519
Stoystown,473.9,40.1031,-78.9547
Wilcox,274.7,41.5726,-78.6869
Niobrara,193.5,42.7499,-98.0317
Rock Cave,45.4,38.8404,-80.3375
Greeleyville,114.9,33.5801,-79.9901
Hindsboro,169.7,39.6847,-88.1347
Trivoli,92.3,40.6975,-89.8891
Steamboat,57.9,35.7535,-109.8504
Brunersburg,299.1,41.3075,-84.3919
Donnelsville,118.6,39.9155,-83.943
Manistee Lake,39.3,44.7841,-85.0211
Bond,56.4,30.897,-89.1637
Clyde Park,194.3,45.8839,-110.6059
Garden Valley,19.2,44.083,-115.9612
Stockwell,259.4,40.2818,-86.7689
Sperryville,157.8,38.6562,-78.2323
Rudyard,153.0,48.5599,-110.55
Spring Mill,1559.1,38.1436,-85.6315
Bostic,150.3,35.3625,-81.836
Sodaville,200.0,44.4831,-122.8691
Grubbs,247.4,35.654,-91.0755
Seatonville,243.0,41.3651,-89.2728
Raft Island,716.2,47.329,-122.6687
Thebes,80.3,37.214,-89.4544
Pollocksville,316.9,35.0056,-77.2211
Olde Stockdale,344.1,35.3476,-119.0794
Mindenmines,38.3,37.4728,-94.5889
Rosston,31.6,33.5877,-93.2798
Urich,346.2,38.4605,-93.999
Lacrosse,163.6,46.8013,-117.9025
Bethania,206.0,36.1808,-80.3376
Little Eagle,100.0,45.6832,-100.7966
Tiki Gardens,81.3,19.5287,-155.0031
Talmo,45.6,34.1831,-83.721
Paint Rock,84.8,31.5101,-99.9253
Lyon,289.2,34.2169,-90.543
Ringsted,140.0,43.2951,-94.5074
Oxbow,91.0,46.6687,-96.8101
Epes,21.2,32.6906,-88.1405
Sudlersville,91.7,39.1833,-75.8535
Hitterdal,161.9,46.9778,-96.2584
Woodville Farm Labor Camp,226.1,36.0832,-119.1479
Blanket,215.3,31.8243,-98.7896
Pueblito Del Carmen,152.6,18.0316,-66.1656
Stony Creek,241.4,36.948,-77.4001
Dubberly,35.3,32.5413,-93.2374
Burlison,132.3,35.5569,-89.7847
California Pines,18.7,41.4117,-120.6605
Bryantown,33.4,38.5498,-76.8429
Sinclair,57.0,41.7761,-107.1199
Fife Lake,190.8,44.5731,-85.3511
Manalapan,310.0,26.562,-80.0439
Gamaliel,175.6,36.6402,-85.7963
Lindsey,88.7,41.4216,-83.221
Quitaque,191.7,34.3674,-101.0556
Willisburg,202.0,37.8093,-85.1208
Gerrard,115.7,37.6783,-106.5753
Topawa,26.8,31.8078,-111.8305
Pitts,172.5,31.9462,-83.5417
Betterton,140.2,39.3652,-76.069
Oak Grove Village,219.0,38.2278,-91.1495
Uplands Park,1982.6,38.6927,-90.2829
New Blaine,86.7,35.2931,-93.4202
Crouse,121.8,35.4214,-81.3027
Pisinemo,60.8,32.035,-112.3193
Mattawana,176.4,40.4968,-77.7283
Terril,254.0,43.3058,-94.9689
Edwardsport,258.0,38.8125,-87.2513
Parker School,18.7,48.2468,-109.7341
Little York,291.6,41.0109,-90.7472
Lowrys,43.6,34.804,-81.2372
Blythedale,123.3,40.4752,-93.928
Terminous,141.0,38.1153,-121.4896
Dietrich,348.4,42.9128,-114.2662
Prue,301.2,36.2494,-96.2665
Olde West Chester,476.2,39.3351,-84.4035
Aquadale,42.3,35.2244,-80.2235
Del Dios,336.3,33.0757,-117.119
Orrstown,323.6,40.0588,-77.608
Mayview,210.7,39.0529,-93.833
Varnado,162.4,30.895,-89.8318
Port Colden,271.8,40.7661,-74.9548
Constableville,121.5,43.5649,-75.4281
Vanndale,134.9,35.3153,-90.7711
Glenvil,428.8,40.5025,-98.2545
Wykoff,147.4,43.7086,-92.2674
Bear Creek Village,72.5,41.1875,-75.7553
Bondville,469.4,40.1115,-88.3682
London Mills,201.0,40.7106,-90.2661
Jersey,83.8,40.0557,-82.7227
Cherokee City,293.4,36.2947,-94.5769
Neche,172.9,48.983,-97.5517
Gorham,314.3,38.8806,-99.0237
Jeffers,353.5,44.0559,-95.1953
Gilman City,163.0,40.1311,-93.8739
Pierrepont Manor,177.2,43.7374,-76.061
White Stone,140.1,37.644,-76.3897
New Home,136.9,33.3269,-101.9117
Ridgecrest Heights,227.0,35.6019,-117.7042
Eldorado Springs,53.1,39.9366,-105.2626
Misquamicut,116.9,41.3237,-71.822
Shaver Lake,4.2,37.0971,-119.3245
Twelve Mile,215.5,40.8664,-86.2253
Rowley,352.0,42.3685,-91.8443
Saxman,141.4,55.3232,-131.5892
Snoqualmie Pass,46.4,47.4014,-121.411
Creal Springs,133.0,37.6198,-88.8371
Clara,35.1,31.5831,-88.6916
South Van Horn,17.4,64.8091,-147.7854
Kinloch,188.1,38.7384,-90.3249
Lehigh,64.8,42.3575,-94.0535
Clinchco,48.9,37.1588,-82.3562
King Salmon,0.1,58.753,-156.5061
Yadkin College,47.4,35.8766,-80.3791
Great Meadows,89.1,40.877,-74.9034
Swan Quarter,34.5,35.4109,-76.325
Eckley,288.3,40.1124,-102.4883
Painesdale,345.4,47.0435,-88.6715
Hebo,83.8,45.226,-123.8586
Zeba,37.8,46.7928,-88.4133
Slatedale,469.2,40.7438,-75.6582
Bolingbroke,72.4,32.9401,-83.7985
Wakonda,260.4,43.0081,-97.106
Teasdale,33.9,38.2851,-111.4724
Donalds,163.4,34.3766,-82.3467
Guys,11.9,35.0191,-88.5427
Counce,89.8,35.0404,-88.2717
West Falls,126.4,41.453,-75.8605
Schwana,235.3,46.8214,-119.9232
Farber,188.0,39.2747,-91.5762
Portage Des Sioux,236.3,38.9274,-90.3434
Burnettsville,182.3,40.7612,-86.5947
New Galilee,230.3,40.8335,-80.4011
Horton Bay,28.2,45.2814,-85.0742
Saddle Rock Estates,2627.8,40.794,-73.7414
Rushmore,334.8,43.6197,-95.799
Ute,260.8,42.0503,-95.7058
Hunters Hollow,1575.6,38.0784,-85.6934
Mount Enterprise,91.3,31.9113,-94.6826
Leitersburg,77.4,39.6928,-77.6206
Marne,154.6,40.0725,-82.3091
Del Sol,157.9,28.0132,-97.5202
Cleo Springs,245.2,36.4046,-98.4401
South Heights,491.8,40.5746,-80.2364
Willow River,76.0,46.3206,-92.8346
Brodnax,191.8,36.7033,-78.0318
Sicangu Village,7.4,43.0137,-100.5757
Midville,67.9,32.8217,-82.2347
Brisbin,189.2,40.8395,-78.3526
Toomsuba,28.8,32.4267,-88.51
Rensselaer Falls,309.3,44.5909,-75.319
Sabillasville,80.8,39.6994,-77.4573
Narciso Pena,1522.2,26.3019,-98.6407
Parrottsville,181.9,36.0082,-83.0916
Holiday Beach,83.6,28.167,-97.006
Sugar Bush Knolls,350.2,41.2038,-81.3472
Kenney,268.7,40.0981,-89.0862
J.F. Villareal,477.3,26.4199,-98.9788
Bowmans Crossing,78.2,38.8076,-78.592
Hedgesville,687.1,39.5544,-77.9944
Kiamesha Lake,131.7,41.6806,-74.6652
Chataignier,213.9,30.5696,-92.3168
Hollyvilla,573.7,38.0929,-85.7469
Kratzerville,143.1,40.8588,-76.8939
Remer,101.1,47.0569,-93.9126
Maxeys,56.4,33.7555,-83.1737
Fidelity,139.0,37.0816,-94.3095
Gannett,51.3,43.357,-114.1756
Sheldahl,166.5,41.8646,-93.6967
Modena,551.1,39.9619,-75.8025
Castle Valley,15.3,38.6326,-109.3966
Centertown,254.8,37.4177,-86.9959
Ripplemead,118.2,37.339,-80.6883
Bush,294.6,37.8427,-89.1295
Roxobel,128.5,36.2015,-77.2398
Lake Bridgeport,287.1,33.2074,-97.831
Chidester,25.2,33.702,-93.0238
Long Pine,231.3,42.5353,-99.7027
Rolette,133.0,48.6609,-99.8417
Shady Dale,105.6,33.4008,-83.588
Runnelstown,70.6,31.3779,-89.1143
Kelliher,60.9,47.9438,-94.4446
Turin,84.0,33.3234,-84.6374
Seagrove,117.0,35.5391,-79.78
Mayetta,547.9,39.3386,-95.7216
Lawn,224.6,32.1366,-99.7499
Shonto,29.4,36.5893,-110.6607
Ickesburg,327.3,40.4559,-77.3517
Red Feather Lakes,14.7,40.8071,-105.5864
Haystack,31.4,35.3612,-107.934
Coleville,6.9,38.5806,-119.5029
Jenkinsburg,102.6,33.3224,-84.0389
Follett,137.6,36.434,-100.1408
North Hyde Park,48.0,44.6702,-72.5927
Orchard,338.4,42.3368,-98.2411
Wardensville,203.7,39.0768,-78.593
Mccausland,240.9,41.7435,-90.4461
Martins Creek,163.7,40.7816,-75.1912
Nashport,53.6,40.068,-82.1735
Breathedsville,268.2,39.546,-77.7246
Madrone,43.3,34.5792,-106.7285
River Pines,445.0,38.5455,-120.7428
Ney,340.0,41.3806,-84.5211
North Pownal,112.0,42.7984,-73.262
Touchet,109.6,46.0411,-118.6724
Medicine Park,60.1,34.7287,-98.4782
St. Regis,155.1,47.3016,-115.1015
Munson,5.3,30.8418,-86.887
Pointe A La Hache,75.4,29.5738,-89.7809
Kylertown,77.3,40.9993,-78.1681
Chesterhill,246.2,39.4908,-81.8667
Arnold City,276.5,40.1173,-79.8226
Charlo,66.7,47.4427,-114.1716
Dowling,21.8,42.5227,-85.2531
Alpine Northeast,26.2,43.1938,-111.0072
Penn Lake Park,83.7,41.1149,-75.7736
Carman,324.1,40.7362,-91.0617
Groveland Station,225.9,42.6634,-77.7666
Honcut,31.3,39.3326,-121.5388
Webbers Falls,31.6,35.5105,-95.1601
Ben Avon Heights,706.9,40.5125,-80.0731
Pearcy,85.6,34.4314,-93.2886
Finleyville,774.0,40.2528,-80.002
Dunlevy,248.9,40.113,-79.8591
Lebam,90.6,46.564,-123.5508
Seltzer,580.6,40.696,-76.2366
Island Falls,104.9,46.0081,-68.2648
Gans,394.8,35.3874,-94.6946
Sadorus,128.5,39.9669,-88.3451
Lakeview Heights,336.8,38.152,-83.5043
Leoma,69.6,35.1582,-87.3464
Bayou Goula,54.0,30.2105,-91.1765
Harpers Ferry,246.7,39.3252,-77.741
Bent Tree Harbor,63.6,38.2477,-93.4934
Yampa,459.8,40.153,-106.9085
Patrick,135.1,34.5752,-80.0446
Aurora Springs,306.3,38.3243,-92.5822
Buncombe,110.9,37.4713,-88.9747
Hoytville,177.6,41.19,-83.7843
Strausstown,67.0,40.4913,-76.1821
Hornbrook,112.7,41.908,-122.5597
Chili,101.0,44.6296,-90.3583
Quaker City,250.5,39.9697,-81.2973
Cokesbury,221.8,34.29,-82.2087
Hoven,273.8,45.2416,-99.7775
Wattsburg,312.6,42.0029,-79.807
Ochoco West,298.9,44.4033,-120.9207
Trout Creek,71.2,47.8331,-115.5837
Vadito,152.3,36.1929,-105.6755
Smith Island,30.2,37.9748,-76.0251
St. Louisville,532.8,40.1711,-82.4179
Greenehaven,170.8,36.9959,-111.5566
Wells River,69.3,44.1538,-72.0615
Cattle Creek,101.0,39.4667,-107.2599
Cottontown,37.3,36.449,-86.5336
North Acomita Village,33.7,35.0673,-107.5649
Embarrass,111.4,44.6684,-88.7037
Mcville,90.9,47.7653,-98.1755
Branch,17.7,30.348,-92.2771
Good Pine,169.6,31.6933,-92.1637
Villa De Sabana,4811.8,18.4346,-66.1901
Lyndon Center,378.8,44.5377,-72.0142
Wolflake,78.8,41.335,-85.4958
Lowry,287.6,45.705,-95.519
Caspar,43.5,39.3631,-123.8043
Hoffman Lake,186.2,41.2725,-85.9886
Reklaw,44.1,31.8662,-94.9834
Leasburg,300.0,38.095,-91.2952
East Smithfield,86.7,41.8645,-76.6255
Loma Grande,87.4,28.7221,-99.8327
Coin,144.7,40.6558,-95.2349
Warfield,156.8,37.8415,-82.4224
Derby Acres,36.1,35.244,-119.6038
Bodega,44.6,38.3488,-122.9711
Hornick,274.8,42.2305,-96.0972
Tennyson,300.1,42.6907,-90.6868
Salley,168.9,33.5671,-81.3038
Foxworth,46.8,31.2385,-89.8828
Barwick,180.1,30.8933,-83.7391
East Altoona,488.7,40.5469,-78.3636
Hosston,48.4,32.885,-93.8814
Earl Park,139.5,40.6856,-87.4201
Y-O Ranch,53.7,42.0351,-104.923
La Valle,323.6,43.583,-90.1303
Amherst Junction,104.3,44.4687,-89.3167
Kieler,153.6,42.5823,-90.6051
Tontogany,466.9,41.421,-83.741
Askov,102.2,46.1886,-92.7824
Tunnelton,247.9,39.3929,-79.7466
Presho,191.6,43.9071,-100.0583
Cedar Rock,112.7,35.9435,-81.4584
South Union,49.4,34.5536,-83.0509
Streetman,91.6,31.8787,-96.3306
Neelyville,111.8,36.5562,-90.5139
Campbell Station,75.5,35.6678,-91.2538
Ratamosa,63.1,26.2006,-97.8445
Cruger,133.3,33.323,-90.2355
Finesville,60.7,40.611,-75.1738
Ranchitos Las Lomas,35.4,27.6282,-99.2345
Penfield,95.3,41.2115,-78.5766
Yarborough Landing,59.2,33.7126,-94.0112
Highland Meadows,18.5,34.94,-107.1656
Eek,206.0,60.2164,-162.0331
Torrey,74.6,38.3078,-111.4269
Okahumpka,210.5,28.7459,-81.8962
Gracemont,186.6,35.1879,-98.2591
Las Palomas,80.0,33.0589,-107.2983
Mineral Bluff,91.0,34.914,-84.2776
White Hills,2.5,35.7242,-114.4004
Waukau,92.3,43.9862,-88.7705
Mono City,16.4,38.0321,-119.1474
Moose Creek,83.2,64.714,-147.1639
Richlawn,1715.4,38.2547,-85.6412
Bronwood,161.7,31.8305,-84.3644
East Duke,294.1,34.6628,-99.5696
Jensen,39.6,40.3695,-109.3555
Cuyamungue Grant,50.1,35.8464,-105.9948
Winslow West,7.4,34.9918,-110.7069
Benedict,196.9,41.0063,-97.6072
Ellis Grove,259.4,38.0094,-89.9099
Veyo,61.7,37.3375,-113.6931
Houston Lake,1020.8,39.1924,-94.6219
Smithville Flats,89.6,42.3944,-75.8105
Hammondville,26.3,34.5688,-85.6394
Waucoma,272.5,43.0555,-92.0344
Westhope,447.3,48.9112,-101.0176
Bailey Lakes,161.7,40.9488,-82.3572
Floridatown,319.6,30.5828,-87.1613
Cumberland Gap,524.3,36.5974,-83.6658
Arpelar,57.2,34.9356,-95.9589
Metompkin,110.1,37.7671,-75.6054
Cade Lakes,67.9,30.5152,-96.7751
Rosebush,143.3,43.6998,-84.7657
Post Lake,17.6,45.4352,-89.0921
Krakow,113.0,44.7585,-88.2611
Campbell Hill,274.7,37.9305,-89.5515
Searchlight,32.8,35.4555,-114.9204
Arimo,256.1,42.5601,-112.173
Goldonna,9.7,32.0155,-92.9203
New Trenton,278.3,39.3088,-84.8969
Herlong,76.2,40.1417,-120.1397
Junior,462.1,38.9782,-79.9504
La Tierra,13.0,35.7473,-106.0308
Lake Viking,16.1,39.9253,-94.0692
Wacissa,30.2,30.3566,-83.9937
Mokane,9.6,38.6744,-91.8723
Winter,159.9,45.8221,-91.013
Luthersburg,70.6,41.0534,-78.7192
Shorter,27.9,32.4077,-85.9413
Foster Center,58.4,41.7898,-71.7328
Dewey Beach,471.0,38.6958,-75.0749
Applewold,1383.1,40.8084,-79.5221
Benton Ridge,379.1,41.0043,-83.792
Canada Creek Ranch,56.7,45.1738,-84.2128
Grahamsville,86.0,41.8527,-74.5522
Fronton,303.1,26.4255,-99.0761
Persia,251.8,41.5785,-95.5701
Elkmont,76.9,34.9289,-86.9765
Ezel,142.6,37.892,-83.4446
Forbestown,20.1,39.53,-121.2689
Platte Center,370.0,41.5374,-97.4886
Pigeon Falls,290.9,44.4247,-91.2082
Sledge,236.4,34.4326,-90.2212
West Harrison,926.9,39.2581,-84.8225
Egg Harbor,51.2,45.0528,-87.2826
College Corner,558.8,39.5682,-84.8109
Table Rock,215.1,40.1783,-96.0887
Royerton,245.7,40.2637,-85.3655
Belk,91.1,33.6517,-87.9286
Hanaford,125.3,37.958,-88.8356
Salona,124.7,41.0838,-77.4586
Granjeno,439.5,26.1371,-98.3034
Murray City,202.6,39.5097,-82.1678
Livonia Center,154.1,42.8211,-77.6421
Fort Mcdermitt,7.0,41.9655,-117.6394
Auburntown,217.8,35.9511,-86.0969
Blanca,68.7,37.4393,-105.5135
Magnetic Springs,458.5,40.3535,-83.2626
Glendon,204.6,40.6607,-75.2364
Shipshewana Lake,143.6,41.6851,-85.6064
Schellsburg,280.4,40.0481,-78.6434
Agra,319.0,35.895,-96.8703
Lytton,174.2,42.4233,-94.8609
Stantonville,111.3,35.1569,-88.4302
Wetmore,324.6,39.6357,-95.8112
Birdseye,197.3,38.3149,-86.6961
Paguate,25.8,35.1473,-107.3814
Potsdam,281.5,39.9637,-84.4148
Mcclusky,109.8,47.484,-100.4426
East Gillespie,465.8,39.1378,-89.8127
Harlansburg,135.6,41.0242,-80.1887
Wassaic,196.3,41.8064,-73.5593
Townville,247.4,41.679,-79.8799
Aneth,11.3,37.205,-109.1623
Beaver Crossing,190.9,40.7782,-97.2825
Gaastra,76.5,46.0557,-88.605
Ribera,49.7,35.37,-105.4441
Kendrick,140.9,46.614,-116.6543
Toston,48.1,46.1657,-111.4459
East New Market,312.9,38.597,-75.9232
Gagetown,127.5,43.6572,-83.2449
Tuluksak,42.7,61.105,-160.9493
Villa Esperanza,1490.6,18.4262,-66.2311
Christine,72.5,28.7862,-98.4978
Dill City,215.9,35.2816,-99.1336
Liscomb,123.5,42.1912,-93.0063
Grenora,205.3,48.6199,-103.9367
Herbst,17.7,40.5145,-85.7815
Akeley,84.9,47.0005,-94.728
Gail,62.0,32.767,-101.4465
Fancy Farm,142.4,36.8003,-88.7928
Bunker,188.1,37.4574,-91.2121
Marklesburg,120.4,40.3821,-78.1697
Abbott,210.7,31.8868,-97.0799
Little Ponderosa,166.8,36.9612,-100.8782
Onekama,212.5,44.3656,-86.2021
North San Ysidro,54.3,35.4747,-105.5661
Tonkawa Tribal Housing,297.7,36.6697,-97.2662
Alford,117.9,30.6967,-85.3953
Mount Clare,80.8,39.1003,-89.8252
Grandfalls,230.3,31.3405,-102.8544
Helmsburg,98.3,39.2653,-86.2928
Witmer,100.0,40.05,-76.2114
Eros,124.8,32.3926,-92.4239
Nespelem Community,5.3,48.1715,-119.0244
Kings,217.8,42.0031,-89.107
Willis Wharf,253.0,37.5176,-75.8089
Hartwick Seminary,63.4,42.6522,-74.9602
New Post,6.0,45.8964,-91.1929
Holiday Lake,46.3,41.8175,-92.4529
Kangley,371.3,41.148,-88.8722
Taloga,240.1,36.0402,-98.964
Freeborn,457.0,43.7659,-93.5642
Light Oak,86.2,35.2867,-81.4775
Beaverville,469.5,40.9534,-87.6546
Griffithville,226.2,35.1231,-91.6449
Numidia,117.5,40.8783,-76.4034
Hunts Point,566.5,47.647,-122.2306
Lomax,104.3,40.6792,-91.0754
Oak Creek Canyon,5.4,34.949,-111.7505
Copper Mountain,3.9,39.4769,-106.2011
Hadar,311.8,42.1072,-97.451
Mound Valley,192.4,37.2071,-95.4046
East Dailey,117.5,38.7795,-79.8911
New Douglas,117.9,38.9697,-89.6665
Pitsburg,585.4,39.9871,-84.488
Emmons,146.0,43.5071,-93.485
Candelero Abajo,698.7,18.0942,-65.8165
Picacho,20.3,32.709,-111.4909
Lakeridge,84.9,39.0382,-119.9397
Melvin Village,77.0,43.6896,-71.3064
Wyano,104.9,40.2015,-79.6939
Casa Colorada,22.4,34.5534,-106.742
Whiteash,141.9,37.7853,-88.9294
Minburn,672.2,41.7576,-94.0285
St. Marie,5.4,48.4053,-106.4986
Carytown,8.5,37.2616,-94.3344
Nellie,180.5,40.3384,-82.0713
Wainiha,50.0,22.1984,-159.5458
Warren City,70.5,32.553,-94.9056
Tradewinds,113.7,27.995,-97.2602
Loma Mar,71.1,37.2658,-122.3007
Grandview Lake,238.7,39.1523,-86.0464
Jemez Springs,25.6,35.7732,-106.6909
East Hodge,367.7,32.2776,-92.714
Marblemount,33.2,48.5418,-121.4397
Chickaloon,1.8,61.804,-148.4103
Royal Lakes,263.7,39.1117,-89.9607
Clutier,163.7,42.0793,-92.4036
Skyland,28.2,39.0265,-119.9221
Cobalt,563.3,37.5454,-90.2876
Table Grove,245.9,40.365,-90.4252
New Riegel,245.0,41.052,-83.3191
New Odanah,50.6,46.5986,-90.6509
Hinkleville,185.7,38.924,-80.2636
Hersey,111.3,43.8513,-85.4419
Brownsboro Village,1622.5,38.2629,-85.6659
Sherrodsville,302.3,40.4945,-81.2441
Lost Creek,126.1,39.1628,-80.3483
Gillisonville,103.5,32.6116,-81.0001
North Vandergrift,311.8,40.6085,-79.5561
Sidman,123.2,40.3235,-78.7523
Hilham,34.7,36.41,-85.4421
Casstown,493.1,40.0528,-84.1285
Delight,221.3,34.0301,-93.5072
Mobile City,539.6,32.9228,-96.4111
Stinesville,123.6,39.3,-86.6498
Ozora,19.9,37.8667,-90.0518
Grand Lake,118.3,40.2502,-105.8232
Cyrus,295.7,45.6147,-95.7381
Austinburg,37.2,41.7692,-80.8556
Manns Choice,242.9,40.0035,-78.5912
Buckman,120.1,45.8973,-94.094
Deep River,278.1,41.5816,-92.3729
Lu Verne,57.3,42.9095,-94.0836
Blandburg,250.9,40.6837,-78.4159
Addieville,122.5,38.3913,-89.4865
Boyne Falls,218.1,45.1678,-84.9131
Mesa Vista,24.9,38.8102,-119.8033
Gillsville,39.1,34.3085,-83.6352
Breedsville,187.2,42.3489,-86.0716
East Laurinburg,677.6,34.7691,-79.445
Heckscherville,58.7,40.721,-76.2669
Waltonville,98.1,38.2141,-89.0381
Glen Echo,1658.5,38.9683,-77.1412
Plaza,112.0,48.026,-101.9594
Pottersville,132.9,40.7133,-74.7253
Fairhaven,186.6,40.7884,-124.2014
Forgan,308.3,36.907,-100.5381
Wilburn,121.9,35.5087,-91.8884
Yeehaw Junction,64.8,27.6993,-80.8871
Greasewood,22.6,35.5279,-109.8614
Keo,24.5,34.609,-92.0102
Bombay Beach,182.1,33.3556,-115.7269
Rose Hill Acres,311.7,30.1933,-94.193
Sylvan Grove,212.8,39.0123,-98.3944
Martin City,69.9,48.3935,-114.0308
East Arcadia,54.9,34.3816,-78.3231
Vann Crossroads,26.5,35.1697,-78.4026
Bainville,95.6,48.147,-104.2264
Glen Arbor,117.5,44.896,-85.9899
Beal City,30.0,43.6692,-84.9086
Ransom,120.5,41.1586,-88.6542
Gary City,63.5,32.0277,-94.3679
Martinton,312.2,40.9153,-87.7264
Rienzi,121.6,34.7633,-88.534
Excelsior Estates,101.6,39.39,-94.2082
Heron,23.6,48.0637,-115.98
Mcconnells,35.5,34.8695,-81.2266
Copper Center,9.6,61.9845,-145.3544
Mingus,77.5,32.5363,-98.4249
Anon Raices,330.0,18.1389,-66.5856
Edmondson,40.1,35.105,-90.3054
Kaw City,39.9,36.7675,-96.8602
Meansville,239.5,33.0508,-84.3082
Clatonia,135.6,40.4654,-96.8512
Skamokawa Valley,4.3,46.3004,-123.4243
Vesta,297.0,44.5067,-95.4139
New Meadows,205.5,44.9712,-116.2857
Vanlue,225.6,40.9752,-83.4825
Chaseburg,142.5,43.6598,-91.0968
Barber,18.5,35.7562,-94.8414
Pine Village,242.6,40.4495,-87.2534
North Washington,23.1,39.8084,-104.9792
Deal Island,39.6,38.1444,-75.9417
Cullomburg,22.4,31.7131,-88.2917
Colony,247.3,38.0712,-95.3629
Virgil,54.8,41.9557,-88.529
Gentryville,303.7,38.1091,-87.0316
Arenzville,155.9,39.8805,-90.3706
Yaak,4.3,48.8647,-115.6777
Mountain Ranch,30.6,38.2117,-120.5311
Spartansburg,180.5,41.8241,-79.6829
Angie,78.1,30.9633,-89.8177
Harbor Island,117.0,32.4033,-80.4377
New Pittsburg,87.8,40.8416,-82.0989
Tunnelhill,241.5,40.4782,-78.5423
Proctorsville,146.8,43.381,-72.6373
Goose Lake,141.9,41.9676,-90.3817
New Miami Colony,10.3,48.1912,-112.2804
Teller,79.8,65.2531,-166.342
Deloit,292.8,42.0972,-95.3174
Chupadero,66.1,35.8144,-105.9198
Quemado,66.7,34.3414,-108.506
Grandin,297.9,36.8308,-90.8221
Tanana,11.2,65.1746,-152.0686
Bowler,114.8,44.8627,-88.9814
River Point,228.4,46.1434,-123.8041
Bieber,34.4,41.1332,-121.1295
Rockford Bay,31.5,47.5086,-116.8866
Centre Island,109.1,40.9017,-73.5211
Mongo,305.5,41.6848,-85.2797
Manlius,407.7,41.4557,-89.6692
Baron,20.2,35.9308,-94.6089
Marland,244.0,36.5611,-97.1529
Ravensdale,96.0,47.3589,-121.9781
Ranchitos Del Norte,291.7,26.4003,-98.8715
Greensboro Bend,53.3,44.5582,-72.2643
Needmore,184.8,38.9267,-86.5263
Halbur,279.4,42.0051,-94.9723
Cashion Community,62.5,34.0365,-98.5081
Big Bay,30.4,46.8145,-87.6997
City Of Creede,125.2,37.8486,-106.9253
Cooter,387.0,36.0467,-89.8091
El Castillo,758.4,26.3348,-98.6391
Holland Patent,234.5,43.2413,-75.2567
Cantril,229.2,40.6429,-92.0684
Westside,80.6,42.0757,-95.1014
Sandborn,303.7,38.8968,-87.1848
Leach,20.6,36.1979,-94.9099
Wood,138.9,40.1668,-78.1387
Talala,262.3,36.5295,-95.7011
Hilltown,213.1,36.729,-80.9822
Hodges,28.6,34.334,-87.9299
St. Thomas,116.4,48.6192,-97.4471
Abrams,143.3,44.7796,-88.0604
Rodanthe,123.6,35.5924,-75.4662
Fort Supply,448.8,36.5721,-99.5735
Columbus City,233.0,41.2592,-91.3748
Onslow,133.3,42.1068,-91.0151
Koyuk,23.2,64.9411,-161.1454
Murdock,189.9,45.2234,-95.3946
Branchdale,165.4,40.6732,-76.3222
Fountain Run,89.8,36.7238,-85.9561
Idledale,181.2,39.6688,-105.2432
Crows Landing,71.5,37.3944,-121.0752
Glen Acres,119.6,32.375,-108.7162
Topaz Lake,95.2,38.6976,-119.5427
Pawlet,46.6,43.3481,-73.1743
Zihlman,78.1,39.6741,-78.9131
Hunker,232.6,40.2041,-79.6154
Neosho Rapids,233.2,38.3685,-95.9916
Lagro,198.5,40.8391,-85.7275
Apple River,167.1,42.5022,-90.0937
Lake Cavanaugh,152.8,48.3225,-122.0122
San Carlos Ii,941.3,27.4901,-99.3684
Delaware Park,1331.7,40.7051,-75.1883
Melvern,291.0,38.5073,-95.6377
Froid,188.2,48.338,-104.4909
Annex,47.7,44.2346,-116.9922
Painter,180.4,37.5852,-75.7837
South Toledo Bend,36.2,31.1568,-93.6074
Twin Forks,28.4,32.9463,-105.6374
Quimby,288.1,42.629,-95.6442
Ridgeley,1494.6,39.6432,-78.7711
Kanarraville,263.7,37.5378,-113.181
Hickox,43.8,31.1471,-81.9952
Parcelas Mandry,805.2,18.0811,-66.5627
Cranfills Gap,161.2,31.7753,-97.8302
Port Elizabeth,78.2,39.3079,-74.9757
Bloomburg,116.2,33.1378,-94.0591
Diggins,120.8,37.174,-92.8503
Moseleyville,112.5,37.6747,-87.1938
Mindoro,184.4,44.0202,-91.1019
Briggsville,74.1,43.6561,-89.5897
Briarwood Estates,171.9,38.1564,-90.5905
Lake Huntington,97.9,41.683,-74.9922
Mcroberts,20.9,37.2132,-82.6687
Ages,209.4,36.8569,-83.2426
Big Clifty,81.0,37.5442,-86.1514
Rattan,29.5,34.2005,-95.4131
Amazonia,282.4,39.8888,-94.8927
Halchita,6.8,37.1314,-109.9131
Esto,53.5,30.9819,-85.6429
Brandt,120.5,39.9027,-84.0908
Puako,36.4,19.9628,-155.8389
County Line,149.2,33.8208,-86.7195
Mohrsville,55.0,40.4781,-75.9851
Taylor Landing,103.0,29.8641,-94.1348
Trilby,116.2,28.4564,-82.194
Hickory Ridge,180.1,35.4029,-90.9946
South Williamson,58.9,37.6633,-82.2879
Bonesteel,289.2,43.0775,-98.9467
Moneta,30.3,37.1886,-79.6133
Leamington,74.3,39.5313,-112.2855
Mingoville,63.5,40.9369,-77.6596
Palisades,207.0,35.0614,-101.8032
West Pawlet,222.4,43.3575,-73.247
Trinity Center,22.2,40.9841,-122.7083
Langleyville,295.8,39.5611,-89.3603
Ashley Heights,52.0,35.09,-79.374
San Simeon,145.9,35.6182,-121.1374
Orick,24.5,41.2909,-124.0692
Lostine,247.2,45.4868,-117.4296
Zuehl,22.0,29.496,-98.1535
Snake Creek,13.9,36.1786,-95.0937
Meservey,77.4,42.9157,-93.4733
Coldfoot,3.2,67.2475,-150.1079
Dyckesville,107.8,44.6403,-87.7647
Mackeyville,66.6,41.0545,-77.4614
Starks,33.8,30.3105,-93.6667
Edom,46.2,32.3743,-95.6099
Wardner,132.9,47.5189,-116.1357
Hysham,291.2,46.2909,-107.2305
Fort Coffee,17.7,35.2942,-94.5731
Neahkahnie,177.4,45.7324,-123.9399
Lake Chaffee,610.6,41.9389,-72.1961
Reinerton,248.6,40.5914,-76.5359
Crumpton,122.9,39.2358,-75.9223
Raysal,93.9,37.3367,-81.7712
Chewsville,138.2,39.6484,-77.6311
Sauget,25.2,38.5842,-90.1608
Athalia,167.8,38.5127,-82.3093
Shaft,146.3,39.6265,-78.9384
Richvale,124.1,39.4937,-121.7508
Biggsville,268.1,40.8536,-90.8621
Arpin,140.0,44.5394,-90.0315
Matagorda,62.4,28.697,-95.9668
Young America,153.1,40.5686,-86.3467
Grammer,75.2,39.1528,-85.725
Imbler,375.8,45.4621,-117.9632
Sandia,119.1,28.0198,-97.8704
Coinjock,137.0,36.3513,-75.9526
Lowrey,7.3,36.0974,-94.9291
Mallard Bay,54.3,35.8623,-95.2638
Oslo,333.7,48.1954,-97.1321
Berrysburg,189.2,40.6029,-76.8101
Quechee,61.9,43.6445,-72.4184
Randlett,182.8,34.1773,-98.4639
East Dorset,51.6,43.245,-73.0069
Clifford,76.0,43.3148,-83.1793
Braden,31.2,35.3685,-89.5718
Springfield Center,23.8,42.8357,-74.8721
Buckatunna,18.5,31.5424,-88.5292
Stoutland,189.8,37.8136,-92.5142
Elmer City,263.1,47.9999,-118.954
Port Hope,113.4,43.9394,-82.7153
Humbird,101.2,44.5295,-90.8862
Atalissa,247.2,41.5715,-91.1664
Hydaburg,352.4,55.2061,-132.8208
Sarah Ann,62.8,37.7086,-81.988
Comfrey,267.9,44.1111,-94.9029
Chestnut,343.0,40.0537,-89.1871
Edroy,51.9,27.9609,-97.6754
Hancocks Bridge,353.6,39.5051,-75.4605
Lambs Grove,268.3,41.7007,-93.0793
Newsoms,228.7,36.6262,-77.1248
Denning,106.1,35.4252,-93.7568
East Globe,33.8,33.3511,-110.7061
Haring,49.4,44.2819,-85.4007
Berkey,27.0,41.7085,-83.8383
Newhope,37.7,34.2276,-93.8753
Hermosa,132.2,43.8399,-103.193
Notchietown,14.6,35.5857,-95.0901
South Mountain,70.6,31.4398,-97.6793
Guide Rock,227.4,40.0737,-98.3288
Reevesville,70.8,33.2021,-80.6456
Lost Bridge Village,35.2,36.3899,-93.9156
Summer Shade,56.0,36.8837,-85.7098
North Sultan,202.2,47.8829,-121.8253
Staplehurst,164.4,40.9747,-97.1732
Pakala Village,47.5,21.9445,-159.6436
Timber Hills,170.5,40.2457,-76.4838
Ulster,148.6,41.8473,-76.5065
Clam Gulch,8.5,60.2,-151.3939
Toone,108.4,35.3565,-88.9542
Grosse Tete,77.4,30.4148,-91.4395
Goltry,89.4,36.5319,-98.151
Ridgeville Corners,124.1,41.4388,-84.2554
Keokee,24.1,36.8622,-82.9161
Koosharem,136.0,38.5134,-111.8819
Beaux Arts Village,1465.6,47.5853,-122.205
Albright,305.4,39.4937,-79.6399
Kimballton,149.0,41.6272,-95.0747
South Mills,63.4,36.4379,-76.3308
Rollinsville,80.4,39.9232,-105.5136
Coulter,176.0,40.3006,-79.7973
Leona,50.9,31.1537,-95.976
Gumbranch,140.2,31.8367,-81.6838
Pawnee Rock,108.0,38.2649,-98.9823
Shaktoolik,106.0,64.3568,-161.1973
Perrytown,81.1,33.6973,-93.534
Carbon,195.0,39.5991,-87.1077
Pecan Gap,180.4,33.4382,-95.8519
Gilchrist,107.7,43.477,-121.69
New Suffolk,203.3,40.9961,-72.4767
Ballantine,124.3,45.9511,-108.1428
Nelsonia,64.9,37.8224,-75.5896
Seaview,172.0,19.4067,-154.9214
Anamoose,180.9,47.8828,-100.242
Merom,138.8,39.0559,-87.5672
Klein,8.8,46.3983,-108.5525
New Munster,95.6,42.5758,-88.2311
East Cape Girardeau,57.5,37.2957,-89.4869
Henrieville,84.5,37.5638,-112.002
Wynona,205.3,36.5458,-96.3264
Villa Quintero,1600.0,18.4255,-66.235
Maunaloa,153.1,21.1334,-157.2123
Glacier,67.4,48.8908,-121.9351
Catherine,131.3,39.4017,-107.133
Hartz Lake,266.8,41.1762,-86.4942
Rebecca,143.0,31.8072,-83.4876
Kendleton,102.2,29.4469,-96.0012
Luana,102.0,43.0594,-91.4557
Tyonek,1.7,61.0734,-151.333
Progreso Lakes,53.6,26.0712,-97.9587
Chance,17.7,36.0607,-94.6478
Enemy Swim,120.2,45.4319,-97.2868
Capulin,118.6,37.2819,-106.105
Camp Sherman,35.7,44.4493,-121.6496
Mulat,71.4,30.5595,-87.1297
Nettie,35.7,38.2183,-80.6889
Moshannon,164.9,41.0345,-78.0066
Colerain,58.0,36.2013,-76.7661
Salt Lick,143.3,38.1194,-83.6156
Turon,251.6,37.8075,-98.4278
Wachapreague,182.6,37.6063,-75.6897
Orestes,239.1,40.271,-85.7247
Langlois,78.5,42.9259,-124.4532
Mekoryuk,15.8,60.3704,-166.267
Patricksburg,226.8,39.3156,-86.9592
Wakita,221.3,36.8819,-97.9241
Hunterstown,64.9,39.8825,-77.1568
Michiana,240.7,41.7637,-86.8113
Mountain Dale,19.3,41.6936,-74.5218
Acacia Villas,2257.1,26.6457,-80.1104
Loda,76.1,40.516,-88.0756
Storden,245.6,44.0396,-95.3193
Plumwood,179.5,40.0088,-83.4147
Le Raysville,106.7,41.8381,-76.1776
Castleberry,65.0,31.3001,-87.0269
Diamond Beach,459.3,38.9595,-74.8531
Parmele,96.0,35.8181,-77.3143
Mcewensville,388.4,41.0723,-76.8188
Walstonburg,273.3,35.5961,-77.6981
Pilger,261.8,42.0078,-97.0546
Metaline Falls,447.5,48.8615,-117.3718
Point Lay,3.9,69.7443,-162.8678
Hanley Falls,240.5,44.6918,-95.6195
Yuma Proving Ground,82.7,32.8652,-114.4369
Bonnieville,192.8,37.3774,-85.9015
Ambrose,36.3,31.5945,-83.0137
Negley,123.6,40.7927,-80.536
Gackle,206.0,46.6264,-99.1412
Backus,178.8,46.8207,-94.5148
Cheshire,235.7,44.1901,-123.2834
Castella,99.0,41.1549,-122.3032
Elbing,374.8,38.0534,-97.1283
Brule,422.8,41.0947,-101.8882
Dowell,284.1,37.9396,-89.2391
Bay View Gardens,194.7,40.8102,-89.5272
Tremont City,399.8,40.0147,-83.8386
Raiford,202.5,30.0638,-82.2391
Lueders,187.3,32.8004,-99.6232
Longton,94.0,37.3779,-96.0821
Toccopola,13.1,34.2561,-89.2211
Trumbull,256.0,40.6801,-98.2734
Secor,326.7,40.7418,-89.135
Ewen,131.0,46.5331,-89.2852
Merino,426.9,40.4835,-103.3535
Fries,173.1,36.714,-80.9752
Railroad,173.0,39.7596,-76.6961
Hood,233.7,38.3693,-121.5155
Dyess,114.9,35.5893,-90.2133
Tynan,31.9,28.1708,-97.7492
Upper Red Hook,141.6,42.0262,-73.8456
Whatley,85.2,31.6463,-87.7108
Skillman,75.0,40.4247,-74.714
Cedar Hill Lakes,276.6,38.33,-90.6577
Coffee Creek,9.6,41.0802,-122.7136
Bordelonville,25.3,31.1012,-91.9005
Tullos,69.5,31.8188,-92.3293
Rhodes,108.5,41.9278,-93.1837
St. Hilaire,140.7,48.0135,-96.2137
Potter,76.4,41.2244,-103.1905
Clipper Mills,63.3,39.5325,-121.1665
Milburn,234.5,34.24,-96.552
Bullhead,36.5,45.7693,-101.0809
Adams Lake,265.1,41.5536,-85.3302
Stroh,213.3,41.5814,-85.1994
Milligan,262.4,40.5001,-97.3882
Blain,356.8,40.3365,-77.5124
Dixie Inn,226.0,32.5968,-93.3317
Acme,73.1,48.7158,-122.2077
Vicco,130.4,37.2161,-83.0609
Nulato,2.7,64.7052,-158.2382
Pavillion,212.5,43.244,-108.689
Max,140.7,47.8204,-101.2911
Standard,154.1,41.2558,-89.1818
Eitzen,179.9,43.508,-91.4636
Boneau,46.2,48.2926,-109.8632
Cofield,34.9,36.3567,-76.9106
Bendon,54.7,44.637,-85.8378
Di Giorgio,391.8,35.2491,-118.8442
Barrville,155.7,40.6664,-77.6831
Tenkiller,7.0,35.7935,-94.8537
Mehoopany,107.7,41.568,-76.0616
Diamondhead Lake,112.3,41.5507,-94.258
Callisburg,53.4,33.6987,-97.0159
Coffee City,56.5,32.1383,-95.4871
Red Cliff,384.7,39.5092,-106.3699
Lupton,33.8,44.4297,-84.0225
Elderton,318.8,40.6945,-79.3421
Lead Hill,189.0,36.4137,-92.9067
Siloam,90.0,33.5367,-83.0812
Longstreet,53.3,32.0976,-93.9505
Snelling,27.1,33.2416,-81.4622
Hop Bottom,180.4,41.7053,-75.7674
Carrizo,12.1,33.9866,-110.3314
Eskdale,99.4,38.0909,-81.4471
Sipsey,227.4,33.8225,-87.0835
Davy,85.5,37.4759,-81.6475
Sagaponack,24.7,40.9302,-72.2726
Grand Detour,93.1,41.9011,-89.4137
Switz City,322.2,39.0348,-87.054
Sandy Creek,75.5,34.2799,-78.1531
Bee,148.8,41.0064,-97.0583
Mulhall,133.4,36.0913,-97.361
Agricola,72.5,30.812,-88.5224
Cuylerville,257.4,42.7778,-77.8737
Neilton,11.2,47.4031,-123.8782
North Robinson,191.1,40.7924,-82.8568
Oil Trough,391.8,35.6292,-91.4612
Hepzibah,117.6,39.3309,-80.3341
Edenborn,280.4,39.8821,-79.8877
Jenera,121.3,40.8995,-83.727
Boykin,38.7,32.0696,-87.2915
Spangle,413.2,47.4299,-117.3812
Plevna,183.4,46.4184,-104.5186
Bakerhill,39.3,31.7769,-85.2955
Baileys Harbor,64.1,45.0659,-87.133
Rentz,103.0,32.3835,-82.9917
Chilhowee,320.7,38.5885,-93.8559
El Adobe,107.9,35.2451,-118.9589
Macks Creek,56.0,37.9639,-92.9682
Channing,108.6,35.6819,-102.3322
Crumpler,71.8,37.4262,-81.3313
Chain Of Rocks,131.1,38.9155,-90.802
Cloverland,182.7,39.5014,-87.2314
Arriba,215.9,39.2843,-103.274
Salisbury Mills,216.0,41.4308,-74.1098
Babb,11.4,48.8777,-113.4408
Nageezi,7.6,36.2488,-107.7471
Gasconade,244.8,38.6703,-91.56
Brainard,237.7,41.1821,-97.0024
Copemish,115.4,44.4804,-85.9242
Birch Hill,173.9,46.5209,-90.5555
Pablo Pena,1522.2,26.3037,-98.6405
Duane Lake,44.9,42.7526,-74.1088
Sacate Village,36.3,33.1416,-111.9811
Tharptown,575.0,40.8028,-76.572
Crook City,118.3,44.4381,-103.6434
La Barge,113.9,42.2605,-110.1971
Unionville Center,404.1,40.1367,-83.3416
Eastville,136.5,37.3511,-75.9417
Homewood At Martinsburg,1088.7,40.3044,-78.3323
Carrsville,33.5,36.7088,-76.837
Elco,168.9,40.0812,-79.8813
Palominas,55.1,31.3839,-110.1212
Dungannon,314.3,36.8285,-82.4681
Truchas,15.5,36.0338,-105.8095
Acampo,114.5,38.1735,-121.2797
Knollcrest,351.3,41.5012,-73.4669
Twin Groves,23.2,35.3187,-92.4253
Anaktuvuk Pass,20.7,68.15,-151.7162
Lac La Belle,96.6,43.1432,-88.53
Hoople,197.7,48.5358,-97.6389
Lake Angelus,108.6,42.6921,-83.3216
Callaghan,70.6,37.8112,-80.0871
White Shield,28.2,47.6601,-101.8436
Peacham,69.4,44.3296,-72.1725
Alpine Northwest,89.9,43.1817,-111.0347
Pukwana,139.0,43.7792,-99.1843
Stovall,83.4,36.4476,-78.5689
Mitiwanga,252.1,41.3813,-82.466
Alonzaville,120.9,38.9287,-78.5464
Kanauga,235.5,38.8411,-82.1495
Thor,107.1,42.6881,-94.0496
Camargito,529.3,26.3451,-98.7387
Iliff,198.9,40.7592,-103.0661
Bessie,205.0,35.3854,-98.9892
Burleigh,69.7,39.049,-74.8465
Soham,68.6,35.4168,-105.4985
Alsace Manor,489.5,40.3973,-75.8548
Pottawattamie Park,368.8,41.7233,-86.8671
Tehuacana,67.3,31.7411,-96.5436
Indiahoma,386.1,34.6197,-98.7522
Tonalea,10.7,36.3218,-110.9667
New Munich,199.4,45.6309,-94.7525
Tarsney Lakes,138.1,38.9506,-94.205
Durbin,177.0,38.5471,-79.8278
Pine Point,29.5,46.9889,-95.3883
Toaville,409.7,18.4438,-66.2431
Wells Bridge,117.4,42.3712,-75.2432
Stout,186.9,42.527,-92.7115
Lodoga,31.2,39.3041,-122.5058
Glenford,251.1,39.8863,-82.3201
Wolbach,154.2,41.4013,-98.394
St. Regis Falls,81.9,44.6764,-74.5309
St. Maurice,15.9,31.7613,-92.9389
Cleghorn,268.3,42.8124,-95.7127
Louviers,66.9,39.4799,-105.0033
Glenbrook,27.9,39.0986,-119.9341
Neskowin,76.1,45.1208,-123.9766
Bentonia,74.3,32.6437,-90.3692
Repton,110.5,31.4096,-87.2394
Lenapah,257.0,36.8514,-95.6357
Olsburg,231.5,39.432,-96.6158
Darrouzett,208.1,36.4447,-100.3258
Becenti,112.8,35.8123,-108.1708
St. Marks,53.8,30.1656,-84.2078
Tallulah Falls,12.8,34.7263,-83.3826
Akiak,49.1,60.9061,-161.2122
North Clarendon,79.0,43.5722,-72.9667
Bluejacket,242.3,36.8003,-95.074
Clear Creek,93.0,40.3023,-121.0531
Riverland,315.8,47.3228,-95.9512
New Columbus,34.0,41.1732,-76.2868
Nordic,20.9,43.0793,-110.9913
Universal,378.2,39.6226,-87.4554
Manor Creek,1384.9,38.2981,-85.5873
Harpster,53.5,40.7384,-83.2502
Bowers,306.8,39.0602,-75.402
Newtonia,101.6,36.8794,-94.1836
Gallina,16.7,36.2295,-106.8205
Snover,30.9,43.4564,-82.9684
Watersmeet,11.5,46.2872,-89.1937
Wedgewood,169.1,44.1937,-85.4902
Terral,247.5,33.8966,-97.9383
Santo,87.2,32.6056,-98.2138
Hoskins,356.0,42.1126,-97.3045
Hall Summit,62.8,32.1768,-93.3055
Cuyuna,32.5,46.5115,-93.9264
Rossburg,280.2,40.2801,-84.6383
Foxburg,173.6,41.1459,-79.6802
Jaconita,155.9,35.8857,-106.0611
Horn Hill,41.1,31.2382,-86.3211
Bluebell,10.8,40.3576,-110.2232
Geiger,110.7,32.8696,-88.3133
Northfork,108.6,37.4196,-81.4274
Captree,64.7,40.6449,-73.2575
Grygla,181.1,48.2996,-95.6238
Linndale,603.3,41.445,-81.7665
Perrin,65.9,33.0348,-98.0693
Summers,42.9,35.9834,-94.4866
Soldier Creek,8.6,43.3237,-100.8883
Pleasure Bend,24.9,29.9205,-90.646
Ramer,58.4,35.0718,-88.6147
Kampsville,102.2,39.2971,-90.6127
Kellerton,161.5,40.7103,-94.0501
Corwith,72.0,42.9889,-93.9582
Ladora,300.6,41.7557,-92.1859
Spillertown,158.6,37.7646,-88.9204
Daisytown,331.4,40.3201,-78.9035
Kremlin,293.5,36.5467,-97.8321
Eagle Nest,23.2,36.5496,-105.2591
Rising City,348.9,41.198,-97.2972
Piffard,111.6,42.8319,-77.8584
Blue Diamond,14.4,36.04,-115.4128
Troy Grove,151.2,41.4657,-89.0815
Ardentown,729.5,39.8083,-75.4809
Friesland,102.8,43.5886,-89.067
Petros,26.4,36.1028,-84.4504
Brucetown,183.6,39.252,-78.0605
Hayes,37.4,30.1112,-92.9236
Pikes Creek,81.6,41.3085,-76.1028
Pymatuning North,54.6,41.666,-80.4648
Young,2.2,34.1189,-110.9559
Mahaffey,242.6,40.8747,-78.7276
Mongaup Valley,20.7,41.676,-74.7831
Tocsin,222.9,40.8303,-85.1091
Bunceton,110.0,38.7894,-92.7992
Steward,43.9,41.8493,-89.015
Mallard,264.2,42.9394,-94.6834
Hedley,144.8,34.8674,-100.659
Burnett,178.0,43.5065,-88.7084
Lockett,34.5,34.0826,-99.3738
Spickard,163.9,40.2432,-93.5923
Malcom,125.2,41.7061,-92.5553
Mccune,448.5,37.3538,-95.0191
Canadian Shores,98.1,35.1743,-95.7425
Elrama,463.7,40.2517,-79.9243
Gratiot,156.2,39.9515,-82.2168
Enchanted Oaks,260.8,32.2667,-96.109
Clayville,234.8,42.9748,-75.2489
Bowlus,80.6,45.8191,-94.4072
Sasser,132.0,31.7199,-84.3478
Rennert,93.5,34.8142,-79.0791
Stilesville,350.6,39.6372,-86.6343
Hillside Colony,262.1,48.9789,-112.0704
Bowbells,108.4,48.8027,-102.2457
Myra,201.8,33.624,-97.3144
Bruning,296.8,40.3358,-97.5647
Old Washington,153.5,40.0376,-81.4443
Tilghmanton,222.2,39.5286,-77.7437
Bascom,68.1,41.129,-83.2869
Bug Tussle,35.2,35.0293,-95.6836
Brooker,194.8,29.8877,-82.3327
La Plant,10.9,45.1353,-100.6648
La Victoria,165.9,26.3478,-98.6296
Hillrose,249.7,40.3245,-103.5224
Bruce Crossing,22.8,46.5394,-89.1779
Wallsburg,164.6,40.3869,-111.4194
Freetown,148.2,38.9773,-86.1269
Rancho Banquete,35.9,27.8093,-97.8455
Columbia Furnace,76.9,38.8762,-78.6256
Ste. Marie,92.6,38.93,-88.0278
Willow Hill,98.8,38.9958,-88.0218
Kirkville,29.6,34.442,-88.4854
East Germantown,555.2,39.8131,-85.1371
Shuqualak,90.7,32.9793,-88.5693
Temperanceville,30.0,37.8991,-75.5526
Felts Mills,174.7,44.0167,-75.7628
Lake Almanor Peninsula,33.7,40.2813,-121.1345
Haugen,203.0,45.6078,-91.7788
East Worcester,40.7,42.6284,-74.6743
Dresbach,108.3,43.8893,-91.3438
Edmundson Acres,427.9,35.2273,-118.8233
Cressey,58.2,37.421,-120.6557
Rickardsville,110.8,42.5815,-90.8762
La Motte,224.8,42.2956,-90.6233
Blencoe,134.1,41.9303,-96.082
Yolo,74.2,38.7405,-121.8093
Tappen,97.2,46.8716,-99.6269
Keener,9.1,35.1131,-78.3094
Wyola,15.2,45.1154,-107.3738
Swan Valley,8.8,43.4445,-111.3287
Holy Cross,305.7,42.6011,-90.9962
Kellnersville,189.1,44.2253,-87.8021
South Glastonbury,5.8,45.3121,-110.8076
Pachuta,41.6,32.0441,-88.8844
Kunkle,286.6,41.636,-84.4943
Bud,32.5,37.5329,-81.3821
Opdyke,192.3,38.2583,-88.7898
Ethan,254.7,43.5463,-97.9834
Daviston,78.8,33.8862,-79.3718
Rodey,181.7,32.6538,-107.1358
North Loup,248.5,41.4955,-98.7726
Bolton Landing,65.9,43.563,-73.6529
Cromberg,11.2,39.8684,-120.6904
Grady,34.3,34.0787,-91.6976
Sand City,184.9,36.6184,-121.8477
Kongiganak,7.6,59.9858,-162.8544
Callao,195.8,39.7621,-92.6237
Dedham,183.1,41.9084,-94.8233
Glen Allan,22.3,33.0267,-91.0226
Guys Mills,128.4,41.6308,-79.976
Sandy Ridge,202.7,40.8105,-78.2345
Guinda,34.6,38.8274,-122.1984
Smoketown,176.5,40.0387,-76.204
Bear Dance,36.5,47.902,-114.0273
Amasa,25.1,46.2295,-88.4579
Tescott,365.1,39.013,-97.8781
Drifting,185.4,41.0242,-78.1083
Dodson,40.1,32.0808,-92.6587
Morgan Heights,240.7,40.2875,-103.8275
Caroleen,91.0,35.2811,-81.7913
Belcher,64.0,32.7522,-93.8372
Wedderburn,95.3,42.4328,-124.4232
Iaeger,104.3,37.4642,-81.8111
Homa Hills,11.0,42.9857,-106.3719
Torboy,108.3,48.6771,-118.6689
Hanston,183.5,38.1229,-99.7127
Mccarr,214.3,37.6178,-82.1706
Mooar,37.9,40.432,-91.4447
Emeigh,77.1,40.6948,-78.787
Hornsby,95.5,35.2285,-88.8293
Garciasville,465.5,26.3198,-98.6997
Hollansburg,221.6,39.9985,-84.793
Stittville,205.0,43.2236,-75.289
Spring Branch,49.1,29.8849,-98.4127
Mohawk,81.6,47.3078,-88.3542
Grand Falls Plaza,205.3,37.0355,-94.5379
Weems,185.3,37.6554,-76.4497
Lismore,200.4,43.7491,-95.9481
Fairlee,26.4,39.2268,-76.1654
Ryegate,132.7,46.2985,-109.2538
Jacksontown,74.7,39.9606,-82.4129
Laguna Seca,44.0,26.2793,-97.9262
Grey Eagle,248.0,45.8245,-94.7492
Nuremberg,167.0,40.9378,-76.1685
Salt Point,120.6,41.8061,-73.79
Ogema,32.9,45.451,-90.2927
Old Hundred,103.0,34.8246,-79.5922
Peavine,10.7,35.8903,-94.6064
Sanostee,22.0,36.4329,-108.873
Rhoadesville,96.7,38.2735,-77.9283
Hainesburg,66.3,40.9577,-75.0503
Oakford,247.9,40.1011,-89.9652
Sanctuary,116.3,32.9132,-97.5877
Jobstown,30.3,40.0334,-74.6945
Lohman,183.5,38.5428,-92.3646
Walloon Lake,73.5,45.2718,-84.9412
Hayes Center,243.8,40.511,-101.0204
Hammett,84.8,42.9441,-115.4654
Hall,97.4,42.7965,-77.068
Munich,69.5,48.6729,-98.8385
Holmesville,453.9,40.629,-81.9233
Medicine Bow,28.7,41.8995,-106.2019
Lodge Pole,7.4,48.0272,-108.5518
East Poultney,128.0,43.5259,-73.2107
Marty,30.8,42.9965,-98.4302
East Hope,214.2,48.2408,-116.2903
Jamison City,249.3,41.2982,-76.3691
Glen Richey,136.3,40.9489,-78.4778
Raemon,23.0,34.6229,-79.3491
Olmsted,29.5,37.1827,-89.0849
Montezuma Creek,8.3,37.2563,-109.303
Upper Stewartsville,445.6,40.7048,-75.1205
Malden-On-Hudson,197.3,42.0932,-73.9365
Harperville,68.8,32.4928,-89.4879
Roaring Springs,93.1,33.8992,-100.8561
Karthaus,128.5,41.1211,-78.1198
Rewey,194.3,42.8419,-90.3961
Cove Neck,76.7,40.884,-73.5002
Ceylon,190.5,43.5329,-94.6307
Southampton Meadows,468.3,36.5916,-76.9293
St. Mary,164.3,37.8737,-89.9497
Pauline,69.0,34.8321,-81.8693
Burkettsville,300.7,40.353,-84.6426
Houstonia,203.0,38.8994,-93.3592
Central Pacolet,166.8,34.9096,-81.7527
Morgan'S Point,120.1,29.6765,-95.0027
Norene,57.4,36.0541,-86.2382
Pickstown,160.1,43.0671,-98.5295
Kaycee,223.4,43.7101,-106.6371
Donovan,200.6,40.8849,-87.6139
Kinta,156.0,35.1194,-95.2378
Rock River,42.2,41.7317,-105.9752
Harvel,136.2,39.3577,-89.5322
Noma,91.9,30.9802,-85.6223
Broeck Pointe,1384.9,38.2955,-85.5857
Ivor,90.0,36.9052,-76.8978
Savage Town,9.8,37.55,-75.7983
Burnt Ranch,7.3,40.8111,-123.5082
San Simon,127.9,32.2682,-109.2302
Harrell,177.1,33.5099,-92.4001
Antreville,25.2,34.2971,-82.5541
Renwick,97.5,42.8269,-93.9813
Woolsey,119.4,33.3626,-84.4113
Dellroy,412.0,40.555,-81.1992
Buckingham Courthouse,87.6,37.5541,-78.5514
Mountain,14.5,45.1863,-88.468
Crisman,67.0,40.0416,-105.3675
Coffee Springs,124.1,31.1664,-85.9103
Broaddus,211.5,31.305,-94.2699
West Sullivan,94.9,38.192,-91.1919
Chelyan,227.8,38.1958,-81.4928
Thompsons,19.7,29.4906,-95.6304
New Ringgold,121.8,40.6892,-75.9928
Blakesburg,392.4,40.962,-92.6347
High Hill,211.7,38.8754,-91.3776
Ponderosa,10.7,35.6555,-106.6544
New Point,270.5,39.3096,-85.3266
Nason,106.8,38.176,-88.9663
Rosalie,165.0,42.0574,-96.5128
Wanship,19.3,40.8167,-111.4151
Catharine,55.0,38.9302,-99.2144
Campton,97.0,37.7353,-83.5473
Lava Hot Springs,138.7,42.6198,-112.0098
Chemung,189.3,42.4162,-88.6641
Applegate,96.6,43.3554,-82.6371
Bellewood,1622.5,38.2608,-85.6594
Nakaibito,13.8,35.7826,-108.8039
Mize,39.7,31.8665,-89.5542
Boydton,118.1,36.666,-78.3908
Fox,17.8,35.7844,-92.2996
Millhousen,107.6,39.2114,-85.435
Ebro,20.5,30.4369,-85.8791
La Sal,2.0,38.3026,-109.2646
La Rosita,218.7,26.4017,-98.9322
Maplewood Park,122.8,41.1392,-80.5798
Centerview,409.5,38.7462,-93.8442
Villanueva,13.3,35.2659,-105.3602
Pembine,162.2,45.6369,-87.9916
Alberta,45.1,36.8552,-77.8937
New Gretna,113.7,39.5909,-74.455
Worley,309.4,47.4007,-116.9193
Hill View Heights,43.9,43.8159,-104.1517
Coffman Cove,8.8,56.0057,-132.8395
Wahkon,100.6,46.1206,-93.5223
Wellton Hills,150.3,32.6231,-114.1453
Laclede,77.0,39.7879,-93.1697
Grand Lake Towne,88.5,36.5048,-95.0252
Annona,120.1,33.5818,-94.9131
Hosmer,97.2,45.5788,-99.4736
Greenway,145.5,36.3405,-90.2221
Renner Corner,74.7,43.6524,-96.7044
Stotts City,187.9,37.1018,-93.9483
Big Creek,165.4,38.0054,-82.0361
Garden Farms,87.6,35.4158,-120.6141
Velarde,37.5,36.1608,-105.9659
Ronald,103.4,47.2338,-121.0336
New Eucha,12.3,36.3912,-94.8522
Pillow,194.1,40.6406,-76.803
Faceville,37.4,30.7537,-84.6372
Freistatt,214.8,37.0213,-93.8976
Rives,200.4,36.356,-89.0495
Lillie,49.6,32.9221,-92.6614
Twin Rocks,160.2,40.4967,-78.8659
Oconee,84.3,32.8535,-82.9576
Arroyo Gardens,24.3,26.2052,-97.5021
Twilight,59.5,40.1158,-79.8936
Newton Hamilton,186.9,40.3925,-77.8354
Raisin City,126.1,36.6033,-119.9092
No Name,241.6,39.5597,-107.293
Lower Santan Village,23.0,33.1427,-111.7853
Saulsbury,157.6,35.0488,-89.0884
Dune Acres,44.8,41.6448,-87.096
Nile,104.0,46.8349,-120.9438
Maple Falls,44.5,48.9179,-122.0943
Omer,84.2,44.0487,-83.8565
Kiron,383.3,42.1941,-95.3271
Joyce,32.6,31.9347,-92.585
Coldiron,213.1,36.8286,-83.4524
Jim Falls,157.3,45.0472,-91.2712
Grand View-On-Hudson,583.0,41.0627,-73.9208
Ballou,26.0,36.1421,-95.1998
Markleysburg,232.9,39.7364,-79.4516
Mount Gretna Heights,224.5,40.2487,-76.4664
Villard,111.7,45.7137,-95.2689
Weogufka,18.5,33.0219,-86.3096
Arona,181.8,40.2683,-79.6578
Donnelly,34.1,45.6895,-96.0143
Alfred,76.8,27.8742,-97.9799
Nobleton,514.9,28.6451,-82.262
Jeddito,17.5,35.7697,-110.1305
Medanales,30.0,36.1765,-106.1777
West Danby,69.6,42.3248,-76.5281
Sherando,13.4,37.9889,-78.9442
Snowville,61.2,41.9728,-112.7164
Schaefer Lake,290.0,39.2828,-85.7517
Kelford,196.2,36.1813,-77.2243
Braxton,160.7,32.0264,-89.9715
Laotto,200.2,41.2903,-85.198
Wallaceton,123.8,40.9617,-78.2905
Elrod,17.7,34.6072,-79.2307
Drake,47.9,47.9226,-100.3745
Bear Lake,16.4,44.7182,-84.9486
Kinderhook,117.1,39.7037,-91.1526
Suissevale,80.6,43.7234,-71.3623
Lake George,18.6,47.1895,-94.9822
Dougherty,104.3,34.4005,-97.0514
Canal Point,67.7,26.8626,-80.6222
Butteville,89.8,45.2562,-122.8357
Avant,88.9,36.4888,-96.045
Pattonsburg,155.4,40.0715,-94.106
Pleasant Dale,100.2,40.791,-96.9329
Holcombe,97.4,45.2261,-91.1217
Phoenicia,207.0,42.079,-74.3089
Watha,69.3,34.651,-77.9576
Grainfield,202.9,39.1143,-100.4684
Valle Crucis,21.2,36.2076,-81.7861
Redford,69.7,44.6063,-73.8114
Risco,167.5,36.5513,-89.8186
Double Spring,10.7,38.7788,-119.6154
Chewton,62.8,40.8946,-80.3208
Vibbard,67.0,39.3854,-94.1455
South Milford,138.0,41.5326,-85.2722
Pine Lakes Addition,358.5,43.551,-96.6355
Christoval,70.8,31.1976,-100.4933
Medon,94.5,35.4556,-88.8636
Trowbridge,13.8,38.9264,-121.5149
Hanlontown,96.8,43.2809,-93.3789
Fancy Gap,23.2,36.6771,-80.6997
Axis,26.8,30.9309,-88.018
Anchor,172.8,40.5681,-88.5385
Modest Town,159.1,37.8169,-75.5611
Glezen,107.2,38.4164,-87.3011
Maalaea,18.1,20.8047,-156.4898
Hills And Dales,261.6,40.8292,-81.4439
Rocky,135.6,35.1562,-99.0597
Kirkpatrick,26.1,45.6796,-118.6499
Richview,81.4,38.3758,-89.1803
Currie,169.8,44.0704,-95.6668
Anthoston,144.9,37.7553,-87.5327
Dutchtown,52.5,37.2598,-89.6466
Graball,46.6,36.4838,-86.4396
Cree Lake,146.0,41.5073,-85.2748
Swanville,176.6,45.9162,-94.6388
Glendo,157.6,42.5049,-105.025
Union Center,112.9,43.6826,-90.2634
Mcmullin,94.5,36.8179,-81.5775
Cazenovia,101.7,43.5237,-90.1991
Jerico Springs,136.0,37.6194,-94.0114
Aspen Springs,25.9,37.55,-118.7086
Vergas,59.4,46.6547,-95.8029
Blevins,93.6,33.8716,-93.5778
La Ward,114.6,28.8465,-96.4649
Toxey,136.0,31.9109,-88.3092
Wilmont,160.1,43.765,-95.8269
Harcourt,91.6,42.2606,-94.1745
Goodell,214.7,42.9238,-93.6141
Uehling,198.0,41.7348,-96.5058
Hardtner,151.7,37.0144,-98.6492
Tangier,171.1,37.8235,-75.9934
Totah Vista,161.9,36.7113,-108.2035
Milton Center,232.8,41.3008,-83.8295
Lyon Mountain,8.8,44.7253,-73.8831
La Yuca,1335.9,18.0727,-66.6077
Omena,20.5,45.0599,-85.5956
Oktaha,353.3,35.5775,-95.4779
Darbyville,179.6,39.6957,-83.1139
Aquilla,310.6,41.5465,-81.173
Westpoint,103.5,35.1349,-87.5377
Tedrow,242.3,41.6029,-84.2043
Belfry,55.7,45.1375,-108.9985
Navajo Dam,7.7,36.8339,-107.646
Fort Apache,82.5,33.7907,-109.9873
Cornwall Bridge,45.0,41.8054,-73.3852
Yogaville,15.3,37.6688,-78.6917
Jeff,121.9,37.2094,-83.1394
Roots,97.4,40.6136,-78.3652
Goldsmith,125.5,40.2895,-86.1492
Bear Valley,37.8,37.5697,-120.1199
Barryville,135.9,41.4802,-74.9174
Hanalei,136.3,22.2041,-159.4977
Dendron,25.9,37.0364,-76.9241
Middleberg,60.1,35.1067,-97.7341
Hinkletown,115.1,40.1467,-76.1202
North Bay,1208.2,42.7644,-87.7812
Fingerville,124.3,35.1351,-82.0002
Sobieski,73.0,44.7227,-88.0659
Salisbury Center,100.4,43.1423,-74.7828
Campbellton,35.4,30.9505,-85.4025
Green Bluff,13.0,47.8184,-117.2748
Camp Dennison,216.1,39.1933,-84.2899
Linn Grove,94.3,40.645,-85.033
Labish Village,722.8,45.0191,-122.9736
Bushton,381.9,38.5124,-98.3959
Uniopolis,297.7,40.6024,-84.0858
Alcalde,177.3,36.0854,-106.0575
Taylor Ridge,58.9,41.3892,-90.6705
Deferiet,135.7,44.0344,-75.6793
Kipton,207.8,41.2665,-82.304
Doland,150.6,44.8944,-98.0997
Hartleton,100.7,40.9002,-77.1564
Westcreek,75.2,39.1499,-105.1626
Shamrock Lakes,250.9,40.4117,-85.4262
Hiddenite,57.6,35.9053,-81.086
Black Sands,169.5,19.4136,-154.9588
Riggins,229.1,45.4203,-116.3179
Hortense,49.3,31.3327,-81.9517
Drasco,53.2,35.6338,-91.9418
Floydale,44.9,34.321,-79.3371
New Effington,247.6,45.8558,-96.9174
Pemberton,89.3,44.0085,-93.7837
Clearview Acres,76.0,41.5842,-109.2801
Lake Ka-Ho,181.5,39.0998,-89.7463
Cotton City,3.5,32.1104,-108.8801
Candlewood Lake Club,397.8,41.4939,-73.4373
Pounding Mill,37.3,37.079,-81.7106
Eland,41.0,44.867,-89.209
Morris Chapel,34.6,35.3139,-88.3558
Worthington Springs,94.6,29.933,-82.4149
Almyra,234.1,34.4057,-91.4108
Anton Chico,50.8,35.1948,-105.1439
Eschbach,77.2,46.667,-120.6337
Lower Elochoman,60.1,46.2184,-123.3697
Cumbola,228.1,40.7139,-76.1433
Steamboat Rock,167.9,42.4081,-93.0662
Lake Ann,202.0,44.7251,-85.8451
Oriska,108.1,46.9313,-97.7908
Stuckey,96.7,33.7321,-79.5132
Bolckow,253.5,40.1151,-94.8212
Lutsen,8.5,47.6715,-90.6885
Lower Kalskag,73.2,61.5163,-160.3556
Forest Hill Village,58.6,48.1208,-114.2618
Bellechester,270.1,44.371,-92.5113
Southview,99.6,40.332,-80.2561
Collinston,80.2,32.6893,-91.8718
Garten,214.8,38.0335,-81.075
Tiro,217.6,40.9062,-82.769
Quasset Lake,58.4,41.9226,-71.984
Wyatt,76.8,36.9371,-89.1911
Aniwa,42.2,45.0117,-89.2089
Wynnedale,639.8,39.8325,-86.2002
Sierraville,17.9,39.575,-120.3637
Saxis,222.4,37.926,-75.7224
Maharishi Vedic City,26.9,41.0545,-92.0146
Walesboro,192.1,39.1453,-85.9144
Moore Station,71.3,32.1905,-95.5704
Mercersville,62.3,39.4968,-77.7672
Oakvale,214.4,37.3323,-80.9704
Upper Kalskag,24.8,61.5416,-160.3337
Artois,31.1,39.6331,-122.1898
Western,184.2,40.3931,-97.1984
Gotebo,113.6,35.0712,-98.8743
Kanorado,186.6,39.3366,-102.0373
Neck City,228.2,37.2549,-94.4449
Wind Ridge,28.1,39.9111,-80.4322
Sikes,57.3,32.079,-92.4863
Chesterville,181.0,40.4777,-82.6818
Kalihiwai,33.9,22.2165,-159.4405
Kenny Lake,0.0,61.6644,-144.8662
Los Alvarez,459.9,26.3859,-98.899
Owensburg,48.2,38.9305,-86.7292
Sproul,129.2,40.2723,-78.4583
De Tour Village,25.3,45.9891,-83.9146
Cooper Landing,1.4,60.4945,-149.841
Rowena,110.7,31.6442,-100.0481
La Minita,170.1,26.5024,-99.0735
Sickles Corner,92.8,40.5533,-78.2795
Paxico,207.9,39.0689,-96.1671
Schlater,77.3,33.6397,-90.3494
Little Creek,316.2,39.1659,-75.4481
Abercrombie,268.1,46.4469,-96.7294
Starr,59.5,34.3774,-82.6954
Rehrersburg,332.4,40.4575,-76.2463
Mullinville,138.4,37.5885,-99.4754
Cal-Nev-Ari,39.0,35.2996,-114.8777
Dos Palos Y,56.7,37.0469,-120.6395
Rapid River,70.4,45.9264,-86.9743
Opdyke West,48.8,33.5927,-102.3006
Trinity Village,22.1,40.8789,-123.5132
Seminary,57.9,31.5581,-89.4987
Dunmor,34.2,37.0753,-86.9951
Wanette,54.1,34.9626,-97.0317
Coatsburg,112.9,40.0327,-91.1604
Engelhard,27.5,35.5092,-76.0095
Cave-In-Rock,304.1,37.4708,-88.1659
Pueblo Pintado,2.9,35.9614,-107.6224
Parnell,171.6,41.5837,-92.0046
Foster,2.6,34.6046,-97.4907
Indian Beach,155.3,34.6882,-76.8879
Reader,95.2,39.5689,-80.7316
Heilwood,70.4,40.6219,-78.9152
Kensal,146.3,47.3,-98.7321
Schoenchen,259.8,38.713,-99.3325
Long Point,205.9,41.005,-88.8926
Hochatown,8.1,34.1482,-94.7465
Waterbury Center,202.7,44.378,-72.7208
Navarro,131.8,32.0008,-96.3825
Finlayson,36.5,46.2053,-92.9273
Berwind,123.8,37.266,-81.6632
Mcnabb,237.3,41.177,-89.2096
Villa Verde,1213.9,26.1303,-97.9956
Losantville,131.4,40.0237,-85.1836
Hager City,45.6,44.6012,-92.5337
Otoe,186.7,40.7243,-96.1207
Mcneal,23.5,31.6079,-109.6699
Belvoir,44.5,35.7111,-77.47
Lake Lafayette,136.3,38.9487,-93.9714
Mackville,216.5,37.7355,-85.0701
Landisburg,344.5,40.343,-77.3057
New Minden,270.6,38.438,-89.3705
Lake Wilson,213.0,43.9953,-95.9533
Starr School,20.7,48.5976,-113.1433
Beattie,254.1,39.8624,-96.4178
Montgomery Creek,26.6,40.8415,-121.9215
Dragoon,44.7,32.0272,-110.0369
Bellmont,87.2,38.383,-87.9106
Roberdel,132.8,34.9774,-79.7459
Winkelman,113.5,32.9853,-110.7651
West Rushville,239.1,39.7641,-82.4486
Wolverine,88.8,45.2732,-84.6052
Cannonville,24.1,37.5689,-112.0531
Optima,163.8,36.7613,-101.3491
Beardsley,185.6,45.5577,-96.7139
Goodlow,85.3,32.1091,-96.2152
Lowgap,76.8,36.5231,-80.8671
Bardolph,141.4,40.4959,-90.5631
Silver Peak,88.1,37.7578,-117.6386
Bagtown,159.9,39.583,-77.6139
Mcallister,38.5,45.4364,-111.7252
Peetz,339.3,40.9617,-103.1139
Rush Center,134.4,38.465,-99.311
Copper City,194.7,47.2842,-88.3877
Parral,290.9,40.5609,-81.495
Maryhill Estates,1559.5,38.2663,-85.6532
Swan Lake,11.5,47.9361,-113.7997
Rufus,73.4,45.6919,-120.7434
Bolivia,136.5,34.0699,-78.1472
Goehner,166.9,40.8327,-97.2196
Gilboa,267.2,41.0187,-83.9215
Plumville,175.3,40.7925,-79.1794
Acosta,346.1,40.1104,-79.0689
Dickens,90.7,33.6213,-100.8368
Waukeenah,27.5,30.402,-83.96
Bynum,263.3,31.9691,-97.0031
Nehalem,360.6,45.7196,-123.8941
Singer,12.5,30.6512,-93.4117
Tyner,216.4,41.4098,-86.4025
Fort Laramie,152.8,42.2131,-104.5175
Boones Mill,117.0,37.1156,-79.9514
Oakwood Park,1123.4,39.2047,-94.5738
Watch Hill,107.9,41.3157,-71.8486
Ollie,87.0,41.1992,-92.0924
Megargel,141.7,33.4535,-98.9298
Avera,133.1,33.1934,-82.5287
Elm Hall,61.9,43.3624,-84.8335
Kempton,451.7,40.2881,-86.2294
Koliganek,5.2,59.6971,-157.2259
Seaton,54.8,41.1023,-90.7991
Dillon Beach,29.0,38.2436,-122.9562
Jacob City,28.4,30.8925,-85.4108
Crossgate,722.6,38.2793,-85.6296
Cashtown,57.3,39.8837,-77.3532
Lake Leelanau,358.6,44.9806,-85.7157
Acequia,161.3,42.6688,-113.5968
Surrency,111.4,31.7215,-82.1988
Springview,129.7,42.8249,-99.7475
Manitou,132.2,34.5072,-98.9812
East Fultonham,214.5,39.8477,-82.1225
New Edinburg,26.9,33.7562,-92.2404
Lindcove,109.6,36.358,-119.0646
Penelope,86.8,31.8585,-96.9281
Apple Grove,37.4,38.6663,-82.1706
Ellinger,188.7,29.8394,-96.7053
North Lake,363.4,43.1559,-88.37
Mcbride,221.2,43.3521,-85.0441
Altmar,41.4,43.511,-76.0037
Woodman,48.3,43.0925,-90.7978
Jordan Hill,12.8,31.8591,-92.5156
Amador City,88.0,38.4191,-120.8233
Latah,208.4,47.2822,-117.1557
Broomtown,18.3,34.3657,-85.5322
Kite,105.9,32.6921,-82.5136
Sadler,80.7,33.682,-96.8487
Wabeno,35.7,45.4394,-88.658
Wallins Creek,160.9,36.8297,-83.4173
Yancey,17.0,29.1442,-99.1438
Widener,156.6,35.0233,-90.6818
Haralson,106.3,33.2285,-84.569
Topaz,7.0,38.6356,-119.5047
Boulder Junction,63.6,46.1136,-89.6487
Wilsall,76.3,45.9844,-110.6604
Pitkas Point,53.1,62.0374,-163.2681
Greenwald,119.7,45.6014,-94.8594
Lodgepole,178.8,41.1491,-102.639
Welda,92.1,38.1747,-95.2915
French Gulch,6.9,40.7166,-122.6312
Jette,138.0,47.7169,-114.1905
Brutus,30.1,45.4942,-84.7818
Packwaukee,176.9,43.7653,-89.4599
Portersville,106.8,40.9243,-80.1469
Jacksonboro,5.9,32.7718,-80.4768
Talladega Springs,69.0,33.1191,-86.4421
Dateland,3.9,32.8209,-113.5418
Breaks,63.9,37.3004,-82.2758
Harrells,27.0,34.7278,-78.2015
Sinai,156.0,44.2445,-97.044
Lerna,316.0,39.4177,-88.2885
Ranchette Estates,141.4,26.4844,-97.822
Finland,12.6,47.4288,-91.2656
Lake Wallenpaupack Estates,116.0,41.3675,-75.3371
Nyona Lake,178.1,40.9637,-86.1857
Doddsville,110.3,33.6598,-90.5214
Huetter,325.3,47.7037,-116.8508
Salvo,87.3,35.5488,-75.4689
Vandervoort,98.6,34.38,-94.3643
South Lima,95.6,42.8575,-77.676
Custar,187.5,41.2846,-83.8438
Axson,56.2,31.2766,-82.7236
Fort Peck,94.7,48.007,-106.4552
Cabery,354.8,40.9958,-88.2037
East Kingston,125.5,41.9524,-73.9704
East Carondelet,71.8,38.5385,-90.24
Bald Eagle,115.2,40.7262,-78.1902
Gene Autry,20.8,34.3151,-97.0383
Winn,146.8,43.5187,-84.9011
Gonvick,64.2,47.7391,-95.5125
Wixon Valley,46.9,30.7639,-96.3193
Twin Bridges,83.0,45.5429,-112.3341
Midwest,173.7,43.4109,-106.2775
Joice,78.8,43.3642,-93.4573
Chickamaw Beach,37.4,46.7452,-94.3844
Loachapoka,73.9,32.6049,-85.5948
Lamington,19.5,40.6633,-74.7079
Jackson Lake,27.5,40.3758,-104.0712
Bay Center,89.4,46.6213,-123.9533
Washtucna,126.6,46.7539,-118.3106
Stickleyville,29.4,36.7091,-82.9116
Yorkana,235.1,39.976,-76.5846
Ethel,143.5,33.122,-89.465
Hartline,156.9,47.6894,-119.1081
Payne Gap,36.4,37.151,-82.6669
Anawalt,145.6,37.3364,-81.4407
Shumway,141.1,39.1834,-88.6532
Byars,54.7,34.8724,-97.0542
Sheyenne,146.5,47.8272,-99.1168
Burdette,113.6,35.8152,-89.9467
College Springs,74.8,40.6214,-95.121
Tuleta,18.7,28.5767,-97.798
Mexican Colony,531.5,35.4689,-119.2687
Redding Center,121.6,41.3067,-73.3831
Smarr,49.0,32.987,-83.883
Dacusville,38.0,34.9343,-82.5606
Brothertown,69.4,43.9713,-88.3127
Barnard,178.0,40.1754,-94.8232
Ursina,92.7,39.8153,-79.3325
Little Meadows,34.5,41.9891,-76.1277
North Cleveland,44.2,30.3576,-95.1004
Fordville,82.4,48.2166,-97.7954
Bryce Canyon City,24.9,37.6814,-112.1588
Frannie,188.4,44.971,-108.6205
Arkdale,38.7,44.0253,-89.8861
Thousand Island Park,46.0,44.2865,-76.0254
Robeson Extension,57.7,40.4673,-78.1997
Wolf Summit,217.1,39.2822,-80.462
Glen Aubrey,84.5,42.2623,-76.0003
Ensenada,57.2,36.731,-106.5368
Goodsprings,85.4,35.8319,-115.4352
Banks Lake South,34.2,47.6315,-119.276
Zephyr,54.8,31.6791,-98.7911
Rocheport,379.0,38.9784,-92.5635
Chunky,99.6,32.3275,-88.9302
New Leipzig,93.3,46.3758,-101.9517
Thedford,130.6,41.979,-100.5746
Chuichu,12.1,32.7403,-111.7821
Lakeline,1400.9,41.6596,-81.4543
Richey,247.8,47.6439,-105.0696
Hobgood,80.3,36.0267,-77.394
Bandana,44.0,37.1447,-88.9418
Neibert,135.6,37.7861,-81.9341
Hissop,7.6,32.8815,-86.1285
Greasy,8.3,35.6698,-94.7003
Uriah,51.4,31.3074,-87.4992
Prairie Home,260.5,38.8136,-92.5906
Curryville,143.7,39.3457,-91.3413
Halibut Cove,9.9,59.5744,-151.2296
Blunt,169.6,44.5159,-99.9885
Glenfield,100.8,40.5207,-80.1333
Ten Sleep,288.2,44.035,-107.4482
Palco,281.3,39.2532,-99.5634
Neches,81.8,31.8688,-95.4917
Force,246.6,41.2581,-78.5035
Prompton,53.9,41.5891,-75.3275
River Bottom,8.8,35.6357,-95.2378
Moonshine,137.8,29.9701,-90.8132
South Acomita Village,70.8,35.0533,-107.5722
Arroyo Hondo,26.0,35.6103,-105.945
Cloud Lake,959.0,26.6743,-80.0731
Broughton,43.5,37.9345,-88.4624
Bulpitt,141.3,39.5919,-89.4258
Chunchula,45.6,30.9237,-88.2072
Shoal Creek Estates,169.9,37.0173,-94.4933
Nettle Lake,139.1,41.6786,-84.727
South Komelik,21.1,31.7144,-111.7744
Amargosa,61.6,27.8916,-98.1086
Edgar Springs,175.5,37.7025,-91.8662
Sierra City,38.2,39.574,-120.6297
Flensburg,11.8,45.948,-94.5301
Charlos Heights,69.4,46.1337,-114.1811
Boligee,20.8,32.7699,-88.0264
Wayton,20.2,35.9103,-93.2544
Dannebrog,274.0,41.1185,-98.5456
Powellville,52.2,38.3299,-75.3749
San Carlos I,941.3,27.4906,-99.3726
Cibola,4.2,33.3733,-114.6792
Rhame,55.0,46.2347,-103.655
Crouch,165.3,44.1161,-115.974
Funk,171.8,40.4631,-99.2507
Seboyeta,30.6,35.2001,-107.3861
Patch Grove,178.7,42.9403,-90.9723
Braggs,257.7,35.6634,-95.1984
Glen Hope,38.4,40.8009,-78.4985
South English,189.7,41.4522,-92.0903
Coxton,185.4,36.8581,-83.2681
Wynot,137.7,42.7399,-97.1697
Daggett,73.0,45.462,-87.6047
Northrop,309.0,43.736,-94.4366
Ivesdale,114.3,39.9458,-88.4558
Soper,178.1,34.0321,-95.6965
Riverview Colony,90.4,48.1823,-111.0327
Union Dale,34.0,41.7154,-75.4818
Pindall,28.5,36.0637,-92.8622
Trinway,356.0,40.1377,-82.0119
Crescent Bar,81.3,47.211,-119.9959
East Rocky Hill,19.6,40.4079,-74.6128
Bassfield,81.5,31.4959,-89.7449
Bishop Hills,166.0,35.2614,-101.9519
Searles,186.1,44.2307,-94.4362
Mirando City,245.7,27.4401,-99.0006
Shungnak,10.1,66.8805,-157.1499
Sunizona,8.9,31.8855,-109.6332
Rio Chiquito,75.8,35.9949,-105.9069
Kappa,98.8,40.6755,-89.006
Conception Junction,178.3,40.2684,-94.6914
Campbell'S Island,179.6,41.5407,-90.43
Koshkonong,310.9,36.5976,-91.646
Nerstrand,57.4,44.3429,-93.0638
Straughn,80.9,39.8082,-85.2909
Brant Lake South,154.4,43.9139,-96.938
White Branch,163.1,38.2299,-93.3532
Lake Tekakwitha,181.5,38.4415,-90.7154
Kit Carson,137.3,38.7628,-102.7954
Mossville,64.9,40.8164,-89.5707
Delmita,26.0,26.6852,-98.4231
Paton,144.3,42.1644,-94.255
Ore Hill,121.5,40.2924,-78.4032
New Schaefferstown,78.2,40.4536,-76.1692
Zapata Ranch,57.6,26.357,-97.8243
East Shore,68.5,40.2453,-121.0768
Tarlton,360.8,39.5543,-82.7781
Rowan,154.8,42.7399,-93.5503
Twining,83.1,44.1131,-83.8075
Glacier View,0.0,61.8511,-147.7764
Honey Hill,27.6,35.7694,-94.5716
Sawyerville,81.7,39.0785,-89.802
New Canton,91.6,39.6371,-91.0983
Monetta,117.0,33.8501,-81.61
Smithland,159.4,37.1387,-88.4038
Hurdland,131.9,40.149,-92.3035
Bayou Corne,95.6,30.0158,-91.1528
Abney Crossroads,177.3,34.5063,-80.5107
West Glacier,19.5,48.4916,-113.9961
Saint Mary,107.2,48.7428,-113.4275
Casanova,122.7,40.9556,-78.1584
Blain City,180.2,40.7565,-78.5331
Briceville,167.2,36.1777,-84.1837
Alligator,81.9,34.0899,-90.7206
June Lake,7.8,37.7778,-119.0953
Abington,40.3,39.7331,-84.963
Tetlin,1.2,63.1481,-142.4947
Verdon,125.2,40.149,-95.7111
Onycha,101.4,31.2246,-86.2785
Aguila,49.2,33.9376,-113.1665
Valley Home,69.9,37.8272,-120.9143
Aristes,153.9,40.8156,-76.3395
Country Club Heights,143.6,40.1244,-85.6878
Jet,45.0,36.6665,-98.1815
Barrera,509.6,26.3925,-98.8985
Everglades,87.7,25.858,-81.3862
Nanwalek,9.6,59.3303,-151.9111
Owendale,107.5,43.7273,-83.2671
Dry Creek,9.2,35.7275,-94.8704
Schneider,92.9,41.1921,-87.4454
Frederika,75.3,42.8837,-92.306
Newport Center,202.9,44.9527,-72.3065
Cainsville,58.3,40.4398,-93.7747
Diamond Bluff,45.8,44.6489,-92.6189
Nesbitt,45.8,32.5886,-94.4469
Rippey,92.3,41.9339,-94.2007
Modale,76.8,41.6182,-96.0121
Gilliam,152.1,39.2327,-93.0041
Seldovia Village,4.4,59.453,-151.5905
Manuel Garcia,185.0,26.3337,-98.7017
Flasher,125.2,46.4521,-101.2324
Juliustown,67.1,40.0121,-74.6715
Landingville,93.1,40.6256,-76.1235
Winifred,152.6,47.5621,-109.3773
Meadow Grove,350.3,42.029,-97.7361
Mizpah,49.0,39.4814,-74.8385
Dames Quarter,6.7,38.1697,-75.8895
Emerald Beach,111.6,36.5755,-93.6711
Silver Plume,146.2,39.6957,-105.7264
Knottsville,114.9,37.7726,-86.9064
Coral,646.9,40.502,-79.1746
Harding-Birch Lakes,0.4,64.3711,-146.5999
Mesic,77.0,35.2034,-76.645
Bemus Point,189.7,42.1631,-79.3896
Conception,106.1,40.2411,-94.6805
Zoar,138.1,40.6134,-81.4232
Broadwell,43.7,40.0668,-89.4429
Wamsutter,48.9,41.668,-107.9792
West Leipsic,152.2,41.1053,-84.0011
Center Ridge,8.4,35.3796,-92.5694
Sand Pillow,131.6,44.3313,-90.7637
Fleischmanns,120.8,42.1552,-74.5335
Deering,15.8,66.0722,-162.7435
Hankins,57.7,41.8214,-75.0804
Mayersville,71.9,32.8963,-91.0467
Mountain Meadows,45.9,40.027,-105.3832
Golovin,19.2,64.564,-162.9989
Manley,194.0,40.9184,-96.1658
Clay Springs,27.8,34.3593,-110.3044
Bonney,40.4,29.3013,-95.4508
Tamaha,12.3,35.4057,-95.0178
Pine Flat,79.2,35.8746,-118.6428
Berrydale,9.2,30.8982,-87.035
Horse Creek,83.3,43.533,-100.7419
Rhododendron,20.3,45.3149,-121.8887
Fly Creek,48.1,42.7191,-74.9848
Dewy Rose,47.4,34.1681,-82.9395
North Henderson,120.2,41.0904,-90.4748
Westboro,42.7,45.3608,-90.2934
West Sunbury,288.6,41.0061,-79.8965
Weinert,163.0,33.3234,-99.6736
Decker,284.2,38.5184,-87.524
Farner,53.9,35.1543,-84.3191
Vandemere,51.7,35.1887,-76.665
Hathaway Pines,65.4,38.1919,-120.3655
Flor Del Rio,313.1,26.4013,-98.9015
Fitzhugh,10.5,34.6582,-96.7665
Whitmore,12.1,40.6149,-121.9355
Hambleton,288.0,39.0815,-79.6455
Bowles,29.2,36.6089,-119.7526
Westdale,19.6,27.9657,-97.9937
Hecla,158.5,45.8822,-98.152
Saint Anthony,158.4,38.3145,-86.8267
Monson,295.6,36.4924,-119.336
Fairview Beach,720.3,38.3282,-77.2424
Huckabay,23.5,32.3486,-98.2971
Campo Verde,288.0,26.3916,-98.914
Cats Bridge,24.8,37.5491,-75.7797
Hartstown,91.5,41.5512,-80.3822
Gibson Flats,23.5,47.464,-111.2404
Tenstrike,23.7,47.6603,-94.6843
Haywood City,183.3,37.0117,-89.6003
Hanksville,46.5,38.3724,-110.7138
Woodloch,322.0,30.2173,-95.4132
Old River,79.6,35.2671,-119.1055
Jackson Springs,49.1,35.2127,-79.6297
Kennedyville,153.3,39.3032,-75.9949
Brandonville,55.9,40.8601,-76.1689
El Moro,7.1,37.2349,-104.4491
Russian Mission,14.5,61.7825,-161.3567
Fowlerton,270.8,40.4096,-85.5728
Mass City,144.9,46.7616,-89.0849
Lolita,30.4,28.8326,-96.5388
Yeoman,129.1,40.6677,-86.7238
Northway,0.5,62.9709,-141.6173
Bryceland,33.4,32.4485,-92.9924
Lebeau,21.0,30.7313,-91.9771
Conconully,148.8,48.5586,-119.7521
Gwynneville,181.7,39.6609,-85.648
Arkabutla,19.3,34.7003,-90.1216
Jamaica,225.7,41.8454,-94.307
Middle Village,12.8,44.9347,-88.7334
Vickery,184.6,41.3769,-82.9415
Baskerville,36.4,36.6844,-78.2732
Norcatur,78.3,39.8347,-100.1888
Wing,122.2,47.1423,-100.2823
Nikolaevsk,2.2,59.8295,-151.5964
Stoy,83.2,38.9968,-87.8336
Gu Oidak,11.2,31.9206,-112.0235
Lucan,196.4,44.41,-95.4134
Garretts Mill,135.9,39.3534,-77.6892
Letona,199.7,35.3635,-91.8295
Shubert,110.9,40.2359,-95.6837
Exeland,64.6,45.667,-91.2426
Cassel,38.3,40.9213,-121.5514
Jeffers Gardens,137.3,46.1518,-123.852
Goodville,64.8,40.128,-76.0046
Hordville,168.3,41.0793,-97.8904
Day,85.2,30.195,-83.2909
Thawville,174.8,40.673,-88.1137
Plattville,34.2,41.5343,-88.3835
Chugwater,25.2,41.7557,-104.8229
Okabena,117.3,43.7393,-95.3187
Gakona,1.3,62.3609,-145.2657
Barkeyville,23.2,41.1965,-79.9826
Moose Run,78.9,40.953,-77.8031
Glen White,152.5,37.73,-81.2797
White Signal,12.0,32.5724,-108.3512
Rocky Comfort,139.4,36.7424,-94.0904
Four Bears Village,75.6,47.9871,-102.5939
Wren,128.2,40.8008,-84.7747
Dodgingtown,178.5,41.3799,-73.3524
Craigville,92.1,40.7784,-85.0908
Salamonia,104.8,40.3859,-84.8649
Orwin,125.0,40.5839,-76.5314
Pease,145.6,45.6996,-93.6491
Rake,101.6,43.4806,-93.9196
Bosworth,138.8,39.4699,-93.3357
Loch Arbour,5107.2,40.2323,-74.0013
Marble Rock,92.3,42.9647,-92.8681
Pryorsburg,61.7,36.6899,-88.7124
Dime Box,106.8,30.355,-96.8233
Lenora,159.5,39.6109,-100.0014
Rembert,20.0,34.1037,-80.5306
Johnson Village,213.9,38.812,-106.1071
Stoney Point,3.4,35.5847,-94.6635
East Glacier Park Village,17.6,48.4459,-113.2235
Stokes,17.2,35.7106,-77.2677
Vinegar Bend,8.1,31.2594,-88.3712
Dryville,55.1,40.4623,-75.7532
Albin,170.5,41.417,-104.1016
Kelleys Island,17.6,41.6034,-82.7027
Weldon Spring Heights,145.8,38.7041,-90.6855
Sallis,185.9,33.0215,-89.7647
Marenisco,22.2,46.3737,-89.712
South Ilion,174.0,42.9924,-75.0509
Smartsville,106.6,39.2053,-121.2928
Lewellen,224.1,41.3305,-102.1437
Mellott,210.9,40.1641,-87.1488
Salton Sea Beach,608.2,33.3759,-116.0113
Gotham,192.0,43.2225,-90.297
Bivins,53.9,33.0174,-94.193
West Canaveral Groves,20.3,28.3928,-80.8459
Perla,79.0,34.3648,-92.7762
Waresboro,25.2,31.2451,-82.4721
Plaucheville,50.2,30.9647,-91.9837
Thurman,134.7,40.8201,-95.7488
Napeague,20.7,40.9976,-72.0665
Palo Pinto,89.2,32.7692,-98.3007
White Heath,350.8,40.0869,-88.5115
Rye,17.4,33.7505,-91.9985
Mount Gretna,545.1,40.2455,-76.4716
Locust Gap,565.7,40.7718,-76.4413
Trego-Rohrersville Station,178.4,39.4291,-77.6748
Mendes,125.7,31.9953,-81.9709
Heislerville,105.9,39.2236,-74.9915
Lake Bruce,129.4,41.0703,-86.4645
Watts,142.2,36.1073,-94.5718
Linn Creek,58.3,38.0458,-92.7049
Dunreith,287.9,39.8029,-85.4367
Carmine,46.2,30.1485,-96.6908
Blyn,15.8,48.0131,-122.9897
Mount Clifton,169.5,38.7617,-78.7166
Michigamme,31.8,46.5335,-88.0627
Gerton,20.3,35.4758,-82.3504
Crellin,107.8,39.3886,-79.4685
Alpine Village,18.4,38.7793,-119.8077
Serena,197.0,41.4871,-88.732
Meno,305.1,36.3882,-98.1779
Belsano,114.5,40.5195,-78.8711
Plato,107.5,37.5027,-92.2201
Shelly,64.6,47.4584,-96.8197
Mcgrath,1.7,62.9424,-155.563
Ford,177.9,37.6366,-99.7539
Homewood Canyon,7.3,35.89,-117.3863
Cloud Creek,5.1,36.2938,-94.7543
Elk Garden,280.1,39.3862,-79.1556
Belfonte,9.5,35.5368,-94.5507
Willapa,141.4,46.6755,-123.6648
Power,50.0,47.7203,-111.6944
Friesville,175.9,40.2943,-78.4634
Du Pont,95.7,30.9891,-82.8691
West Middleton,178.4,40.4395,-86.2161
Port Costa,289.6,38.0446,-122.185
Elrosa,365.8,45.563,-94.9473
Humptulips,8.0,47.2491,-123.9348
Kingston Mines,51.9,40.5586,-89.772
Baumstown,74.9,40.2777,-75.8066
Ackermanville,54.7,40.835,-75.2227
Leiters Ford,118.6,41.1217,-86.3858
Cherokee Strip,302.3,35.4698,-119.2617
Harrison Lake,266.2,39.1855,-86.0256
Frank,71.4,38.5462,-79.808
Dorrance,212.9,38.8469,-98.59
Miramiguoa Park,192.6,38.2389,-91.0688
Yoder,123.5,41.917,-104.2955
Prestonville,177.2,38.6805,-85.1931
Martell,34.1,38.3644,-120.8036
Goodmanville,110.0,35.4348,-118.939
Cable,68.3,46.2011,-91.2937
Killona,93.5,29.9985,-90.4851
Fort Bridger,37.4,41.3184,-110.3894
Wyaconda,115.9,40.3921,-91.926
Westernville,74.1,43.3079,-75.3819
Paxtonville,85.4,40.7702,-77.0808
Cranberry Lake,3.8,44.2063,-74.8426
Blodgett Mills,34.3,42.5665,-76.1329
Noxon,60.2,47.985,-115.7707
Regino Ramirez,75.8,26.488,-98.9338
New Pine Creek,30.1,42.0014,-120.3043
Lamb,123.6,38.692,-85.188
Graceham,154.9,39.6152,-77.3829
Saint Joseph,46.9,37.6936,-87.3256
South Frydek,41.8,29.7318,-96.0738
Rockfield,139.4,40.6416,-86.5731
Tomales,221.7,38.247,-122.9054
Karns City,124.5,40.9971,-79.7264
Glenview Manor,1208.0,38.2907,-85.6333
Kitzmiller,181.2,39.3894,-79.1833
Ferryville,34.9,43.3516,-91.0936
Harmon,47.3,46.9443,-100.9526
Wessington,193.9,44.4552,-98.6967
Maple City,171.1,44.8556,-85.8573
Rockholds,62.5,36.8308,-84.1131
Wilsey,136.1,38.6357,-96.6764
Lidderdale,30.5,42.1224,-94.7837
Gallatin River Ranch,10.4,45.9073,-111.3313
Cold Brook,167.9,43.2401,-75.0387
Reeds,99.1,37.1165,-94.1682
Vilas,96.2,37.3737,-102.4474
Deer Island,151.1,45.933,-122.8498
Sammons Point,39.8,41.0316,-87.8593
Aplin,32.9,34.9675,-92.9813
Burgoon,125.7,41.2674,-83.2508
Henlopen Acres,145.6,38.7257,-75.0849
Locustdale,196.3,40.7784,-76.3736
Belspring,77.1,37.1938,-80.6097
Cooksville,97.1,40.5428,-88.7146
Siglerville,129.5,40.7369,-77.5318
Yonah,23.6,34.6437,-83.7411
Butlerville,263.1,39.3014,-84.0906
Siasconset,34.7,41.2636,-69.9718
Katherine,19.5,35.2206,-114.5616
Beclabito,9.8,36.8335,-109.004
Fort Shaw,12.9,47.4969,-111.8194
Ronks,108.9,40.0267,-76.171
Wever,49.7,40.7058,-91.228
Sumpter,33.6,44.7435,-118.1975
Harrietta,73.9,44.3091,-85.7007
Llewellyn,322.8,40.6729,-76.2791
Hendrum,365.0,47.2641,-96.8107
Grays River,3.6,46.3608,-123.589
Selfridge,163.3,46.0417,-100.9244
Baring,70.3,47.7661,-121.4803
Sehili,112.5,36.2807,-109.1814
Pickrell,317.5,40.3781,-96.7295
Geuda Springs,159.1,37.1114,-97.1505
Samburg,155.0,36.3823,-89.3533
Bellamy,19.4,32.4582,-88.1277
Aripeka,89.3,28.4308,-82.6668
Gillham,84.6,34.1686,-94.3145
Witherbee,74.9,44.0824,-73.5339
Richland Springs,72.7,31.2715,-98.9486
Trimountain,156.1,47.0557,-88.6587
Lake Lindsey,133.9,28.6322,-82.3617
Box Springs,20.9,32.5495,-84.6568
Coleta,57.0,41.9021,-89.7998
Amesville,198.4,39.4015,-81.9548
Spreckels,589.2,36.6247,-121.6465
Cape Meares,21.2,45.5153,-123.9536
Dunnell,135.3,43.5604,-94.7752
Marquand,187.7,37.4287,-90.167
Mears,64.2,43.6835,-86.4222
Myers Flat,168.9,40.2666,-123.8737
Jakin,58.8,31.0901,-84.9822
Sweden Valley,70.9,41.7594,-77.9538
Prairietown,72.3,38.9665,-89.9234
Pine Glen,185.2,41.0887,-78.0581
Jakes Corner,51.4,34.0083,-111.3203
Cutter,88.4,33.3584,-110.6593
Tanquecitos South Acres,152.3,27.4898,-99.3797
Dell,78.9,35.8572,-90.0341
Greenhorn,10.8,39.903,-120.759
Kellyton,75.1,32.9791,-86.0358
Olar,92.4,33.1799,-81.1854
Dotyville,158.1,36.8515,-94.9098
Sellers,108.4,34.2826,-79.4724
Berger,181.2,38.6718,-91.3391
Surry,87.8,37.1372,-76.8333
Pie Town,1.3,34.34,-108.1708
Salladasburg,93.4,41.2783,-77.2273
Kennerdell,32.3,41.2787,-79.8219
Volta,16.6,37.0875,-120.9235
Taneyville,159.9,36.7377,-93.0354
Idanha,98.0,44.7029,-122.0843
Ellison Bay,27.3,45.2551,-87.0729
Radnor,100.7,40.3852,-83.1459
Standard City,113.5,39.3504,-89.7836
Fontanet,70.0,39.5718,-87.2425
Oelrichs,93.7,43.182,-103.2334
Linneus,67.8,39.8767,-93.1868
Oakland Acres,147.6,41.7205,-92.8211
Ardencroft,971.7,39.8056,-75.4862
West Charlotte,103.4,44.3099,-73.2546
Stronach,144.1,44.2131,-86.2731
South Montrose,105.6,41.7973,-75.8913
Colp,361.4,37.8074,-89.0786
Bone Gap,123.9,38.4449,-87.9976
Cavour,176.0,44.3693,-98.042
Fiddletown,15.9,38.5069,-120.7602
Douglas Flat,105.5,38.1144,-120.4549
Allport,121.0,40.966,-78.2066
Pungoteague,27.7,37.629,-75.8171
B And E,1132.7,26.3565,-98.7537
Charlton,191.8,39.6344,-77.8944
Timblin,79.9,40.9673,-79.199
East Thermopolis,387.1,43.6441,-108.1979
Lloyd,47.4,30.4822,-84.0244
Scotsdale,123.8,38.3917,-90.5907
Old Harbor,4.4,57.2169,-153.3252
Cheyney University,81.0,39.9343,-75.5306
Pollard,173.1,36.4296,-90.267
Rocky Mound,177.0,33.029,-95.029
Offerle,40.0,37.8907,-99.5603
Jerseytown,99.2,41.0889,-76.5804
St. Lucas,46.8,43.0665,-91.9341
Henderson Point,67.4,30.3153,-89.2864
Lucky,8.8,32.2443,-93.0158
Taylorstown,68.0,40.1567,-80.3865
Venango,264.1,41.7727,-80.1121
Browns,84.6,38.3775,-87.9831
Rossmore,115.2,37.805,-81.9923
Minnewaukan,148.6,48.0762,-99.2607
Burfordville,15.2,37.3677,-89.8097
White Mountain,39.6,64.6812,-163.4228
Farson,3.0,42.1528,-109.4283
Waggoner,266.3,39.3776,-89.6525
Belle Valley,175.6,39.7889,-81.5567
Boles,30.4,34.7861,-94.0507
Severy,145.8,37.622,-96.2273
Black Oak,170.8,35.8365,-90.3676
Elmdale,20.8,45.834,-94.4942
Falcon,50.7,35.1936,-78.6512
Bull Lake,39.4,48.2379,-115.8474
Lockbourne,91.0,39.8078,-82.9838
Free Union,35.7,38.1539,-78.5594
Elvaston,89.4,40.3954,-91.2496
Gulf,78.6,35.5597,-79.2805
Alsey,129.3,39.5592,-90.4328
Warthen,24.5,33.0997,-82.8033
Winger,262.3,47.5363,-95.986
Cowgill,179.5,39.5605,-93.9257
Burket,307.2,41.1549,-85.9687
Calvary,46.2,30.7224,-84.3541
Commodore,85.3,40.7154,-78.9375
South Londonderry,114.2,43.1904,-72.8118
Reasnor,127.9,41.5789,-93.0229
Woden,144.2,43.2308,-93.9114
Letcher,115.4,43.8995,-98.1442
Winchester Bay,26.8,43.6729,-124.1828
Havensville,194.8,39.5115,-96.0762
Ambia,246.6,40.4892,-87.5164
East Marianna,557.4,40.0217,-80.0934
Lowpoint,185.9,40.8729,-89.3138
Diller,167.5,40.1089,-96.9374
Washam,22.7,41.0056,-109.6992
Riddlesburg,142.3,40.162,-78.2545
Litchville,31.3,46.6566,-98.1917
Wilson Creek,73.2,47.423,-119.1176
Woolstock,67.5,42.5648,-93.8431
Sisquoc,31.7,34.8621,-120.2943
Los Panes,509.8,18.1848,-66.076
Fountain N' Lakes,259.0,38.9689,-90.8493
Pittman,56.1,28.9967,-81.6462
Causey,18.9,33.8607,-103.1066
Swift Bird,144.0,45.0601,-100.3545
Eagarville,77.6,39.1121,-89.7832
Old Monroe,32.8,38.9379,-90.7468
Maryd,141.2,40.7601,-76.056
Bates City,65.2,39.0047,-94.0659
Filer City,130.1,44.2149,-86.289
South Hero,65.3,44.6479,-73.3017
Alvan,88.6,40.307,-87.6069
Mission Woods,1595.2,39.0341,-94.6107
Isabel,83.2,45.3939,-101.4325
Minden City,71.3,43.6715,-82.7757
Ramsay,117.4,46.47,-89.9978
Pine Creek,86.9,45.5078,-110.5724
Vanduser,279.7,36.991,-89.6866
Blodgett,252.6,37.0049,-89.5263
East Verde Estates,28.1,34.2983,-111.3645
Conchas Dam,8.4,35.3623,-104.2042
Clacks Canyon,21.2,35.2203,-114.0723
Northome,48.2,47.8747,-94.2676
Mission Hill,241.2,42.9208,-97.2791
Solsberry,77.2,39.0834,-86.7561
Reedy,154.3,38.8996,-81.4264
Algiers,108.1,42.8182,-72.5771
Westford,60.4,44.6079,-73.0113
Flinton,124.0,40.7161,-78.5178
Turney,150.5,39.6377,-94.321
Venedocia,165.3,40.785,-84.4559
Ehrenfeld,160.9,40.3743,-78.7763
Partridge,100.3,37.9666,-98.0922
South Fork Estates,20.9,27.2697,-98.7239
Wineglass,11.1,45.628,-110.6233
Register,89.8,32.3658,-81.8845
La Tour,89.1,38.6348,-94.1017
Bee Branch,19.6,35.4561,-92.395
Timber Cove,12.4,38.541,-123.2589
San Lucas,177.3,36.1283,-121.0218
Brandsville,133.8,36.6507,-91.6963
Disney,56.1,36.4769,-95.0195
Baskin,52.1,32.2591,-91.7473
Sylvia,73.1,37.9589,-98.4085
Rhineland,150.1,38.7205,-91.5175
Brunsville,53.3,42.811,-96.2664
Harrellsville,62.9,36.3017,-76.7918
Ruthton,120.4,44.1776,-96.1035
Mooreton,147.4,46.269,-96.8758
Burtons Bridge,693.8,42.2781,-88.2305
Panther Burn,108.1,33.0659,-90.8726
Faunsdale,79.8,32.4576,-87.5938
Pronghorn,10.6,44.1881,-121.1817
South Carrollton,153.6,37.3358,-87.1401
Biscay,180.7,44.8263,-94.2742
Three Rocks,92.7,36.5051,-120.3936
Praesel,13.3,30.631,-97.0211
Nada,10.4,29.4146,-96.3781
Fishing Creek,65.5,38.3358,-76.2238
Fingal,166.0,46.7625,-97.7932
Slaterville Springs,128.5,42.3953,-76.3452
Bluff,1.9,37.2871,-109.573
Switzer,29.5,37.7879,-81.9865
Blue Clay Farms,28.3,34.3005,-77.8917
East Enterprise,145.5,38.8703,-84.989
Whaleyville,68.2,38.3917,-75.3004
Wet Camp Village,15.0,33.1413,-111.9004
Carl,63.3,34.0045,-83.8129
Rock,76.3,46.0686,-87.1616
Lenhartsville,277.2,40.5721,-75.8892
Batchtown,36.9,39.0331,-90.6533
Los Barreras,272.9,26.3911,-98.9184
Lobeco,26.2,32.5512,-80.7354
Nora,82.8,42.4565,-89.9459
Ravenden Springs,59.0,36.3127,-91.2233
Wildorado,29.2,35.2091,-102.2055
Scarbro,102.3,37.9503,-81.1665
Markleeville,10.5,38.684,-119.8228
Munden,113.3,39.9126,-97.5385
Unadilla Forks,13.8,42.8497,-75.2308
Knobel,162.4,36.3199,-90.6024
Fifty-Six,33.0,35.9621,-92.2301
Admire,167.6,38.641,-96.102
Midpines,15.7,37.5524,-119.9289
Allens Grove,119.4,42.5783,-88.7668
Glendale Colony,142.7,44.7979,-98.2868
Edmonson,159.5,34.2791,-101.8967
Arctic Village,1.1,68.1421,-145.4956
Tow,37.5,30.8889,-98.4631
El Chaparral,666.4,26.3489,-98.7673
Bolton Valley,156.9,44.4166,-72.8576
Corwin Springs,48.6,45.1276,-110.7997
Grand Cane,60.4,32.0836,-93.8088
Winesburg,108.3,40.6175,-81.6948
Zumbro Falls,116.2,44.2847,-92.4262
Braddyville,121.7,40.5806,-95.0312
Morriston,166.4,29.2811,-82.44
North Lawrence,97.9,40.8417,-81.6347
Hessen Cassel,60.6,40.9778,-85.0791
Patriot,411.0,38.8352,-84.8301
Regent,121.4,46.4222,-102.5581
Judah,57.4,38.9609,-86.5372
Jolly,69.1,33.8827,-98.3475
Nibbe,15.9,45.9819,-108.0272
Fultonham,180.7,39.8557,-82.1408
Sagar,36.4,35.2474,-108.767
Wisacky,12.2,34.1465,-80.1905
Keachi,13.4,32.1708,-93.916
Lake Bronson,127.7,48.7322,-96.664
Vona,132.0,39.3021,-102.7434
Wakulla,78.6,34.797,-79.2559
Blackburn,236.7,39.1048,-93.4855
Lacassine,38.6,30.2331,-92.9208
Tupman,128.0,35.2987,-119.3577
Lake Ellsworth Addition,316.0,34.8368,-98.3213
Mormon Lake,48.5,34.9112,-111.4527
Seldovia,173.7,59.4396,-151.7111
Wallingford,68.0,43.3203,-94.7922
Hooppole,263.9,41.5218,-89.914
Buck Run,130.8,40.7068,-76.3212
Barnes,167.5,39.7116,-96.8733
Cataract,113.1,44.0867,-90.8383
Kranzburg,88.0,44.8888,-96.9092
Tylersville,49.6,40.9897,-77.4427
Concow,2.5,39.7733,-121.5196
Bladen,210.5,40.3232,-98.5961
Clarita,8.5,34.4825,-96.4367
Mullin,143.6,31.5551,-98.6657
Bogard,123.1,39.458,-93.5239
Aucilla,33.5,30.477,-83.7604
Shippingport,19.5,40.6261,-80.4205
Downieville,21.1,39.5701,-120.8213
Continental Divide,24.6,35.4329,-108.3358
Ravalli,25.6,47.2799,-114.1658
East Lynne,349.3,38.6682,-94.2306
Port Alsworth,3.0,60.1688,-154.3233
Cedar Fort,3.1,40.3414,-112.1086
Brinson,32.7,30.9784,-84.7379
Haywood,32.1,34.8919,-95.9518
Bouton,217.3,41.8512,-94.0107
Glenn Springs,30.1,34.8134,-81.8415
Plessis,156.8,44.2736,-75.8574
Connorville,159.6,40.1938,-80.7176
Christie,7.0,35.9709,-94.6542
Allakaket,4.2,66.5506,-152.627
Winnett,65.6,47.0043,-108.3466
Gays,70.0,39.4583,-88.4963
Delia,223.4,39.2394,-95.9651
Alverda,81.6,40.6346,-78.8584
Tanacross,0.0,63.3523,-143.4318
Study Butte,14.0,29.335,-103.5421
Boxholm,66.2,42.1736,-94.1061
Brainards,273.4,40.7718,-75.1699
Deaver,65.6,44.889,-108.5961
Daykin,122.1,40.3217,-97.2983
Autryville,127.1,34.9965,-78.6412
Roca,228.6,40.658,-96.6614
Fort Bidwell,20.7,41.863,-120.1589
Tenakee Springs,5.1,57.7913,-135.1954
Los Berros,26.4,35.0809,-120.545
Roadstown,79.5,39.4431,-75.3169
Brashear,293.1,40.1484,-92.3787
Saugany Lake,94.8,41.7213,-86.593
Slaughters,226.3,37.4903,-87.5021
Chewalla,49.2,35.0209,-88.6426
E. Lopez,1311.6,26.3087,-98.6379
Pickering,74.4,40.4503,-94.842
Spring Garden,29.1,33.973,-85.5558
Washta,65.3,42.5756,-95.7201
Smithboro,70.9,38.8946,-89.3399
Stites,284.3,46.0921,-115.9762
Relampago,42.9,26.0851,-97.9059
Kahlotus,124.4,46.6433,-118.5559
Smolan,255.1,38.7381,-97.6843
Gravity,134.8,40.7608,-94.7435
Lindrith,18.0,36.3173,-107.0459
Cusick,129.1,48.3333,-117.2944
Aline,146.4,36.5097,-98.4485
Gravois Mills,88.4,38.3049,-92.8244
Parsonsburg,50.2,38.3936,-75.4748
Castle,42.5,35.4717,-96.3921
Davis City,113.0,40.64,-93.8126
Belvue,253.9,39.2164,-96.1789
Godwin,98.4,35.2134,-78.677
Meire Grove,168.9,45.6264,-94.8694
Billtown,154.5,39.51,-87.1861
Elcho,56.8,45.4354,-89.1861
Tecopa,3.5,35.835,-116.2074
Lasker,58.3,36.3502,-77.3058
Zanesfield,300.7,40.3387,-83.6779
Cimarron City,38.7,35.8887,-97.6023
Glen Campbell,70.1,40.8197,-78.8297
Blue Valley,62.0,39.6996,-105.4921
Carpio,103.1,48.4434,-101.7163
Caulksville,48.4,35.3017,-93.868
West Brooklyn,189.1,41.693,-89.1473
Lockington,166.9,40.2075,-84.2358
Farnam,97.0,40.7065,-100.2155
Pondsville,156.1,39.6234,-77.5916
Bluff Dale,104.2,32.3497,-98.0249
Charlottsville,107.2,40.6457,-78.2753
Gomer,28.4,40.8457,-84.1812
Hanging Rock,116.6,38.5599,-82.7274
Aldie,53.8,38.9761,-77.645
Park Place,43.5,40.8384,-76.098
Marquez,49.5,31.2361,-96.2574
Mooresboro,36.7,35.2992,-81.6986
Blanche,11.0,35.0437,-86.7532
Alamillo,54.0,34.2519,-106.9158
Macdoel,191.1,41.8263,-122.0059
Starrucca,7.3,41.8996,-75.453
Malta Bend,291.6,39.194,-93.3635
Villarreal,285.0,26.3072,-98.6443
Sayner,35.5,45.991,-89.5332
Poston,47.2,33.9921,-114.4045
Smithtown,48.4,36.2326,-80.5711
Mount Hood,33.8,45.5339,-121.5662
Rew,65.7,41.8992,-78.5388
Nehawka,259.3,40.8296,-95.9899
Poneto,250.8,40.6568,-85.2225
Rembrandt,184.5,42.8257,-95.1656
Harveyville,361.3,38.7896,-95.9624
Arnegard,56.5,47.8084,-103.4388
Nisland,267.4,44.6731,-103.5538
Bunola,58.0,40.2373,-79.9506
Ocosta,21.5,46.8913,-124.0236
Rachel,208.6,39.5207,-80.2997
Bulger,44.8,40.3767,-80.323
Antoine,127.4,34.0346,-93.4226
La Feria North,56.4,26.1778,-97.8232
Desert Center,2.1,33.7378,-115.3666
Lignite,176.3,48.8771,-102.5645
Octavia,101.8,41.3474,-97.059
Vaughnsville,301.3,40.8814,-84.146
Spiritwood Lake,56.2,47.0743,-98.5866
Lowndesville,82.8,34.2099,-82.6476
Castleford,431.1,42.5206,-114.8717
Klagetoh,325.3,35.501,-109.5283
Rockbridge,36.4,39.5861,-82.5262
Sportmans Shores,155.0,36.4645,-95.083
Long Hollow,4.4,45.6823,-97.1611
Pierpont,120.5,45.4953,-97.8321
West Burke,134.1,44.6431,-71.9792
Rarden,118.4,38.9233,-83.2423
Spearsville,26.9,32.932,-92.6001
Freeman Spur,159.5,37.8613,-88.9993
Bannock,154.0,40.1043,-80.9757
Upham,167.4,48.5815,-100.7284
Bretzville,57.7,38.2995,-86.8731
Lenox Dale,116.4,42.3339,-73.2496
Schell City,102.0,38.0192,-94.1167
Eunola,34.7,31.0326,-85.8409
Wilkesville,99.1,39.0768,-82.3275
O'Kean,62.1,36.1715,-90.8183
Roll,75.2,40.5523,-85.3903
Lake Meredith Estates,75.3,35.6639,-101.6027
Curran,32.1,39.742,-89.7785
Index,257.4,47.8212,-121.5561
Shanksville,156.6,40.0173,-78.9069
Lazear,39.5,38.7788,-107.7805
Warba,19.6,47.1367,-93.2657
Bivalve,43.5,38.3054,-75.8847
Linds Crossing,103.6,40.4389,-78.3198
Garden,76.2,45.773,-86.5529
Staves,25.9,34.031,-92.278
Jordan Valley,30.3,42.9793,-117.0574
Venedy,185.4,38.3966,-89.6456
Poole,64.9,37.6392,-87.6447
Enville,43.6,35.3911,-88.4303
Blairsburg,98.1,42.4784,-93.6428
Samoa,75.2,40.8146,-124.1893
Thornhill,1208.0,38.2884,-85.6256
Montour,137.7,41.9803,-92.7151
Bogus Hill,531.4,41.5075,-73.4625
Weskan,23.8,38.8653,-101.9681
Darrow,394.0,30.1212,-90.9843
Lakeside-Beebe Run,313.9,39.4522,-75.2497
Howardville,174.7,36.5684,-89.5973
Haigler,158.4,40.0122,-101.9385
Humboldt River Ranch,3.1,40.4318,-118.2719
Cokedale,187.4,37.1444,-104.6216
Elberon,95.4,42.0055,-92.3161
Fieldon,62.3,39.1087,-90.4996
Tumacacori-Carmen,32.7,31.5771,-111.0468
Black Butte Ranch,7.6,44.3578,-121.6588
Cruzville,24.5,33.81,-108.6684
Sun Valley Lake,30.3,40.8499,-94.0684
Edie,110.7,40.0863,-79.128
Mill Run,105.3,40.5055,-78.4333
Lake Waconda,74.0,40.8448,-95.8535
Spring Creek Colony,1.9,45.9077,-98.8806
Retsof,138.0,42.8325,-77.8756
Mount Lebanon,15.4,32.5053,-93.0499
Ovett,35.9,31.4849,-89.0273
Des Lacs,115.6,48.2564,-101.5636
Salt Rock,20.3,38.3243,-82.2172
Marble City,153.0,35.5823,-94.8186
Sammy Martinez,66.1,26.4329,-98.7512
Hamorton,453.6,39.8679,-75.6517
Makaha Valley,16.6,21.4844,-158.1843
Silverstreet,18.5,34.2177,-81.7146
Frontier,362.8,46.8002,-96.8331
Artesian,111.5,44.0079,-97.9237
Alicia,143.0,35.8929,-91.0835
Rodessa,51.3,32.9735,-93.9966
Weingarten,58.8,37.8894,-90.2172
Hartly,207.3,39.1683,-75.7124
Waiohinu,46.0,19.0714,-155.6145
Seibert,203.4,39.298,-102.8695
Harmonyville,92.3,43.0372,-72.6657
South Lincoln,25.8,44.0651,-72.9748
Roe,89.1,34.6311,-91.3861
Big Foot Prairie,21.5,42.4956,-88.5983
Grayford,33.2,38.9628,-85.5741
Itmann,62.2,37.5734,-81.4146
Wakpala,140.1,45.6594,-100.5355
Liberty Mills,102.5,41.0337,-85.7358
Big Cabin,26.9,36.5423,-95.222
Middlebrook,8.3,38.0552,-79.2182
Union Mills,101.3,41.4931,-86.7775
Bairoil,43.1,42.2372,-107.5611
Rose,6.7,36.2123,-95.0381
Everetts,123.8,35.8346,-77.1721
Millboro,51.3,37.9785,-79.6022
Netawaka,63.0,39.603,-95.7189
Daphnedale Park,73.7,41.507,-120.5472
Latty,108.5,41.0879,-84.5832
Canjilon,19.0,36.484,-106.4334
Welty,25.7,35.6257,-96.4195
Leisure Lake,43.9,40.11,-93.7236
Alston,21.4,32.081,-82.4789
Nunica,33.3,43.081,-86.0721
Orovada,2.8,41.5492,-117.8235
Gabbs,40.7,38.8621,-117.933
Townshend,71.4,43.047,-72.6692
Hobble Creek,28.5,40.2084,-111.4859
Big Falls,10.0,48.1794,-93.8092
Pine Apple,19.6,31.8722,-86.9891
Isleta Comunidad,835.9,18.3767,-67.1123
Sweet Water,25.8,32.1046,-87.8619
Sena,28.5,35.3036,-105.3913
Tabiona,271.4,40.3544,-110.7096
Devol,121.8,34.1954,-98.5882
Stone Bluff,74.5,40.17,-87.2528
Wellersburg,74.8,39.7306,-78.8478
Dukedom,32.5,36.4949,-88.7163
Rimrock Colony,236.2,48.8954,-112.0952
Humnoke,145.6,34.5422,-91.7596
Castana,66.8,42.0734,-95.9104
Chloride,40.2,35.4097,-114.1972
Barnesdale,81.3,45.6487,-123.8545
Valley Hi,97.5,40.3162,-83.6759
Ocotillo,6.8,32.7431,-116.002
Port Mansfield,12.3,26.5623,-97.4365
Okreek,1.3,43.3533,-100.3826
Raywick,67.7,37.5606,-85.4311
Sylvanite,10.6,48.7063,-115.8741
Redstone,138.4,39.1839,-107.2407
Huttonsville,275.3,38.7139,-79.9765
Rover,17.3,34.9518,-93.409
Booth,109.6,39.5976,-80.0191
Bishop Hill,113.1,41.1998,-90.1175
Black Hawk,19.3,39.8043,-105.495
Tajique,22.3,34.7601,-106.301
Pritchett,142.7,37.3701,-102.8588
Kinney,15.4,47.5167,-92.7227
Hallwood,159.1,37.8774,-75.5897
Hobson,20.5,31.4836,-88.1513
Du Bois,137.6,40.0346,-96.0466
Erhard,109.1,46.4836,-96.0965
Marksboro,28.0,40.9811,-74.9082
Nogal,7.9,33.5382,-105.7119
Vaiva Vo,129.9,32.7167,-111.9269
Hurontown,828.1,47.1091,-88.5737
Falls View,280.6,38.1296,-81.2539
Onward,153.1,40.6947,-86.1948
Campus,145.3,41.0247,-88.3072
Raritan,115.3,40.6958,-90.8251
Kenefic,60.1,34.15,-96.3644
Love Valley,58.5,35.9872,-80.9836
Coal Center,265.2,40.07,-79.9009
Tatums,29.9,34.4779,-97.466
Petty,103.9,33.6034,-95.8055
Cape May Point,291.2,38.9372,-74.9651
Mount Olivet,72.4,38.5318,-84.0357
Buttzville,72.6,40.8293,-75.006
West Havre,31.6,48.5471,-109.731
Nespelem,225.3,48.167,-118.9722
Otter Creek,44.0,29.3238,-82.7734
Boyers,82.5,41.1084,-79.8989
Potters Mills,47.0,40.8023,-77.6271
Fairford,19.5,31.178,-88.0728
Arbovale,102.7,38.4353,-79.8116
Mount Etna,83.8,40.7411,-85.5619
West Mineral,115.2,37.2839,-94.9268
Lake Everett,103.6,41.1541,-85.3153
Hutton,138.0,39.4145,-79.4801
Coker Creek,31.0,35.2632,-84.2882
Talma,102.2,41.1539,-86.135
New Liberty,127.2,41.7161,-90.878
Pinion Pines,39.6,35.1466,-113.9058
Mine La Motte,18.2,37.6145,-90.2943
Blanford,140.1,39.667,-87.5203
Stonega,95.6,36.9522,-82.7899
Ayrshire,141.3,43.0396,-94.8338
West Elkton,101.9,39.5881,-84.5597
Kossuth,61.6,34.8726,-88.6428
Camden-On-Gauley,154.0,38.3686,-80.5973
Fountain Springs,105.9,40.7722,-76.3284
Spring Drive Mobile Home Park,1088.7,40.3071,-78.3301
Vidette,60.7,33.0376,-82.2474
Old Bennington,148.5,42.8848,-73.2143
Cold Bay,1.1,55.2122,-162.7475
Cuney,35.9,32.0374,-95.4147
Steuben,9.5,43.1833,-90.8569
Pickwick,92.0,43.9815,-91.4946
Ojo Sarco,17.3,36.125,-105.7846
Austwell,74.2,28.3911,-96.8435
Lozano,440.6,26.1896,-97.5437
Prairie Hill,128.9,39.5208,-92.7363
Dwale,96.9,37.6253,-82.7277
Little Bitterroot Lake,7.0,48.118,-114.7206
Hyannis,113.4,42.0006,-101.7624
Kaktovik,76.3,70.1231,-143.6258
Cannelburg,140.2,38.668,-86.9977
Bienville,5.4,32.3618,-92.9788
Bransford,14.7,36.5133,-86.2853
Alamo Beach,78.1,28.5734,-96.5655
Oak Shores,11.6,35.7602,-120.9813
South Edmeston,63.1,42.6854,-75.3113
Nara Visa,8.4,35.6068,-103.1043
Lorraine,164.9,38.569,-98.3174
Drakesville,197.6,40.7986,-92.4813
Le Flore,44.7,34.8981,-94.9772
Norge,171.9,34.9888,-97.9941
Steptoe,26.4,47.0075,-117.3502
Hannasville,37.9,41.4716,-79.9311
Minnesota City,220.5,44.0923,-91.75
Mckeansburg,186.9,40.6823,-76.0196
North Westminster,120.8,43.1219,-72.4554
Quinwood,204.3,38.0586,-80.706
Askewville,99.2,36.1116,-76.9412
Kamaili,8.3,19.4391,-154.9189
Celeryville,113.6,41.0287,-82.7273
Cumberland-Hesstown,23.0,39.3641,-74.9284
Spray,100.3,44.8335,-119.7949
Port Lions,11.7,57.8758,-152.8737
La Clede,124.3,38.8806,-88.7128
Tollette,60.6,33.8181,-93.8969
Templeville,167.2,39.1361,-75.7676
Zap,57.2,47.2847,-101.9233
May,39.2,31.9798,-98.9247
Hickory Corners,28.2,42.4363,-85.3793
Burlington Flats,25.3,42.7404,-75.1843
King William,12.6,37.6882,-77.0212
Metcalf,98.2,39.8004,-87.8078
Falun,52.6,38.6745,-97.7511
Mound Station,112.4,40.0066,-90.8737
Salvisa,31.7,37.921,-84.8615
Organ,67.6,32.4251,-106.6025
Lodge,18.4,33.0678,-80.9537
Candlewood Knolls,540.4,41.4791,-73.4636
Economy,276.7,39.9774,-85.0868
Rexford,239.5,39.4705,-100.7439
Pulcifer,56.1,44.8476,-88.3592
Torreon,7.0,34.7242,-106.3008
Orchard Hill,295.6,33.1851,-84.2123
Bristow Cove,5.3,34.1092,-86.241
New Burnside,55.4,37.5787,-88.7727
Damar,141.5,39.3192,-99.5844
Elbert,105.7,39.2189,-104.5404
Maxville,8.3,46.476,-113.2355
Navarino,52.0,44.6109,-88.4934
Chula,289.9,39.9219,-93.4776
Moclips,32.5,47.2348,-124.2024
Segundo,82.9,37.1225,-104.7395
Rudy,35.4,35.5304,-94.2406
Grenola,123.7,37.3507,-96.4494
Ophiem,48.7,41.2538,-90.3827
Kell,57.4,38.4912,-88.9032
Melbeta,145.5,41.7819,-103.5171
Keensburg,42.6,38.3518,-87.8683
Pinos Altos,76.1,32.8665,-108.2221
Gilson,37.7,40.8629,-90.1992
Ludlow Falls,252.7,39.9981,-84.3392
Bald Head Island,14.7,33.866,-77.9862
Falling Spring,111.0,37.9926,-80.3576
Lake Lillian,126.2,44.9458,-94.8801
Smoaks,35.1,33.0895,-80.8142
Ali Molina,74.1,31.9025,-111.7804
Wopsononock,123.1,40.566,-78.4495
Banner,44.3,40.5126,-89.9156
Days Creek,24.3,42.9705,-123.1658
Panorama Park,519.9,41.5557,-90.4538
Garvin,30.1,33.9561,-94.9357
Amberg,35.4,45.5062,-87.9873
Clements,180.4,44.3801,-95.0548
Emerald,30.6,45.0833,-92.2579
Crystal Bay,126.7,39.2314,-120.0019
Jeddo,49.7,40.9903,-75.8958
Brookeville,656.9,39.1808,-77.0591
Chical,70.5,34.8658,-106.6671
Clyattville,25.0,30.688,-83.3154
Binford,207.5,47.5604,-98.3456
Big Bow,11.4,37.5609,-101.5573
Reydon,115.8,35.6499,-99.9236
Gattman,101.6,33.8848,-88.2367
Goofy Ridge,42.4,40.3948,-89.9407
Summit Station,44.7,40.562,-76.2013
Stockett,36.5,47.3542,-111.1697
Corn Creek,28.0,43.5744,-101.2059
Spivey,108.9,37.4484,-98.1658
Deer,20.3,35.8238,-93.223
Federal Dam,25.7,47.2411,-94.2152
Justice Addition,131.3,37.8916,-81.9928
Cantrall,160.2,39.9353,-89.6788
Waves,84.1,35.5695,-75.4666
Round Mountain,33.8,40.8006,-121.9375
Morrowville,175.5,39.8452,-97.1724
Wildrose,39.8,48.6299,-103.1837
Worthville,105.4,38.6098,-85.0681
Oceola,113.2,40.8441,-83.0947
Whitingham,70.0,42.7892,-72.8834
Frenchville,72.8,41.1048,-78.22
Skene,13.7,33.704,-90.7974
Bobo,29.4,34.1336,-90.6776
Kaltag,2.4,64.3223,-158.7436
Nadine,4.9,32.6231,-103.1078
Braman,106.6,36.9236,-97.3358
Foss,76.6,35.45,-99.1707
Murtaugh,128.4,42.4918,-114.1625
Blomkest,55.4,44.9428,-95.0235
Canalou,464.8,36.754,-89.6866
Freeburn,46.7,37.5619,-82.1514
Teresita,5.8,36.123,-94.9803
Happys Inn,5.7,48.0638,-115.135
Hindsville,77.5,36.1458,-93.8627
Sand Coulee,21.0,47.4024,-111.1726
Kamrar,65.7,42.3896,-93.7278
Honor,103.8,44.6666,-86.0201
Haleburg,14.6,31.4099,-85.1381
Leadore,73.1,44.6802,-113.3592
Quicksburg,125.9,38.6932,-78.6789
Crook,58.7,40.859,-102.8013
Scotts,239.4,42.1941,-85.4137
Mcclelland,157.8,41.3316,-95.6814
Maquon,318.9,40.798,-90.1632
Atkinson Mills,54.9,40.4519,-77.8052
Hallsboro,17.1,34.3189,-78.5934
Singers Glen,64.3,38.55,-78.9143
Redmon,212.4,39.6448,-87.8616
Freedom Acres,31.7,34.3199,-111.3051
Clearmont,127.9,40.508,-95.0326
Ophir,155.4,37.8568,-107.8312
Colburn,328.6,40.5188,-86.7122
Hustler,79.7,43.8773,-90.2658
Hickory Hill,1047.0,38.2877,-85.5679
Kenton Vale,934.7,39.0514,-84.5199
Yellow Bluff,88.8,31.9623,-87.4773
Barrytown,90.5,42.0001,-73.9259
Osterdock,140.7,42.7313,-91.1586
Monterey Park Tract,196.9,37.5268,-121.0115
New Grand Chain,53.3,37.2552,-89.0165
Mellette,196.5,45.1544,-98.4983
Brice,741.5,39.9173,-82.8318
Garrattsville,39.0,42.6524,-75.1691
Eareckson Station,10.1,52.7213,174.111
Mccord Bend,408.1,36.7875,-93.5034
Shevlin,68.6,47.5302,-95.2595
Crum,108.2,37.9095,-82.447
Slick,7.9,35.7799,-96.28
Leshara,195.4,41.3298,-96.4292
Long Island,134.3,39.9462,-99.534
Sierra Village,21.5,38.0765,-120.1629
Huntington Center,45.8,44.2906,-72.9672
Iron Belt,22.4,46.4031,-90.3194
Leonore,141.7,41.189,-88.9825
Morland,115.4,39.3489,-100.0743
Tina,119.3,39.5379,-93.4413
Wyeville,97.8,44.0279,-90.3861
Burkittsville,121.6,39.3923,-77.6275
Kino Springs,185.3,31.3641,-110.8096
Blakeslee,70.8,41.5243,-84.7309
Mier,33.9,40.5748,-85.8233
Stone Creek,129.0,40.3998,-81.558
Forksville,34.8,41.4896,-76.6028
Fishersburg,254.7,40.072,-85.8594
Rulo,87.4,40.0518,-95.4301
Fort Yates,571.8,46.0865,-100.6301
Big Arm,10.1,47.7936,-114.2701
Elderon,48.8,44.7843,-89.248
Laurel Mountain,291.5,40.2112,-79.1851
North Escobares,75.9,26.4325,-98.9719
Blue Sky,65.8,40.3002,-103.8056
Hunnewell,88.9,39.6679,-91.8588
Reightown,344.2,40.6021,-78.3441
Kings Valley,75.4,44.6985,-123.4269
Lynndyl,17.3,39.5085,-112.3933
Emhouse,143.3,32.1607,-96.5772
Lequire,17.3,35.1098,-95.1065
Deep Creek,90.6,37.763,-75.7552
East Burke,103.1,44.5875,-71.9403
Powellsville,177.6,36.2252,-76.9316
Pleasant Plain,276.5,39.2785,-84.1121
Shopiere,73.4,42.5722,-88.9362
Chelan Falls,436.9,47.7994,-119.9882
Miller City,137.4,41.1036,-84.1301
Fortescue,325.7,39.2359,-75.1701
Louann,30.6,33.3915,-92.7923
Adak,1.7,51.8815,-176.6295
Galisteo,16.1,35.3984,-105.9571
Geddes,74.9,43.254,-98.6974
Dola,65.5,40.7848,-83.6989
Rohrersville,173.5,39.4348,-77.6655
Cearfoss,100.9,39.699,-77.7765
Driftwood,42.1,30.133,-98.0373
Forada,100.6,45.7887,-95.3574
Barnes City,92.0,41.507,-92.4695
Antares,83.6,35.4229,-113.8083
Reed,166.0,33.7017,-91.4458
Solon Mills,111.3,42.4423,-88.2765
Prairieburg,120.6,42.2376,-91.4258
Luzerne,125.4,41.9054,-92.1804
Cowlington,59.3,35.3105,-94.7878
Reeves,22.4,30.5215,-93.0428
Kinross,77.4,41.4591,-91.9873
Nilwood,116.2,39.3995,-89.8077
Pyatt,43.0,36.2509,-92.8443
Matlock,89.0,43.2443,-95.9344
Duneland Beach,546.6,41.7562,-86.8334
Bendena,35.3,39.7436,-95.1811
Gough,64.1,33.088,-82.2286
Encantado,20.1,35.7934,-105.9111
Saddle Butte,21.4,48.5235,-109.6449
Woodford,68.4,33.6687,-81.112
Neosho Falls,106.0,38.0058,-95.5556
Gann,66.8,40.4692,-82.1913
Forest River,107.2,48.2166,-97.4703
Catlett,16.7,38.654,-77.637
Nardin,51.6,36.8041,-97.4499
Darling,19.8,34.3591,-90.2754
Leota,35.3,43.8298,-96.0218
Baylis,113.9,39.7294,-90.9094
Tolna,71.3,47.8257,-98.4382
Noonan,72.8,48.8899,-103.0101
Atqasuk,1.4,70.481,-157.3835
Welton,95.1,41.9081,-90.5971
Woods Landing-Jelm,3.2,41.1014,-106.0288
Cove Forge,10.8,40.479,-78.1735
Pence,50.2,46.4104,-90.2695
Free Soil,51.7,44.1071,-86.211
Terlingua,4.8,29.2991,-103.5796
Greenwater,36.7,47.1465,-121.632
Seconsett Island,209.6,41.5662,-70.5123
Mill Shoals,69.5,38.2495,-88.3457
Dixie,35.5,30.7875,-83.668
Harding,17.2,46.1191,-94.0368
Wildersville,31.6,35.7766,-88.3561
Meadow Acres,37.9,42.8593,-106.0953
Black Springs,119.7,34.4607,-93.7123
Stendal,69.4,38.2667,-87.1444
Fernan Lake Village,729.9,47.6726,-116.7472
Still Pond,115.7,39.326,-76.0424
Muscotah,223.5,39.5535,-95.5204
East Nicolaus,11.6,38.91,-121.5443
Theodosia,38.9,36.5807,-92.6638
Mount Croghan,70.2,34.7697,-80.2264
Olancha,6.8,36.2704,-118.0015
Hypericum,52.0,36.2562,-119.2169
Short,4.9,35.5664,-94.4936
Briartown,8.8,35.2974,-95.2386
Gilmanton,15.9,44.4738,-91.6785
Worton,57.3,39.2718,-76.0933
Dekorra,43.6,43.4539,-89.4603
Aneta,53.1,47.6795,-97.9897
Borup,147.2,47.1803,-96.5058
Farmers,53.1,38.1413,-83.5404
Fountaintown,60.1,39.6948,-85.783
Reeder,77.0,46.1059,-102.9422
Blockton,82.9,40.6168,-94.4779
Encino,7.9,26.9364,-98.1152
Mettler,238.5,35.0635,-118.9729
Jerusalem,102.5,39.8519,-81.096
Schnellville,46.1,38.3412,-86.7561
Lingleville,52.0,32.2432,-98.3767
Mosquito Lake,0.4,59.4708,-136.1452
Francestown,56.4,42.9895,-71.8141
Bromide,78.0,34.4183,-96.4948
Ora,99.9,41.1739,-86.5531
Sombrillo,55.4,35.9802,-106.0352
Hoodsport,49.8,47.4022,-123.1535
Epping,53.8,48.2817,-103.3579
Palmersville,18.3,36.4084,-88.5842
Bovill,205.9,46.8585,-116.3935
Hibernia,24.3,40.9423,-74.5011
Brussels,93.8,38.9483,-90.5887
Marydel,477.8,39.113,-75.7497
Sail Harbor,112.3,41.5265,-73.4653
Wolverton,203.4,46.563,-96.7363
Huslia,3.4,65.7001,-156.3386
Moskowite Corner,18.5,38.4464,-122.1944
Clearville,16.8,39.9168,-78.3839
Springbrook,86.9,42.1658,-90.4792
Deepstep,49.7,33.0176,-82.9678
Beason,120.9,40.1428,-89.1928
Urie,29.5,41.3089,-110.3351
San Jon,17.9,35.1113,-103.3364
Leeper,100.2,41.3704,-79.3056
Eagle Creek,85.2,40.8989,-77.8935
Kickapoo Tribal Center,27.1,39.6722,-95.6453
Crowheart,1.7,43.3398,-109.2298
East Columbia,83.2,29.1396,-95.6143
East Charlotte,122.6,44.3184,-73.1909
Slickville,100.7,40.4622,-79.5184
Curlew,69.0,48.8777,-118.6046
Elk Falls,71.7,37.3733,-96.1934
Omar,46.3,37.7583,-81.9974
Caney City,45.2,32.2096,-96.0381
Galloway,83.1,39.2339,-80.1277
Copper Harbor,34.5,47.47,-87.8767
Goree,36.0,33.468,-99.5236
Kline,16.8,33.1252,-81.3426
Fenwood,52.9,44.8658,-90.0146
Alvordton,225.3,41.6646,-84.4347
Mcfall,103.7,40.1116,-94.2223
Ryder,99.4,47.9211,-101.6694
Hettick,195.8,39.3557,-90.0372
Volin,106.1,42.9586,-97.1812
Drowning Creek,58.7,36.4778,-94.8942
Mount Vision,34.4,42.583,-75.0518
Hustontown,89.8,40.049,-78.0269
Ekron,199.2,37.9303,-86.1764
South Salem,237.7,39.3372,-83.3067
Dargan,92.3,39.3766,-77.7341
Crown,20.6,41.3916,-79.2634
Rainsburg,96.8,39.8956,-78.5174
Casa,46.2,35.0253,-93.0448
Sedgewickville,80.8,37.5146,-89.9061
Hickory Valley,102.7,35.155,-89.126
East Fairview,99.8,47.8554,-104.0375
Lavina,51.2,46.295,-108.9388
Bennett Springs,12.4,37.7255,-92.8534
Callensburg,218.3,41.1258,-79.5577
Fort Klamath,34.8,42.7048,-121.9943
Strathmere,98.3,39.1944,-74.6618
New Cambria,76.9,39.7765,-92.7515
Tullahassee,28.5,35.8406,-95.4383
Kennan,26.1,45.5301,-90.5868
Port Wing,45.0,46.7757,-91.3807
Middletown Springs,74.5,43.4865,-73.1232
Mount Erie,48.0,38.5146,-88.2325
Lexa,125.2,34.5983,-90.7519
Squaw Lake,63.4,47.6276,-94.1381
Kettle River,132.9,46.4862,-92.8776
Seba Dalkai,3.4,35.4816,-110.4562
New Rockport Colony,14.6,47.8598,-112.0349
Sidon,381.8,33.4079,-90.2081
Pulpotio Bareas,99.5,32.2179,-107.7728
Metaline,241.6,48.8533,-117.3893
Tygh Valley,13.8,45.2417,-121.1693
Johnson Prairie,10.5,36.0791,-94.9759
Minidoka,173.6,42.754,-113.49
Ginger Blue,62.5,36.5899,-94.4596
Bern,183.0,39.9612,-95.9713
High Forest,100.2,43.8462,-92.548
Aullville,87.4,39.0175,-93.6779
Clemons,126.0,42.1139,-93.1587
Commiskey,81.2,38.8595,-85.6455
Tennessee,119.8,40.4114,-90.8363
Bloomingville,39.9,41.3554,-82.7299
Cliff,5.0,32.966,-108.6176
Bonanza Mountain Estates,178.2,39.9768,-105.4798
Pecktonville,86.6,39.666,-78.0482
Gildford,44.9,48.5738,-110.3072
Holters Crossing,124.6,40.9721,-77.7242
Ragsdale,56.4,38.7467,-87.3241
Judith Gap,176.9,46.6791,-109.7533
Old Shawneetown,99.1,37.6971,-88.1387
Old Mill Creek,4.7,42.4321,-87.9786
Elfrida,8.3,31.6783,-109.6876
Hawleyville,108.4,41.4288,-73.3506
Walthall,51.9,33.6069,-89.2787
Flintstone,124.2,39.7035,-78.5756
Chimney Rock Village,15.1,35.4503,-82.255
Browndell,20.7,31.1254,-93.9802
Church Creek,128.0,38.5036,-76.1531
Foxhome,133.0,46.2769,-96.3122
Crary,53.3,48.0716,-98.6385
Dupuyer,10.9,48.1868,-112.4771
La Chuparosa,218.7,26.4037,-98.9268
Conkling Park,48.4,47.3998,-116.7704
St. Donatus,64.9,42.3624,-90.5422
Potlicker Flats,87.3,40.7269,-77.6077
Franks Field,40.0,46.5522,-90.5989
Mount Hebron,67.5,41.7857,-122.008
Morea,286.3,40.7892,-76.1729
Madisonburg,229.0,40.9268,-77.5185
Lonepine,3.7,47.6945,-114.6407
Eagle Harbor,27.8,47.4542,-88.1569
Niotaze,45.3,37.0678,-96.0147
Gu-Win,25.8,33.9443,-87.8705
Skelp,58.9,40.6184,-78.2618
Virgilina,81.8,36.5463,-78.7755
Cherokee Pass,24.1,37.4873,-90.296
Ridott,227.4,42.2967,-89.4771
Vernonburg,124.5,31.9637,-81.1259
Mertens,115.5,32.0588,-96.8937
Amenia,33.7,47.0065,-97.2241
Fernwood,38.8,47.1151,-116.3864
Isabella,16.8,36.2354,-98.3354
Copper Hill,6.8,33.4379,-110.7516
Pump Back,24.3,36.2707,-95.1178
Spottsville,106.5,37.8564,-87.4167
Pleasant Mills,113.4,40.7778,-84.8422
Higden,102.8,35.5667,-92.2049
Abbs Valley,21.9,37.2395,-81.4616
Adamsburg,276.6,40.3124,-79.6543
Tillar,63.5,33.7109,-91.4517
Alvo,154.2,40.8723,-96.3865
Oklaunion,111.2,34.1294,-99.1443
Willow Branch,126.8,39.8762,-85.6844
Boys Ranch,31.2,35.5332,-102.2537
Captiva,42.2,26.5205,-82.191
Crossnore,111.2,36.0222,-81.9308
Nunez,37.7,32.4919,-82.3467
Popejoy,66.2,42.5938,-93.4278
Chugcreek,26.3,42.0535,-104.9079
Radom,47.5,38.2798,-89.1922
Iglesia Antigua,23.6,26.0748,-97.8342
Bramwell,89.8,37.327,-81.313
Geeseytown,101.8,40.4516,-78.3439
Alsea,222.6,44.3815,-123.5958
Mount Moriah,48.8,40.3293,-93.7971
Cassoday,165.7,38.0386,-96.6386
Leopold,33.8,38.1039,-86.5833
Keats,108.1,39.2217,-96.7109
Bodcaw,16.6,33.5607,-93.4013
Pajarito Mesa,2.3,34.9855,-106.7817
Conroy,64.8,41.7266,-91.9985
Little City,123.9,34.084,-96.616
Levasy,82.1,39.1363,-94.1307
Meta,186.4,38.3122,-92.1656
Penton,5.4,33.009,-85.4722
Raub,56.2,40.7294,-87.4897
Slayden,32.2,36.2913,-87.4656
Renfrew,121.7,40.8067,-79.9648
Nanticoke Acres,105.2,38.2578,-75.9059
Coesse,75.2,41.1278,-85.3953
Chaparrito,199.9,26.3408,-98.7354
Petersville,47.9,39.2245,-85.82
Bayfront,34.7,46.6235,-90.7898
Lamar Heights,62.6,37.4937,-94.2955
Wawona,45.6,37.5447,-119.6387
Mace,142.5,40.0103,-86.7964
Coburn,291.0,40.8653,-77.4634
Sandy Point,28.2,29.4013,-95.4816
Center Sandwich,83.0,43.8085,-71.4394
Brayton,112.8,41.5447,-94.9302
East Alliance,61.8,40.9092,-81.0742
East Waterford,274.0,40.3711,-77.6048
Promised Land,31.3,34.1276,-82.2307
Grand Marsh,40.6,43.8852,-89.7072
Wimbledon,78.9,47.1691,-98.4587
Wallula,217.5,46.0847,-118.9056
Rabbit Hash,9.6,38.924,-84.8502
Whitehorse,17.9,45.2746,-100.9012
Smeltertown,101.1,38.5524,-106.0085
Lowes,71.0,36.8828,-88.7706
Morrison Crossroads,9.4,33.4198,-85.4903
Climax Springs,60.3,38.1004,-93.0528
Kopperl,90.0,32.07,-97.4991
Sarahsville,182.8,39.8075,-81.4693
East Peru,52.0,41.227,-93.9295
Willow City,103.9,48.6047,-100.2933
Milton Mills,56.5,43.5037,-70.9654
Parc,39.6,44.6639,-73.453
Roderfield,119.1,37.4501,-81.7029
Peever,106.5,45.5422,-96.956
South Amana,35.0,41.7703,-91.96
Rock Creek Park,70.6,38.7011,-104.8347
Southern Ute,3.0,37.0749,-107.5933
Ritchie,46.7,41.2557,-88.1158
Kobuk,3.1,66.931,-156.8939
Whitten,97.1,42.2626,-93.0092
Payneway,9.0,35.5457,-90.5123
Port Graham,7.5,59.34,-151.8464
Primrose,1.4,60.3497,-149.3199
Top-Of-The-World,8.0,33.3477,-110.9997
Gem,67.9,39.426,-100.8973
Burchard,64.0,40.1493,-96.3488
Wheatcroft,174.0,37.4893,-87.8613
Swaledale,138.7,42.9765,-93.3155
Center Junction,65.7,42.1142,-91.0904
Stark City,205.1,36.8629,-94.1863
South Greenfield,35.1,37.3761,-93.841
Mcfarlan,52.1,34.8148,-79.9766
Gay,55.4,33.0937,-84.5755
Davey,240.8,40.9838,-96.6692
Rocky Boy'S Agency,5.6,48.259,-109.7648
Kenel,48.8,45.8545,-100.4592
Robeline,40.2,31.6898,-93.3039
Orrtanna,216.4,39.8459,-77.3594
Utopia,16.2,29.6188,-99.5153
Osnabrock,155.6,48.67,-98.1488
Pheba,22.7,33.5835,-88.9494
Ali Chuk,32.9,31.8169,-112.5584
Nachusa,62.2,41.8339,-89.3858
Radley,63.0,37.4851,-94.7617
Bly,56.2,42.3916,-121.0435
Soldier,244.2,41.9844,-95.7805
Loma Vista,477.3,26.4169,-98.9814
East Salem,168.0,40.6087,-77.237
Ormsby,15.1,43.8503,-94.6986
Mount Laguna,28.0,32.8711,-116.4247
Woody Creek,77.5,39.2708,-106.8883
East Oolitic,107.1,38.8989,-86.5119
Chittenden,96.5,43.7039,-72.9494
Naponee,43.1,40.0747,-99.1386
Little Sioux,34.7,41.8082,-96.0272
Jameson,184.9,40.006,-93.9878
Mapleview,189.2,43.6901,-92.974
Magness,76.7,35.7031,-91.4822
Salineño,268.8,26.5176,-99.112
Tony,23.3,45.4804,-90.9971
Mockingbird Valley,391.7,38.2701,-85.6815
Miamiville,297.9,39.2123,-84.3001
Eagle Rock,66.2,37.6423,-79.7919
Addy,194.0,48.3588,-117.8372
Conde,83.7,45.1573,-98.0955
Mainville,67.6,40.9797,-76.3706
La Coma Heights,48.0,26.4394,-98.0747
Ball Club,17.0,47.3311,-93.946
Edgewater Park,128.1,34.8247,-98.3752
La Junta Gardens,88.3,38.0014,-103.5549
Mays,169.0,39.7437,-85.43
Stone City,26.8,42.11,-91.3543
Bradgate,89.3,42.803,-94.4201
Grovertown,54.1,41.375,-86.5047
Cantwell,0.1,63.379,-148.8158
Novice,97.1,31.9872,-99.6253
La Escondida,229.3,26.3807,-98.8737
Boynton,111.2,35.6495,-95.6535
Martha,71.3,34.7262,-99.3867
Medill,60.3,40.4299,-91.7742
Grier City,97.2,40.8268,-76.058
Imlay,38.9,40.6581,-118.1441
Beaver Marsh,25.1,43.1364,-121.8042
Humphreys,115.3,40.1252,-93.3196
Mead Ranch,78.1,34.346,-111.143
Folsomville,56.1,38.1292,-87.1642
Cunard,21.6,37.9994,-81.0402
Malmo,111.2,41.2664,-96.7209
Rohrsburg,63.2,41.1325,-76.4231
Peyton,20.2,39.033,-104.4904
Searsboro,102.8,41.5791,-92.7041
Hunt,51.7,42.5477,-77.991
Gaylesville,33.4,34.2665,-85.5603
Bledsoe,25.9,33.6182,-103.0181
Viking,89.9,48.2182,-96.4068
Mccracken,46.5,38.5821,-99.5684
Sheakleyville,112.0,41.4438,-80.2067
Teterboro,41.8,40.858,-74.0594
Allenville,76.1,39.5583,-88.5387
Crystal Mountain,26.1,44.5216,-86.0032
Savonburg,75.5,37.7489,-95.1428
Alfarata,82.9,40.6618,-77.456
Wamic,38.4,45.2256,-121.2927
Foundryville,85.8,41.0775,-76.2355
Raglesville,53.8,38.8022,-86.9622
Bessemer Bend,18.3,42.7561,-106.5176
Helenville,82.9,43.0165,-88.6999
Bull Hollow,8.5,36.3046,-94.9008
Miesville,26.3,44.599,-92.8196
Walterhill,15.3,35.9573,-86.3679
Glenham,43.1,45.533,-100.2711
Brave,81.3,39.7265,-80.2593
Falkland,119.3,35.6986,-77.5129
Brooktree Park,137.6,47.0039,-96.8958
Eyers Grove,67.5,41.0935,-76.5189
Hiouchi,79.2,41.7936,-124.0662
Stevinson,40.7,37.3247,-120.8497
Catalpa Canyon,6.5,35.4942,-108.7206
Odanah,17.4,46.5999,-90.6878
La Russell,118.8,37.1402,-94.061
Broadwater,144.9,41.598,-102.8525
Hepler,45.6,37.6637,-94.9697
Pamplin City,228.9,37.2642,-78.682
Cullison,136.0,37.6303,-98.9054
Trilla,53.1,39.3752,-88.3507
Faucett,46.2,39.6005,-94.7976
Panola,40.6,34.9273,-95.2099
Ulmer,16.6,33.0987,-81.208
Judyville,38.1,40.3584,-87.3969
Rubicon,107.8,43.3371,-88.4525
Mainesburg,70.8,41.784,-76.9983
Makena,4.8,20.631,-156.4252
Todd Mission,23.0,30.2613,-95.8298
Sweet Water Village,57.0,33.1274,-111.8424
Harrison City,412.8,40.3547,-79.6502
Akhiok,6.1,56.945,-154.215
Springlake,43.9,34.2317,-102.3057
Ohiowa,133.1,40.4136,-97.4524
Naper,88.8,42.9642,-99.097
Rhodell,114.3,37.6094,-81.3049
Greigsville,63.6,42.8307,-77.9015
Helenwood,22.5,36.4227,-84.5429
Pilot Mound,45.9,42.1593,-94.0183
Preble,59.1,40.8323,-85.0147
Westview Circle,19.6,42.0605,-105.0715
Wisdom,44.8,45.6114,-113.447
Beaman,274.9,42.2203,-92.8221
Lybrook,11.6,36.229,-107.5549
Bark Ranch,52.4,40.1156,-105.4417
Delco,30.0,34.3188,-78.2267
Raymond City,166.3,38.4838,-81.8195
Earlton,73.4,37.5873,-95.4696
Mckittrick,91.8,38.7387,-91.4443
Ayr,123.1,40.4377,-98.4409
San Cristobal,6.5,36.6101,-105.6319
Lake Santeetlah,66.3,35.3636,-83.8664
Solway,43.5,47.5211,-95.1303
Cool,27.2,32.8001,-98.0113
Republican City,142.6,40.0987,-99.2223
Eagles Mere,21.8,41.4102,-76.5832
Brock,102.2,40.4804,-95.9601
Grasston,48.0,45.7958,-93.1526
Pawleys Island,63.9,33.4269,-79.1246
Airport Heights,184.4,26.4087,-98.8367
Harman,53.1,38.9211,-79.5245
Wallowa Lake,24.4,45.3041,-117.2117
Hyner,39.3,41.3317,-77.6442
Larrabee,185.6,42.8616,-95.5446
Rockdale Acres,27.0,41.767,-79.9237
Lamy,17.2,35.4854,-105.8863
Mill Spring,100.9,37.0651,-90.6779
Mount Briar,71.3,39.4426,-77.6873
Munjor,19.3,38.8089,-99.2674
Renick,117.2,39.3469,-92.4152
Tingley,64.9,40.8527,-94.1958
Big Lagoon,73.1,41.1593,-124.1301
Bronaugh,183.9,37.694,-94.4683
Lynxville,32.0,43.2493,-91.0464
Acorn,11.2,34.6379,-94.2025
Amoret,286.5,38.2549,-94.5873
Nessen City,36.6,44.5202,-85.8729
Mount Eagle,89.7,40.9799,-77.7058
Kettlersville,43.2,40.4389,-84.2598
Lawrence Creek,64.0,36.0838,-96.4267
Strayhorn,12.5,34.6159,-90.1525
Detmold,90.7,39.5574,-78.9912
Theba,71.4,32.9181,-112.8903
Longfellow,68.9,40.5062,-77.6665
Samak,18.0,40.6389,-111.2413
Los Cerrillos,13.2,35.4272,-106.1212
Percival,100.9,40.7513,-95.8133
East Sharpsburg,60.3,40.3346,-78.3721
Belden,112.0,42.4116,-97.2077
Spofford,111.8,29.1733,-100.4112
Ten Broeck,589.3,38.2976,-85.5807
Ericson,85.6,41.7803,-98.6785
Cogswell,78.4,46.107,-97.7842
Wrigley,46.1,35.8997,-87.3536
Old Agency,77.8,47.3226,-114.2987
Comptche,38.2,39.2652,-123.5898
Shambaugh,114.6,40.6575,-95.0352
Ledyard,84.7,43.4192,-94.1593
Choptank,256.4,38.6822,-75.9494
Angostura,3.5,43.3192,-103.386
Owl Ranch,58.8,27.8927,-98.0934
Goodnews Bay,13.1,59.1271,-161.5753
Indian Village,207.4,41.7142,-86.2322
Willey,95.2,41.9788,-94.8224
Barnett,147.9,38.3775,-92.6746
Shannon City,106.0,40.899,-94.2639
Onton,52.9,37.5578,-87.437
Tanquecitos South Acres Ii,498.4,27.487,-99.3882
Lake Gogebic,40.3,46.5719,-89.6212
Lawtonka Acres,310.0,34.7789,-98.5305
Ensign,171.9,37.6531,-100.2329
Lankin,127.5,48.3147,-97.9203
Pick City,122.7,47.511,-101.4574
Winstonville,205.4,33.9123,-90.7528
Rumsey,17.8,38.8902,-122.2404
Symerton,184.7,41.3256,-88.053
Kaibab,6.8,36.8815,-112.7237
Trommald,11.8,46.5058,-94.0154
Reed Point,78.5,45.7071,-109.5471
Mabie,12.0,39.7771,-120.5447
Nicasio,33.4,38.0606,-122.7008
Portlandville,73.0,42.5294,-74.9674
Skykomish,147.1,47.7104,-121.3584
Fort Ransom,85.3,46.5244,-97.931
Stockholm,99.8,45.1018,-96.7998
Rayle,42.2,33.7902,-82.9031
Millfield,76.2,39.434,-82.0949
Sabinsville,82.4,41.8678,-77.5253
Maunie,198.6,38.0355,-88.0456
Narcissa,10.4,36.801,-94.9279
Vowinckel,17.5,41.4108,-79.2286
Beurys Lake,110.7,40.7194,-76.3795
Darfur,138.9,44.0535,-94.8378
Turner Colony,70.7,48.7631,-108.4302
Kimmswick,196.9,38.3655,-90.3645
Lastrup,151.4,46.0398,-94.0621
Chimney Point,298.7,41.5025,-73.4414
Monomoscoy Island,270.9,41.5712,-70.5026
Fort Fetter,706.4,40.4301,-78.4044
Rozel,173.5,38.1954,-99.4032
Conasauga,96.2,35.0052,-84.7276
Slabtown,89.9,40.9051,-76.4059
Ratcliff,23.6,35.3066,-93.8887
Birch Creek Colony,89.9,48.2465,-112.4698
Macksburg,177.7,39.6314,-81.4562
Rangerville,12.3,26.105,-97.7373
Brooks Mill,108.6,40.3737,-78.4236
Meadowbrook Farm,1810.1,38.2783,-85.5748
Coates,28.6,44.7151,-93.0321
Croweburg,73.0,37.5529,-94.6686
Nathrop,59.3,38.7486,-106.0764
North San Juan,17.7,39.3719,-121.106
Marley,335.6,41.5482,-87.926
Little Sturgeon,18.4,44.8422,-87.5744
Hard Rock,7.2,36.0309,-110.5048
Holiday Woods,291.8,41.6232,-85.0716
Cates,118.3,39.9967,-87.3378
Cresbard,102.4,45.1692,-98.9477
Rollins,14.8,47.9106,-114.1948
Esmond,93.4,48.033,-99.7647
Otisco,106.5,38.5423,-85.6672
Sereno Del Mar,57.6,38.3836,-123.0733
North Buena Vista,45.8,42.6778,-90.958
Fort Green,10.5,27.6255,-81.9397
New Centerville,72.4,39.9422,-79.1916
Woody,10.5,35.7081,-118.8145
Shongaloo,5.4,32.9416,-93.2955
Yatesboro,131.2,40.8001,-79.3342
Kiskimere,149.5,40.6177,-79.5841
Wintersburg,71.7,33.4187,-112.8666
Beulah Beach,449.9,41.3918,-82.4428
Pike,9.8,39.4278,-120.9997
Camp Nelson,34.3,36.142,-118.6108
Movico,53.8,31.0628,-88.0266
Manderson,49.3,44.2698,-107.964
Papineau,114.1,40.9678,-87.7163
Opheim,31.5,48.8571,-106.4084
Herbster,7.6,46.8422,-91.2419
Borrego Pass,3.2,35.5664,-108.0165
Aleknagik,1.6,59.2946,-158.6896
Felt,80.1,36.5633,-102.795
Crows Nest,98.0,39.8566,-86.1691
Igo,41.4,40.4992,-122.5458
Pumpkin Hollow,2.9,36.0008,-94.837
Cory,53.4,39.3823,-87.2058
Larsen Bay,10.3,57.5404,-154.0056
Pataha,23.6,46.4727,-117.5445
Pisek,144.6,48.3107,-97.7104
West Peavine,5.3,35.9133,-94.6481
Sunburg,88.1,45.3476,-95.24
Pierceville,75.5,39.1334,-85.1797
Chautauqua,98.3,37.0241,-96.1774
Blackey,95.4,37.139,-82.9811
Lowndesboro,52.7,32.2764,-86.6108
Hockingport,97.9,39.1908,-81.7494
Wann,128.1,36.9146,-95.8047
Coffey,162.8,40.1056,-94.0065
Millston,40.1,44.1885,-90.6446
Perley,135.9,47.1761,-96.8015
Alder,20.8,45.3216,-112.1093
Bow Valley,90.7,42.7154,-97.2521
Villas Del Sol,2693.3,18.4487,-66.2298
Angelica,26.7,44.675,-88.3216
Montaqua,29.6,45.5072,-108.9087
Jacksonport,96.1,35.6422,-91.308
Unity Village,28.3,38.9525,-94.3995
Tula,10.8,34.2359,-89.3656
Nord,19.6,39.7739,-121.9549
Dwight Mission,8.6,35.5581,-94.851
Redings Mill,194.5,37.0196,-94.517
Put-In-Bay,94.0,41.6518,-82.8179
Barneston,86.2,40.0488,-96.5735
Tiawah,10.1,36.2483,-95.5362
Diaperville,93.5,46.6059,-90.7095
Miguel Barrera,718.9,26.412,-98.9216
Arrowhead Lake,150.4,39.4757,-75.3174
Peever Flats,123.4,45.5234,-96.9356
Blacktail,5.6,48.4327,-103.74
Joes,55.4,39.6559,-102.6786
La Paloma Addition,58.9,28.017,-97.5009
Rena Lara,17.9,34.1587,-90.7749
Bingham Lake,51.3,43.9095,-95.046
Jacksonburg,27.6,39.5304,-80.6404
Oak Beach,35.8,40.6388,-73.2879
Harbor View,545.9,41.6932,-83.4447
Rush Hill,94.1,39.2104,-91.7246
Coyanosa,49.1,31.2409,-103.0648
Rackerby,13.9,39.4261,-121.3542
Keomah Village,149.2,41.2885,-92.5368
Burrows,172.1,40.677,-86.5093
La Rose,161.1,40.9786,-89.2349
Nelchina,0.0,61.9989,-146.8111
Houlton,28.0,45.0609,-92.7903
Dawn,31.3,39.6713,-93.6341
Herron Island,86.0,47.2645,-122.8348
Dutch Neck,88.7,39.4017,-75.2787
Yettem,358.7,36.4856,-119.256
Crayne,36.7,37.2762,-88.0839
Kickapoo Site 5,54.6,39.6735,-95.6842
El Monte Mobile Village,155.4,36.5471,-119.4251
Green Mountain,59.1,42.1019,-92.8196
Beaver Valley,27.0,34.3409,-111.2987
Tunnel City,87.4,44.005,-90.5679
Mcdougal,148.2,36.4365,-90.3907
Truxton,10.7,35.487,-113.5607
Bergland,55.5,46.5913,-89.5754
Oketo,83.8,39.9632,-96.5989
Skanee,8.6,46.8789,-88.204
Steen,92.7,43.5143,-96.2631
Gulfcrest,26.8,30.9925,-88.2399
Waka,76.9,36.2816,-101.0441
Weldona,186.1,40.3484,-103.9693
Spelter,81.9,39.3432,-80.3163
Tylersburg,68.6,41.3837,-79.3201
Minneiska,77.0,44.1973,-91.8757
Dimock,135.0,43.4764,-97.9888
Cornucopia,17.7,46.8566,-91.1082
Pontoosuc,28.6,40.6284,-91.2112
Tildenville,437.2,28.5384,-81.6025
Maiden Rock,33.3,44.5659,-92.3082
Hardyville,63.6,37.2535,-85.7896
Zarate,187.6,26.3199,-98.6369
Hartwick,101.5,41.7856,-92.3452
Hollygrove,50.4,38.1908,-81.3946
Conger,206.0,43.6153,-93.5275
Gazelle,59.8,41.5149,-122.5217
Juliette,21.7,33.1109,-83.8094
Shiro,15.7,30.6087,-95.8862
Rondo,39.5,34.6575,-90.8208
Chalkyitsik,4.6,66.6469,-143.7821
Nicktown,90.7,40.6134,-78.8034
Vredenburgh,26.5,31.8237,-87.3178
Seaforth,39.1,44.4761,-95.331
Novelty,142.7,40.0125,-92.2073
Airport Road Addition,18.8,27.219,-98.0981
Pomaria,38.0,34.2677,-81.4192
Dutch Flat,67.1,39.208,-120.8345
Barrelville,160.6,39.7026,-78.8425
Mariah Hill,39.2,38.1653,-86.9247
Haddam,75.8,39.8553,-97.3045
Puzzletown,73.1,40.3794,-78.4915
Ruthville,208.1,48.3708,-101.3003
Pajaro Dunes,15.5,36.8722,-121.8101
Big Island,48.3,37.5351,-79.3615
Cascadia,7.9,44.393,-122.5027
North Johns,97.1,33.3677,-87.1008
Las Lomitas,10.1,27.3378,-98.6629
Eckerty,33.1,38.3203,-86.6119
Websters Crossing,38.1,42.6662,-77.6367
Limaville,122.9,40.9843,-81.1481
Damon,28.5,29.2832,-95.7408
Albert,210.5,38.454,-99.0111
Del Mar Heights,90.2,26.0567,-97.4236
Addington,68.3,34.2431,-97.9661
Spragueville,53.0,42.0716,-90.4327
Stones Landing,18.6,40.6974,-120.731
Randsburg,20.7,35.368,-117.6607
Longdale,159.2,36.1338,-98.5512
Venetie,1.7,67.0206,-146.3741
Priddy,9.8,31.676,-98.5114
Myrtlewood,15.2,32.2521,-87.9492
Wawaka,51.8,41.457,-85.4822
Conner,22.1,45.929,-114.1326
Dales,61.0,40.3155,-122.0604
Elizaville,38.4,38.4167,-83.8243
Claire City,95.1,45.8566,-97.1035
Blodgett Landing,30.4,43.3757,-72.0392
Lakeside Village,32.0,34.8003,-98.3809
Furnace Creek,1.3,36.4277,-116.8747
Meadows Of Dan,32.6,36.7386,-80.3973
West Hampton Dunes,77.6,40.7777,-72.7131
Hookstown,139.9,40.5989,-80.4738
Ware Place,42.5,34.6266,-82.3881
Reid,110.8,39.7126,-77.6793
Nescatunga,84.3,36.7543,-98.156
Bernard,189.3,42.3133,-90.8319
Maples,105.5,41.0128,-84.9691
Heathsville,9.8,37.92,-76.4785
Oak Hill-Piney,14.6,36.3787,-94.7265
Whitley Gardens,29.7,35.6574,-120.507
Lanse,17.8,40.9751,-78.1295
Pony,29.1,45.6628,-111.8826
South Center,43.4,41.4764,-86.64
Jolmaville,3.1,46.433,-90.7498
Stevens Creek,56.8,36.7314,-80.9943
Tuckers Crossroads,13.6,36.2066,-86.1676
Chitina,0.0,61.5276,-144.2991
Lake Annette,109.1,38.6544,-94.508
Whiterocks,16.4,40.4721,-109.9412
Hague,71.5,46.0289,-99.9991
Success,133.7,36.4545,-90.7226
Newhalen,6.4,59.727,-154.897
Graceton,646.9,40.5072,-79.1688
Dolliver,76.5,43.4636,-94.6142
Tonto Village,232.8,34.3198,-111.1394
Douds,17.5,40.8438,-92.0764
Weeksville,13.3,47.5309,-115.0083
Curdsville,116.8,37.7353,-87.3327
Brenton,61.4,37.6004,-81.6351
Preemption,34.8,41.3131,-90.5787
El Brazil,50.9,26.4686,-98.7269
El Dara,38.2,39.6227,-90.9917
Southside Chesconessex,28.5,37.7439,-75.7786
Brush Creek,47.2,36.4165,-94.7838
Miston,27.6,36.1604,-89.494
Tokeland,74.5,46.709,-123.9839
Melmore,64.2,41.0262,-83.105
Stanchfield,51.9,45.6656,-93.1831
Laud,57.1,41.0495,-85.4522
Arion,77.0,41.9478,-95.4624
Lublin,25.1,45.0749,-90.7238
Guadalupe Guerra,89.8,26.4108,-99.0819
Java,77.7,45.5038,-99.8839
Richards,21.0,30.5366,-95.8462
Cyr,27.3,47.0002,-114.5879
Hansell,118.8,42.7578,-93.1041
Locust Mount,14.1,37.6124,-75.7018
Lund,19.4,38.8642,-115.0099
Crystal Rock,273.6,41.4476,-82.8422
Knife River,56.8,46.9495,-91.7837
Glen Echo Park,1804.1,38.7009,-90.2965
Golva,6.1,46.7347,-103.9829
Argonne,67.9,45.6582,-88.8777
Triumph,13.6,29.3443,-89.4683
Kerby,14.7,42.2045,-123.649
Depauw,123.4,38.3351,-86.2175
Makemie Park,37.4,37.9106,-75.5845
New Morgan,6.9,40.1834,-75.8896
Pierpoint,92.8,36.1405,-118.6296
Cumminsville,256.2,42.5706,-77.7189
Burna,28.2,37.2456,-88.3589
Shirleysburg,49.0,40.2974,-77.8764
Oatman,84.4,35.0275,-114.384
State Line City,204.6,40.1974,-87.527
Dellrose,16.7,35.1159,-86.8036
Oldham,149.7,44.2281,-97.3096
Perkinsville,134.4,40.1442,-85.8614
Stonyford,27.0,39.3695,-122.5438
Council Hill,118.8,35.5558,-95.6525
Eggleston,45.3,37.2871,-80.6227
Mays Lick,58.7,38.517,-83.8452
Port Murray,37.9,40.7915,-74.924
Eagle Bay,59.5,43.7687,-74.8174
Ouzinkie,6.8,57.9223,-152.4674
Butte City,13.4,43.607,-113.2408
Kirvin,93.4,31.7671,-96.33
Grass Range,123.8,47.0261,-108.8031
Bickleton,8.0,46.0056,-120.3081
Falls Mills,42.7,37.2773,-81.3067
Egeland,24.2,48.6281,-99.098
Summit Lake,46.7,45.3759,-89.2044
Sportsmans Park,45.4,45.2197,-121.3945
Cubero,3.9,35.0904,-107.5261
Naukati Bay,7.8,55.8801,-133.1992
Stratton Mountain,14.3,43.117,-72.9025
Rapelje,75.2,45.972,-109.2579
Walshville,66.8,39.069,-89.6189
Whiteside,61.1,39.1842,-91.0168
Hillisburg,139.8,40.2864,-86.3392
Tschetter Colony,69.5,43.3681,-97.688
Exline,37.3,40.6491,-92.8432
Pyote,29.1,31.538,-103.1225
Couderay,38.3,45.7976,-91.3005
Rendville,69.4,39.6199,-82.09
Brookhurst,56.7,42.8618,-106.2272
Baileyville,268.3,42.1984,-89.5946
Streeter,60.5,46.6576,-99.3568
Sykeston,93.8,47.466,-99.3993
Nottoway Court House,29.6,37.1271,-78.0734
Sylvarena,14.2,32.0144,-89.3818
Prathersville,16.5,39.3153,-94.2738
Biggersville,18.3,34.8367,-88.5639
Mcnab,48.8,33.6609,-93.8323
Sunny Slopes,19.5,37.5693,-118.6758
Steinauer,33.8,40.2073,-96.2329
Mcintire,36.4,43.436,-92.5936
False Pass,1.5,54.8416,-163.348
Redbird,43.8,35.8871,-95.5873
Lyden,16.4,36.1537,-106.0147
Cassandra,177.3,40.4085,-78.6407
Peaceful Village,100.3,38.467,-90.5427
Dexter City,110.0,39.6593,-81.4739
Plum Branch,49.6,33.8482,-82.2587
Woodston,117.1,39.4539,-99.0981
Hallett,39.9,36.2319,-96.5679
Union Level,9.9,36.7071,-78.2319
Gowen,10.4,34.8781,-95.4742
Kingdom City,18.9,38.9473,-91.9389
Littlejohn Island,94.3,43.7599,-70.1284
Flute Springs,8.5,35.623,-94.8044
Menoken,16.9,46.8148,-100.5341
Clitherall,40.3,46.2743,-95.631
Iron Junction,45.2,47.419,-92.6086
Bell Center,6.6,43.2916,-90.8257
Benjamin Perez,132.4,26.406,-98.8997
Rosine,76.1,37.4523,-86.7374
Woodlawn Heights,522.2,40.1184,-85.6968
Greycliff,71.3,45.7588,-109.7799
Hasty,13.2,38.0999,-102.9639
Burtrum,64.0,45.8658,-94.6874
Nemaha,89.5,40.3388,-95.676
Saint Charles,8.6,34.0806,-80.2249
Mentasta Lake,0.0,62.9867,-143.5191
Pax,113.8,37.9098,-81.2648
Camptonville,42.3,39.4521,-121.0487
Uncertain,67.6,32.7064,-94.1269
Idalia,133.5,39.7029,-102.2938
Portis,34.0,39.5638,-98.6916
Bejou,72.4,47.4429,-95.9727
Upper Elochoman,25.1,46.2404,-123.3246
Bear Grass,75.9,35.7664,-77.129
Yarmouth,21.2,41.0245,-91.322
Jansen,31.0,37.1581,-104.5501
Cooke City,3.8,45.0187,-109.9119
Haivana Nakya,19.5,32.0051,-111.7124
Goodwin,76.5,44.8775,-96.8497
Topstone,127.3,41.2964,-73.4466
Silver Gate,8.3,45.0198,-109.9829
Ivan,9.5,33.9019,-92.4332
New Marshfield,92.6,39.3254,-82.2166
Whittlesey,31.9,45.2206,-90.3232
Heeney,48.5,39.8712,-106.3002
Bearcreek,59.3,45.1606,-109.1575
Diehlstadt,119.6,36.9593,-89.4324
Bowring,97.2,36.879,-96.1202
Sand Fork,200.6,38.9154,-80.7477
Olive,27.5,36.0225,-96.4766
Nicolaus,11.5,38.8982,-121.5729
Naubinway,87.1,46.0911,-85.4518
Albrightsville,35.6,41.0116,-75.6068
Jugtown,230.3,39.6143,-77.5943
Rimini,6.5,46.4919,-112.2496
Luke,38.2,39.4766,-79.0593
Deer Lick,37.7,36.4595,-94.7468
Post Mountain,2.9,40.416,-123.2316
Lower Salem,114.4,39.5635,-81.3942
Mashantucket,14.1,41.4645,-71.9745
Oreminea,35.8,40.4033,-78.2546
Kennedy Meadows,6.2,36.0076,-118.1099
Harford,33.7,41.7834,-75.7036
Revillo,108.0,45.0154,-96.5712
Blawenburg,58.4,40.4056,-74.6971
Manter,93.6,37.5245,-101.8834
Paradise Hill,63.3,35.6137,-95.0703
West Millgrove,159.5,41.2428,-83.4915
Camrose Colony,165.6,48.3116,-111.6118
Tierra Grande,7.5,27.7037,-97.5718
Kilkenny,117.8,44.3151,-93.5741
Boxley,84.8,40.1661,-86.1755
Tselakai Dezza,1.8,37.21,-109.609
Filley,119.5,40.2851,-96.5339
Matoaka,287.1,37.4182,-81.2417
Burnt Prairie,38.4,38.2509,-88.2585
Ackworth,64.6,41.3642,-93.4723
Maxbass,82.4,48.7225,-101.1426
Lesterville,117.2,43.0385,-97.5905
Servia,83.6,40.9567,-85.7405
Bippus,144.3,40.9442,-85.6239
Crescent Lake,23.1,43.5097,-121.9354
Box,10.8,35.5784,-94.9718
Rentiesville,21.1,35.5336,-95.4848
Adin,12.0,41.1948,-120.9501
Marvel,59.9,37.1112,-108.1262
Goodyears Bar,17.1,39.5459,-120.888
Mackey,101.3,38.2518,-87.3914
Rossie,103.8,43.0137,-95.1886
Chest Springs,131.2,40.5781,-78.6107
Homestown,84.6,36.3318,-89.8242
Neylandville,27.4,33.2006,-96.0054
North Blenheim,77.8,42.4718,-74.4525
Methow,52.1,48.1286,-120.0055
Gold Mountain,5.8,39.7613,-120.5191
Ojo Caliente,13.3,36.3146,-106.0374
Heartwell,97.4,40.5699,-98.7891
Maeystown,138.6,38.2267,-90.2331
Cañones,8.5,36.1768,-106.4244
Pena,1198.1,26.4155,-98.97
Wilson City,201.6,36.9236,-89.223
Mazie,15.4,36.1425,-95.3303
Kokhanok,1.7,59.4158,-154.7457
Harrold,8.6,34.0756,-99.0271
Goff,107.0,39.6641,-95.9317
Hannaford,154.4,47.3141,-98.1889
Anegam,15.0,32.3742,-112.035
Parksville,47.7,33.7866,-82.2174
Beaver Bay,43.5,47.2563,-91.3065
Merriman,33.8,42.923,-101.6997
Shellytown,34.7,40.4091,-78.2105
Brandy Station,52.7,38.4977,-77.8899
Anselmo,168.5,41.6186,-99.8645
Caney Ridge,158.7,35.7637,-94.8828
Ahmeek,267.9,47.2985,-88.3971
Levering,79.7,45.6347,-84.7838
Carson Valley,113.3,40.4492,-78.4486
Peach Orchard,33.7,36.2812,-90.6608
Emington,90.8,40.9693,-88.3578
Jesterville,21.9,38.2897,-75.8928
Mapletown,76.5,39.805,-79.9407
Chuathbaluk,7.7,61.5746,-159.2489
Cross Anchor,44.4,34.644,-81.8585
Gramling,34.2,35.0782,-82.1332
Elk Mountain,203.9,41.6883,-106.4134
Anzac Village,35.2,35.0624,-107.7416
Oyens,93.4,42.8198,-96.058
Casmalia,137.1,34.8378,-120.5309
Nikolai,7.9,63.0095,-154.3763
Paige,16.0,30.2138,-97.1211
Pinebrook,12.5,30.3125,-95.8767
Fort Seneca,54.8,41.2044,-83.1679
Haynes,129.5,34.8909,-90.7926
Montier,34.7,36.9817,-91.5749
Brooksburg,136.0,38.735,-85.2445
La Carla,87.7,26.4354,-98.7406
Whitharral,30.9,33.7391,-102.3278
Talking Rock,16.7,34.5239,-84.4895
Fidelis,12.1,30.9343,-87.0245
Powhattan,71.2,39.7619,-95.6342
Salineño North,80.0,26.5254,-99.0906
Klukwan,27.3,59.3987,-135.8886
Vining,29.5,46.262,-95.535
Babcock,11.0,44.3044,-90.1076
Strandquist,82.7,48.4894,-96.4479
Slana,0.0,62.6294,-143.567
Hattieville,13.8,35.289,-92.7813
Alcova,28.0,42.5543,-106.7263
Shade Gap,180.5,40.1803,-77.8662
Fronton Ranchettes,200.9,26.4253,-99.0268
New Freeport,59.8,39.7597,-80.4286
Balltown,106.8,42.6371,-90.87
Hat Creek,0.9,40.8101,-121.4809
Bowdens,25.0,35.0579,-78.1128
Marmarth,13.2,46.296,-103.9331
Hungerford,18.5,29.404,-96.0837
New Amsterdam,61.3,38.1022,-86.276
Newald,41.4,45.7396,-88.7004
Connelsville,15.5,40.278,-92.7019
Divide,174.7,38.9449,-105.1619
Schuyler Lake,10.5,42.7786,-75.0335
Old Ripley,117.1,38.8927,-89.5722
Harborton,204.8,37.6596,-75.8332
Saint Marks,34.4,37.736,-97.5629
Chimney Hill,16.2,42.8888,-72.904
Collyer,92.8,39.0372,-100.1184
Datto,54.1,36.3925,-90.7285
Lookeba,141.9,35.363,-98.3638
Alix,69.9,35.4219,-93.7289
Tibes,34.5,18.0886,-66.6333
Aldora,105.3,33.0508,-84.1758
Lago,492.9,26.0885,-97.6132
Batesland,148.4,43.1278,-102.1017
Lake Valley,4.0,36.0901,-108.1642
Mckay,1.4,45.4923,-118.6842
Caballo,34.3,32.9806,-107.3075
Matlacha Isles-Matlacha Shores,354.0,26.6341,-82.059
Why,3.8,32.259,-112.7307
Weitchpec,8.8,41.1969,-123.6939
Shedd,22.3,44.4579,-123.1119
Maybeury,20.1,37.3675,-81.3572
Slate Springs,23.7,33.7417,-89.3752
Schenley,24.7,40.6845,-79.6617
Hiseville,45.5,37.1008,-85.8149
Clarks Mills,64.6,44.0918,-87.8637
Fort Hill,23.2,45.067,-123.5605
Springerton,152.1,38.1786,-88.3548
North Lilbourn,48.0,36.6018,-89.622
Peoa,9.5,40.7295,-111.3434
Lee Mont,43.6,37.7799,-75.6802
Shepardsville,36.1,39.6018,-87.4265
Drytown,10.2,38.4397,-120.8587
Briggsdale,75.9,40.6359,-104.3284
Ethelsville,58.6,33.4141,-88.2161
Reservoir,73.0,40.4025,-78.3849
New Weston,180.9,40.337,-84.6436
Tooleville,449.5,36.2878,-119.1154
Moyers,50.0,34.3255,-95.6503
Donegal,119.7,40.112,-79.3808
Loco,150.4,34.3297,-97.6807
Centrahoma,78.9,34.6104,-96.3437
Hansford,326.1,38.2067,-81.396
Frankfort Springs,108.2,40.481,-80.4428
Tse Bonito,4.9,35.6466,-109.007
Osaka,77.0,36.9514,-82.8144
Promise City,101.0,40.7474,-93.1498
Flournoy,5.7,39.9284,-122.4458
Agar,94.9,44.8397,-100.0732
Lelia Lake,37.4,34.9015,-100.7699
Gypsy,42.8,39.3648,-80.307
Solen,121.8,46.3873,-100.7958
Ohlman,83.7,39.3433,-89.2186
Riddleville,42.8,32.9069,-82.6661
Hendrix,67.5,33.7753,-96.4072
Klingerstown,67.8,40.6588,-76.6931
Millerdale Colony,0.4,44.399,-99.1111
Canoochee,13.9,32.6786,-82.1785
Aten,19.3,42.8368,-97.4409
Grayridge,32.2,36.8247,-89.7819
Yankee Lake,58.3,41.2682,-80.568
Klondike,83.8,39.6102,-78.9633
Anvik,3.4,62.6541,-160.214
Trail Side,45.8,40.249,-103.8432
Sunland Estates,81.4,47.074,-120.0284
Fort Greely,3.0,63.9678,-145.7149
Pottery Addition,38.8,40.403,-80.6241
Liebenthal,118.7,38.6544,-99.3202
Purty Rock,28.1,35.4903,-108.8954
Mount Eaton,313.5,40.6948,-81.7021
Brentford,54.9,45.1591,-98.3223
Thendara,58.2,43.701,-74.9971
Mayfield Colony,9.2,44.6943,-97.5811
Nimrod,34.0,46.6375,-94.8805
Weott,43.2,40.3226,-123.9209
Ratliff City,28.9,34.4492,-97.5155
Kirwin,35.4,39.6698,-99.1217
Kevin,110.8,48.7457,-111.9656
Platter,19.4,33.9066,-96.5338
Chapeno,41.6,26.5508,-99.1339
Dayton Lakes,37.8,30.1446,-94.8208
Mulkeytown,240.0,37.9721,-89.1112
Delway,3.4,34.8102,-78.2169
Hashtown,41.9,39.025,-86.9245
Willington,5.4,33.9687,-82.4576
Calpine,45.1,39.6633,-120.4436
Christopher Creek,10.2,34.3206,-111.0071
Morse Bluff,112.4,41.431,-96.7666
Hiwassee,6.2,36.9682,-80.7045
Qui-Nai-Elt Village,43.6,47.2502,-124.1902
Raymer,40.9,40.608,-103.8434
Penermon,60.2,36.7909,-89.8301
Needham,56.0,31.987,-88.3366
Jeisyville,302.0,39.5792,-89.408
Huey,122.8,38.6054,-89.2898
Regan,31.6,47.1568,-100.5273
Knierim,32.2,42.4563,-94.4559
Yeager,56.4,35.1568,-96.3401
Catarina,8.5,28.3499,-99.6161
Frankewing,34.0,35.1943,-86.857
Dacoma,61.2,36.6596,-98.5635
Goldville,32.5,33.0842,-85.7831
Peppertown,76.8,39.3989,-85.1741
Nelson Lagoon,0.0,55.8451,-161.6103
Melvina,66.0,43.8024,-90.7815
Petroleum,167.5,40.6114,-85.1508
Scircleville,121.4,40.2875,-86.3
Gunn City,141.4,38.6659,-94.164
Anthonyville,160.6,35.0398,-90.3403
Wahak Hotrontk,20.5,32.1748,-112.3664
Covel,123.7,37.4907,-81.3195
Luis Lopez,58.8,33.9904,-106.8878
Bairdstown,128.8,41.1712,-83.6073
Delaplaine,28.6,36.2304,-90.7256
Wells Tannery,79.6,40.0912,-78.1664
Gerty,118.8,34.8357,-96.2889
Hagarville,7.6,35.5151,-93.3335
Wiota,128.6,41.4007,-94.8872
Brick Center,5.5,39.6002,-104.4579
Golden View Colony,32.9,43.6954,-97.4487
Antimony,3.2,38.103,-111.9823
Chiawuli Tak,13.0,31.941,-111.7765
Zwingle,139.9,42.2972,-90.6874
Stark,58.2,37.6898,-95.1441
Speed,64.7,35.9685,-77.4442
Knights Ferry,82.9,37.8199,-120.6704
Cliftondale Park,39.7,37.825,-79.7981
Wellfleet,103.6,40.7539,-100.7319
Kipp,38.8,38.785,-97.4568
Formoso,67.6,39.7784,-97.9927
Birney,2.1,45.4155,-106.4934
Oxbow Estates,63.4,34.1824,-111.343
Bath Corner,63.4,45.4627,-98.3329
North Hurley,20.5,32.7198,-108.1285
High Amana,39.3,41.8011,-91.9418
Whitehaven,21.5,38.2705,-75.7935
Sailor Springs,103.3,38.7645,-88.3602
Rose Farm,221.1,39.7359,-82.0779
Brownington,149.6,38.2453,-93.7227
Kysorville,37.9,42.6528,-77.7949
Adona,32.5,35.0399,-92.8992
Green Grass,3.8,45.1714,-101.2573
Lake Henry,150.2,45.462,-94.7965
Riverview Estates,98.6,38.7489,-94.5246
Effie,8.4,47.8412,-93.6377
Floral,41.5,35.5889,-91.759
Country Life Acres,262.3,38.6223,-90.4554
Augusta Springs,8.2,38.108,-79.3352
Old Appleton,145.0,37.5939,-89.7108
Canoe Creek,54.1,40.4736,-78.2788
Dumb Hundred,98.2,40.317,-78.4105
Essary Springs,7.5,35.0113,-88.8025
Picuris Pueblo,67.6,36.1995,-105.7133
Running Water,14.8,42.7822,-97.9816
Harmonsburg,22.2,41.6655,-80.3143
Park,116.5,39.1117,-100.3614
Donnybrook,44.8,48.5077,-101.8868
Strandburg,104.9,45.0441,-96.7604
Stone Lake,32.4,45.8445,-91.5502
Veguita,36.5,34.5146,-106.7679
La Boca,54.8,36.9945,-107.6065
Arispe,60.8,40.9484,-94.2192
Bruceton Mills,181.4,39.6594,-79.6406
Knob Lick,30.7,37.6785,-90.3679
Tyaskin,21.5,38.3196,-75.8729
Fishtail,52.8,45.448,-109.5083
Arkoe,101.7,40.2594,-94.8279
Wanda,90.6,44.3148,-95.2131
Vale Summit,30.9,39.6152,-78.9084
Bache,22.2,34.8942,-95.6506
Moose Pass,1.7,60.4997,-149.4464
Tightwad,30.6,38.3096,-93.5466
Akaska,49.9,45.331,-100.1208
Carrier,24.5,36.4786,-98.0172
Robertson,9.7,41.1816,-110.4274
Kimbolton,60.5,40.1507,-81.5758
New Bavaria,117.8,41.2037,-84.1674
Robinson Mill,22.9,39.4857,-121.3202
Santiago,19.2,47.2975,-124.2327
Pascola,38.6,36.2672,-89.8258
Belknap,28.5,37.3224,-88.9405
Bingham,119.1,39.1122,-89.2137
Peak,47.8,34.2363,-81.3288
West Line,66.4,38.6359,-94.5869
Evan,29.1,44.3549,-94.8361
Petronila,16.5,27.6713,-97.6322
Leeds Point,358.7,39.4906,-74.4433
Kathryn,51.8,46.6812,-97.9704
Amanda Park,3.7,47.4532,-123.9194
Maxatawny,60.0,40.5413,-75.6919
Wasta,142.5,44.0696,-102.4464
Duchess Landing,5.0,35.3985,-95.4165
Castine,112.5,39.9315,-84.6243
Pingree,70.7,47.1638,-98.9086
St. Xavier,5.3,45.457,-107.725
Rob Roy,46.9,40.2367,-87.2433
Comstock,28.7,41.5572,-99.243
Frankclay,47.0,37.863,-90.6144
Brazos,83.0,32.6622,-98.1231
Inger,15.8,47.558,-93.9794
Mccool,31.7,33.1995,-89.3418
Waukena,93.9,36.1391,-119.511
New Trier,84.7,44.6038,-92.9329
Tancred,18.5,38.7619,-122.1547
Lavinia,21.1,35.8508,-88.6527
Mcgrew,108.1,41.7477,-103.4177
Galestown,107.5,38.5633,-75.7149
Olmitz,101.3,38.5164,-98.9367
Volant,190.2,41.1132,-80.2589
Sandyville,46.3,40.6466,-81.3671
Butters,20.1,34.5603,-78.8489
Zalma,123.7,37.1422,-90.0825
Johannesburg,12.1,35.3719,-117.6419
Istachatta,113.9,28.6634,-82.2726
Saronville,59.1,40.603,-97.9387
Quinn,24.5,43.9866,-102.1264
Board Camp,9.8,34.5369,-94.0887
Sageville,32.4,42.5493,-90.7062
Sour John,5.2,35.6206,-95.1432
Coleharbor,87.5,47.5425,-101.2214
Parkerville,87.9,38.7638,-96.6615
Clifton Hill,83.3,39.4387,-92.6642
Morrison Bluff,21.9,35.3828,-93.5228
Gardners,63.3,40.0063,-77.2084
Lafferty,31.4,40.1142,-81.019
Natural Bridge,22.9,44.0718,-75.4999
Miller'S Cove,170.2,33.156,-95.1147
Wabaunsee,21.7,39.1431,-96.3422
Arrow Point,92.5,36.544,-93.6223
Cale,30.0,33.6278,-93.235
Northwest Stanwood,40.6,48.2624,-122.3501
Melstone,47.1,46.5987,-107.8683
Buck Creek,351.4,40.4874,-86.7622
Pacific Junction,38.3,41.018,-95.7994
Tuskahoma,12.8,34.6272,-95.2779
Merritt,27.1,39.7151,-90.4154
Purdin,76.4,39.9509,-93.1664
Eastabuchie,15.3,31.4335,-89.2847
Olds,174.8,41.1343,-91.5441
St. Olaf,137.4,42.9268,-91.3877
Makoti,53.6,47.9633,-101.8029
Ebony,6.6,36.5759,-77.9839
Millard,87.7,40.1075,-92.546
Kalapana,19.1,19.3566,-154.9752
Cartago,24.8,36.3123,-118.0261
Kickapoo Site 1,57.9,39.7145,-95.6484
White Mesa,1.8,37.4596,-109.46
Ventana,27.6,32.4681,-112.2434
Jennette,12.6,35.1639,-90.4092
Glen Wilton,66.7,37.7555,-79.8213
Mcclave,14.9,38.1315,-102.8504
Dell City,17.1,31.9349,-105.1998
Tradesville,14.3,34.7705,-80.5487
Hazel Run,37.6,44.7484,-95.7165
Orviston,111.7,41.1073,-77.7533
Shelltown,71.1,40.4568,-78.2066
Wikieup,6.4,34.6931,-113.5995
Kohls Ranch,24.3,34.321,-111.0838
Dickerson City,21.5,30.4827,-87.0651
Mutual,160.2,40.0795,-83.6368
Port Heiden,0.3,56.9426,-158.6047
Gate,97.2,36.8517,-100.0552
Skwentna,0.0,61.9314,-151.2096
Nondalton,4.2,59.9711,-154.8627
Palo Verde,48.6,33.4278,-114.7272
Kildare,38.5,36.8085,-97.0499
Flaxville,60.8,48.8045,-105.1736
Beecher Falls,22.3,45.0091,-71.4936
Mobeetie,46.2,35.5291,-100.4394
Four Points,54.5,27.7964,-99.4548
Sumava Resorts,28.5,41.1664,-87.4392
Gulkana,0.0,62.2155,-145.4449
West Kill,22.9,42.2158,-74.3899
Basco,77.5,40.3278,-91.1996
Cora,5.6,42.9576,-109.9916
Lebanon Church,54.6,39.0551,-78.3681
Williford,61.8,36.2518,-91.3605
Popponesset Island,172.7,41.5855,-70.4591
Tar Heel,96.4,34.734,-78.791
Blandville,88.2,36.9441,-88.9646
Sciota,25.3,40.5626,-90.748
Zemple,42.7,47.3207,-93.7859
Lewis And Clark Village,45.4,39.5375,-95.0506
Kasaan,4.6,55.5572,-132.4136
Silver Star,60.5,45.6875,-112.285
Eugenio Saenz,137.7,26.3583,-98.6331
Fellows,40.0,35.178,-119.5472
Bier,19.1,39.5525,-78.8692
Venturia,11.1,45.9971,-99.5479
Moselle,16.8,31.5087,-89.2824
Gibbs,35.5,40.099,-92.4166
Sheppards Mill,88.5,39.4124,-75.3136
Billingsley,23.3,32.661,-86.7087
Milfay,43.3,35.7518,-96.5592
Struble,93.9,42.8944,-96.1946
Selz,46.9,47.8594,-99.8934
Agenda,34.9,39.7066,-97.4322
Knowlton,27.4,44.7189,-89.6803
Pleasant Valley Colony,4.3,47.3379,-111.0449
Climbing Hill,21.1,42.3394,-96.0811
Bringhurst,124.0,40.5269,-86.5251
Point Isabel,47.4,40.4206,-85.8219
Zurich,38.0,39.2322,-99.4347
Valera,59.6,31.7536,-99.5493
Silerton,40.5,35.3424,-88.8098
Dazey,98.5,47.1883,-98.2007
Clearfield Colony,21.9,43.1439,-98.1423
Centropolis,51.6,38.7166,-95.3498
Abbyville,120.6,37.9705,-98.2027
Carpenter,104.6,43.4151,-93.0172
Grenville,14.2,45.467,-97.3901
Olowalu,9.2,20.8222,-156.6169
Camp Three,6.1,46.4534,-108.5741
Pinhook Corner,2.8,35.5314,-94.8911
Tennant,14.5,41.5822,-121.913
Tindall,56.2,40.1609,-93.6096
Miltonsburg,56.8,39.8313,-81.1646
Wedron,51.3,41.4387,-88.7745
North Crows Nest,431.3,39.8661,-86.1624
Coy,39.6,34.5405,-91.8713
Mount Judea,8.1,35.9214,-93.0577
Whipholt,8.2,47.0436,-94.386
Mccaskill,36.1,33.9187,-93.6417
Belmore,60.1,41.1548,-83.9417
Nubieber,35.6,41.0967,-121.1816
Rancho Grande,63.0,33.6826,-108.8581
Kicking Horse,11.0,47.4568,-114.0717
Fishers Landing,59.1,44.2772,-76.0088
Londonderry,93.8,43.2278,-72.8083
Montmorenci,23.7,40.4717,-87.0361
Steele City,63.1,40.0367,-97.0232
Jalapa,45.9,40.6263,-85.7464
Valmont,31.0,40.0341,-105.2058
Octa,5.9,39.6133,-83.6106
Nielsville,31.2,47.5293,-96.8157
Little Orleans,21.1,39.63,-78.3949
Rothville,73.2,39.6539,-93.0635
Igiugig,1.2,59.3056,-155.8739
Twin Hills,1.1,59.0815,-160.2826
Barronett,34.3,45.6363,-91.9942
Farlington,28.6,37.6155,-94.8226
Brant Lake,61.9,43.9308,-96.9436
Hoehne,8.5,37.2815,-104.389
Weatherby,83.0,39.9093,-94.2419
Rivervale,4.6,35.6759,-90.3445
Kaylor,30.3,43.1926,-97.8405
Quamba,36.8,45.9155,-93.1752
Zenda,76.2,37.444,-98.2819
Coyville,49.8,37.6873,-95.8958
Turtle River,24.2,47.5882,-94.7581
Tamassee,22.2,34.8812,-83.0175
Luna,4.7,33.8181,-108.9435
North River,108.1,46.9503,-96.8019
Violet Hill,46.1,36.1529,-91.8398
Tolstoy,30.1,45.2083,-99.614
Harbine,30.1,40.1916,-96.9743
Ali Chukson,12.5,31.9115,-111.8017
Nightmute,0.1,60.4874,-164.8195
Hessville,37.3,41.4031,-83.243
Cartersburg,237.1,39.6987,-86.4636
Takotna,1.1,62.9827,-156.0838
Carlton Landing,16.6,35.2129,-95.5578
Wardsboro,101.3,43.0435,-72.7889
Glen Lyn,41.8,37.3727,-80.858
Union Hill,53.3,41.1086,-88.1463
Gove City,61.7,38.9595,-100.4871
Powersville,45.2,40.5496,-93.3002
South Naknek,0.1,58.6637,-156.9908
Ponshewaing,189.7,45.4208,-84.806
Toco,79.1,33.6539,-95.6492
Jamesville Colony,67.7,43.1015,-97.4818
Kinsman,165.1,41.1902,-88.57
Girdletree,37.3,38.0989,-75.4003
Golden Acres,27.8,35.2112,-107.9182
South Lead Hill,160.4,36.3956,-92.9063
Lake Sumner,0.1,34.6186,-104.3801
Drysdale,190.8,32.6452,-114.7067
Lehr,85.9,46.2826,-99.3528
Oak Hall,23.3,37.9307,-75.547
Excursion Inlet,0.1,58.4354,-135.3733
Geyser,28.6,47.2633,-110.4927
Petrey,34.7,31.8495,-86.2057
Oto,77.6,42.2821,-95.8944
Blue,10.1,33.99,-96.2304
Tasley,23.9,37.7125,-75.697
Paac Ciinak,25.5,44.8579,-89.155
Lumber Bridge,37.5,34.8898,-79.0725
Reubens,66.7,46.3229,-116.5429
Rinard,25.1,42.3396,-94.4849
East Springfield,61.2,40.4474,-80.8599
Gilgo,5.0,40.6376,-73.3779
Shamrock Colony,38.7,44.6207,-97.9592
Carmet,28.5,38.3743,-123.0719
Neville,63.6,38.8123,-84.2115
Windmill,17.4,31.9769,-108.6315
Dunning,113.1,41.8272,-100.1048
Duffield,40.9,36.7196,-82.796
Ihlen,61.2,43.9122,-96.3709
Nodaway,37.5,40.9361,-94.8973
Etta,6.5,35.8329,-94.9035
Lake Aluma,54.7,35.5334,-97.4484
Caberfae,55.9,44.2492,-85.7256
Farmer,13.4,43.7252,-97.689
Yarrowsburg,106.9,39.3762,-77.6843
Lock Springs,28.8,39.8488,-93.7761
Cow Creek,13.5,44.5538,-100.4754
Bragg City,158.2,36.2681,-89.9114
Iantha,32.8,37.515,-94.3994
Goodridge,196.0,48.1442,-95.8039
Dover Hill,31.8,38.7221,-86.8003
West Middletown,60.9,40.2432,-80.4253
Adeline,20.1,42.1406,-89.4919
Jones Mills,7.7,34.4427,-92.8923
Rio En Medio,37.3,35.8221,-105.901
Frisbee,30.9,36.3516,-90.0299
Government Camp,33.1,45.3022,-121.7527
Taswell,44.0,38.3342,-86.5611
Eagle Village,1.5,64.7434,-141.1138
Oyehut,41.2,47.0233,-124.1631
Whale Pass,1.2,56.1053,-133.1243
Sweet Grass,51.1,48.9929,-111.9668
Meckling,32.0,42.8402,-97.0673
Glen Haven,11.1,42.8313,-91.0633
Magnet,79.9,42.4561,-97.4692
Ireland,210.8,38.4148,-86.9994
Clark Colony,129.6,44.7914,-97.9815
Fluvanna,16.8,32.8833,-101.1415
Kleindale,475.8,32.2681,-110.9146
Osco,94.9,41.3465,-90.2827
Erin Springs,136.0,34.8112,-97.6056
Kim,93.9,37.247,-103.3534
Fort Ripley,18.9,46.169,-94.363
Jardine,1.6,45.0565,-110.6186
Learned,97.0,32.1972,-90.5486
Lake Mary Ronan,23.2,47.9291,-114.3889
Keenes,78.7,38.3386,-88.6419
Bellfountain,18.1,44.3654,-123.3559
Tobias,152.0,40.4185,-97.3367
Chalkhill,29.7,39.8461,-79.6142
Zortman,6.2,47.9168,-108.509
Lamoille,13.2,40.7239,-115.479
Blocher,34.0,38.7181,-85.6566
Cotton Town,47.7,40.2798,-78.4811
Parkline,48.4,47.3385,-116.694
Greenbackville,46.3,38.0105,-75.3869
Ozan,78.9,33.848,-93.7203
Magnolia Beach,23.5,28.5568,-96.5465
Big Flat,21.1,36.0056,-92.4066
Waumandee,109.3,44.3024,-91.7051
Lasana,29.2,26.2585,-97.695
Casselman,95.2,39.8857,-79.2112
Ben Arnold,4.0,30.9589,-96.9731
Ronneby,24.8,45.6853,-93.8601
Landess,17.0,40.6126,-85.5592
Alderpoint,9.9,40.1613,-123.6158
Narka,79.1,39.9598,-97.4268
Otway,93.9,38.8648,-83.188
Cucumber,53.0,37.2786,-81.6241
Clontarf,11.5,45.377,-95.677
Kemps Mill,141.4,39.6268,-77.8137
Sun River,12.9,47.5305,-111.724
Sequoia Crest,23.4,36.1858,-118.6256
Ortley,10.7,45.3349,-97.205
Ravanna,6.1,40.456,-93.462
Frystown,19.7,40.452,-76.3326
Scarville,35.7,43.4707,-93.6152
Skedee,82.6,36.3805,-96.7039
Chinese Camp,26.2,37.8702,-120.4443
Rodriguez Camp,120.8,35.809,-119.1388
Beyerville,34.7,31.3919,-110.8749
Sentinel Butte,22.9,46.9195,-103.84
Sleetmute,0.0,61.6516,-157.1251
Loco Hills,27.5,32.8197,-103.9783
Little Browning,32.4,48.6252,-112.35
Literberry,29.0,39.8516,-90.1978
Funkley,31.2,47.7869,-94.4267
Annada,48.1,39.2622,-90.8287
Brimson,102.1,40.1449,-93.7384
Abie,64.1,41.3341,-96.9498
Brentwood Colony,27.0,45.1513,-99.2984
Quesada,290.4,26.2819,-98.5819
Paskenta,21.8,39.8833,-122.5456
Villa Del Sol,138.1,26.1915,-97.5782
Govan,31.3,33.2227,-81.1748
Keddie,35.8,40.0059,-120.9523
Sunset Colony,24.2,45.8059,-97.8857
Clinchport,35.3,36.6781,-82.7451
Stonewall Gap,12.3,37.1605,-105.0342
Aldrich,84.2,37.5489,-93.5512
Mount Leonard,110.0,39.1254,-93.3945
Crystal Downs Country Club,18.8,44.7014,-86.2311
Zinc,30.9,36.2836,-92.9147
C-Road,8.7,39.7627,-120.577
Patmos,50.5,33.5112,-93.5679
La Loma De Falcon,134.0,26.5369,-99.0961
Tintah,30.8,46.0108,-96.3201
Vida,15.5,47.8336,-105.4924
Hot Springs Landing,51.4,33.2047,-107.21
Amagon,127.6,35.5631,-91.1093
Marcelline,59.0,40.1185,-91.3683
Cylinder,76.2,43.0902,-94.5513
Landa,60.6,48.8958,-100.912
Matfield Green,50.4,38.1596,-96.5623
Whalan,53.8,43.7341,-91.9238
Amistad,15.3,29.5245,-101.1531
Tierra Bonita,25.1,26.2727,-97.8276
Hawk Springs,13.4,41.7853,-104.265
Blacksville,244.9,39.7175,-80.2146
White Water,19.0,36.5017,-94.7289
Huson,29.8,47.0325,-114.34
Gully,49.8,47.7684,-95.6229
Bena,45.1,47.3404,-94.206
Evergreen Colony,22.8,45.1217,-99.0425
Cleaton,36.8,37.2517,-87.0902
Sasakwa,130.4,34.9468,-96.5253
West Dummerston,106.0,42.9299,-72.6128
Excello,13.5,39.6335,-92.4743
Shelocta,166.4,40.6573,-79.3015
Esbon,61.5,39.8219,-98.4339
Beedeville,20.0,35.4292,-91.1107
Headrick,104.3,34.627,-99.1373
Mendeltna,0.0,62.1359,-146.5388
Sheridan Lake,50.7,38.4667,-102.2943
Putnam,2.4,32.0181,-88.0331
Ricketts,130.2,42.128,-95.5749
Red Banks,8.4,34.8347,-89.5634
Helmville,8.7,46.8614,-112.9629
Burns City,30.5,38.8203,-86.8926
Cass,87.7,39.087,-87.2786
Maskell,55.0,42.6904,-96.9809
Glade,68.8,39.6837,-99.3116
Los Ebanos,718.9,26.4114,-98.9185
Leopolis,55.5,44.7654,-88.8447
Lucien,41.0,36.2747,-97.4551
Green Sea,12.7,34.1288,-78.9721
Swan,36.3,41.4676,-93.3096
Cameron Colony,12.9,43.1878,-97.2627
Carrick,266.3,41.4467,-122.3635
Mount Bullion,36.7,37.5082,-120.0437
Belleair Shore,1108.9,27.9173,-82.8455
Mud Bay,1.8,59.1518,-135.3585
Saddle Ridge,65.6,40.3134,-103.8023
Moffat,10.4,38.0027,-105.9065
Boon,26.2,44.2877,-85.6013
Foresta,12.9,37.6983,-119.7552
Levant,21.8,39.3881,-101.1948
Bock,162.3,45.7845,-93.5528
Roy Lake,49.0,47.3176,-95.5428
Ringo,14.6,37.5064,-94.7649
Orme,5.3,35.0147,-85.8048
Crescent Mills,5.2,40.1008,-120.9217
Ong,65.5,40.3983,-97.8392
Oak,90.7,40.2384,-97.9037
Martinez Lake,14.4,32.9843,-114.4722
Idlewild,47.9,35.8096,-118.6704
Clappertown,34.8,40.4029,-78.2779
Bolt,4.0,37.7623,-81.4189
Jump River,43.3,45.3555,-90.7965
West Cornwall,13.8,41.8642,-73.3608
Dixie Union,30.6,31.3419,-82.4608
Cherry Fork,225.5,38.8873,-83.6125
Nye,45.2,45.434,-109.8069
Orrum,45.2,34.4667,-79.0089
Mosby,11.7,39.3165,-94.3094
Colwell,16.2,43.1572,-92.5916
Marrowbone,17.0,36.832,-85.5053
Smicksburg,80.5,40.8702,-79.1711
Oscarville,8.6,60.7288,-161.7728
Balta,60.5,48.1666,-100.0369
Bathgate,22.8,48.8803,-97.4741
Palo Blanco,494.2,26.3876,-98.9024
Karlsruhe,28.8,48.0911,-100.6162
Culp,13.8,40.5825,-78.2632
Tensed,126.4,47.1596,-116.9238
Emet,48.8,34.2063,-96.5421
Dennis Acres,643.2,37.0465,-94.5044
Flaming Gorge,9.3,40.8889,-109.4751
Cope,11.8,39.6692,-102.8501
Warfordsburg,47.9,39.7518,-78.1875
New Alluwe,129.5,36.6101,-95.4888
Glen Jean,447.0,37.9272,-81.1531
Rex,28.6,34.8508,-79.0468
Maverick Mountain,11.5,45.4182,-113.1109
Radersburg,106.6,46.1965,-111.6316
Brumley,37.8,38.088,-92.4845
Chenega,0.6,60.0757,-148.0194
Millbrook Colony,187.9,43.67,-97.8717
Islandton,7.5,32.9093,-80.9359
Yuba,86.5,43.5364,-90.4267
Codell,27.7,39.1954,-99.1702
Strang,39.5,36.4123,-95.1347
Eagle Creek Colony,52.1,48.7021,-111.2031
Buckskin,31.1,38.2284,-87.412
Williams Canyon,36.8,33.7289,-117.6392
Nekoma,15.7,41.1719,-90.191
Nathalie,7.0,36.9381,-78.9422
Hebgen Lake Estates,95.7,44.7692,-111.1905
Lakeview North,23.8,42.0969,-104.9586
Grace City,49.1,47.5513,-98.8039
Fishers Island,5.0,41.27,-71.9892
Ravinia,68.1,43.1365,-98.4268
Gracey,165.2,36.8792,-87.6638
Smith Village,2118.6,35.4508,-97.457
Beltrami,10.2,47.5425,-96.527
Gerlach,6.5,40.6452,-119.3614
Smiths Ferry,11.1,44.299,-116.0783
Interior,15.3,43.7269,-101.9837
Washita,35.7,35.1043,-98.3414
Kittrell,274.0,36.2218,-78.4414
El Socio,758.4,26.3404,-98.6371
Mckinnon,3.5,41.0314,-109.9384
East Amana,46.2,41.8089,-91.8524
Escudilla Bonita,1.7,34.1122,-109.0231
Cornland,123.5,39.9376,-89.4015
Chistochina,0.0,62.5921,-144.8136
Wardville,20.4,34.655,-96.0309
Hoberg,73.5,37.0682,-93.8493
Catron,69.5,36.6111,-89.7061
St. Rosa,65.9,45.7286,-94.7162
Deersville,69.8,40.3083,-81.188
Coney Island,268.2,36.593,-93.3972
Kramer,41.1,40.3391,-87.2849
Halltown,243.7,37.1946,-93.6291
Lafontaine,9.9,37.4004,-95.843
Bagnell,41.9,38.2294,-92.6053
Guilford,143.6,40.1685,-94.7358
Lost River,2.4,43.7326,-113.5577
White Bird,115.9,45.7621,-116.3008
Green Bank,6.0,38.4267,-79.8343
Las Nutrias,20.4,34.4699,-106.7708
Antietam,66.7,39.4151,-77.7364
Horseshoe Beach,40.9,29.4495,-83.2821
El Quiote,288.0,26.3845,-98.9084
Lopeño,24.1,26.7118,-99.101
Canan Station,392.7,40.4628,-78.432
Allisonia,6.0,36.9342,-80.7255
Tolsona,0.0,62.0844,-146.092
West Scio,103.9,44.7098,-122.8812
Cross Village,25.8,45.6439,-85.0312
Trosky,13.7,43.8884,-96.2509
Leggett,24.8,35.9896,-77.58
Prairie Rose,862.6,46.8171,-96.8353
Gum Springs,49.4,34.0639,-93.0957
Ritchey,138.0,36.944,-94.1858
Vanderwagen,9.7,35.2714,-108.7517
Mountain Center,10.2,33.7112,-116.7248
Nassau,24.6,45.0677,-96.4417
Haswell,24.1,38.4525,-103.1649
Flowing Springs,11.3,34.3131,-111.3379
Witts Springs,5.1,35.7696,-92.8769
Piedra,1.7,37.4418,-107.1684
Imogene,39.1,40.8777,-95.4292
Beaulieu,5.0,47.3389,-95.8054
Manele,15.7,20.7419,-156.9012
Kickapoo Site 7,38.0,39.6895,-95.6713
Bowmore,5.8,34.9358,-79.2999
Egegik,0.0,58.2181,-157.4036
Saverton,19.6,39.6466,-91.2725
Voltaire,38.9,48.0187,-100.844
Mountain View Colony,19.2,46.068,-108.7213
Hassell,57.6,35.9086,-77.2763
Polebridge,7.7,48.7622,-114.2818
Taylors Island,4.6,38.4734,-76.3128
Beacon View,20.9,41.0692,-96.3259
Essig,29.2,44.3283,-94.6034
Brian Head,5.2,37.6977,-112.8416
Marthaville,16.8,31.738,-93.39
Lost Springs,32.5,38.5665,-96.9658
Mantador,62.5,46.1654,-96.9779
Lapoint,28.8,40.4043,-109.7969
Elsmore,37.1,37.7941,-95.15
Terlton,68.1,36.1876,-96.4918
Cascade Colony,22.1,47.441,-111.8178
Taopi,48.4,43.5575,-92.6407
Schooner Bay,62.7,37.763,-75.768
El Morro Valley,1.4,35.0362,-108.3225
Tillatoba,18.3,33.9851,-89.896
Kenneth,17.5,43.7543,-96.0725
Jewell Ridge,44.7,37.1857,-81.7874
Rodney,61.8,42.2045,-95.9507
Emison,11.8,38.7992,-87.4604
Tilleda,112.0,44.8156,-88.9125
Furley,51.3,37.8801,-97.2119
Las Palmas,54.2,26.9515,-99.276
National,62.8,39.6111,-78.9401
Abanda,6.2,33.0926,-85.5253
Waldenburg,60.3,35.5652,-90.9346
Lake Davis,3.4,39.8564,-120.463
Chemult,5.1,43.215,-121.785
Foxholm,19.3,48.3654,-101.5721
Maish Vaya,4.4,32.1703,-112.1342
Barney,18.9,46.2658,-96.9988
Rancho Chico,36.3,28.0243,-97.4966
Yucca,8.3,34.8629,-114.1461
Ko Vaya,16.9,32.0815,-111.8959
Whelen Springs,29.8,33.8331,-93.126
Jenkinsville,92.0,34.3129,-81.2874
Belle Prairie City,41.4,38.2235,-88.5556
St. Vincent,17.7,48.9693,-97.2264
House,19.9,34.6492,-103.9038
Timken,90.7,38.4732,-99.1779
Lance Creek,1.6,43.041,-104.6626
Clam Lake,45.0,46.1579,-90.9056
Felsenthal,12.3,33.0588,-92.1533
Starkweather,136.3,48.4521,-98.8784
Pondera Colony,172.4,48.2399,-112.4181
North Harlem Colony,83.2,48.5844,-108.7556
Los Veteranos I,46.1,27.6333,-99.2186
Ovando,2.0,47.0207,-113.1717
Mershon,20.3,31.4636,-82.2538
Coronaca,10.6,34.2595,-82.0969
Middle Grove,31.9,39.3951,-92.2723
Saint Omer,45.4,39.4356,-85.5958
Phillipstown,37.0,38.1429,-88.0181
Sarita,15.6,27.2235,-97.7955
Blenheim,27.2,34.5098,-79.6526
Sunwest,0.1,33.651,-113.4091
Aredale,17.7,42.8332,-93.0054
St. Onge,13.2,44.5458,-103.7198
Disautel,4.5,48.3446,-119.2301
Linnsburg,120.4,40.0003,-86.8
Halma,19.0,48.66,-96.5972
Hublersburg,166.2,40.9608,-77.6093
Box Canyon,12.3,29.5335,-101.1586
Frankstown,71.2,40.4444,-78.3558
Numa,39.4,40.6853,-92.9803
Fenwick,92.0,38.2287,-80.5803
Wilburton Number Two,11.8,40.8185,-76.3789
Hodgen,23.0,34.8406,-94.6339
Punta De Agua,12.6,34.6016,-106.2922
Pelican,31.7,57.9576,-136.2176
Ronco,34.1,39.8686,-79.9211
Whitmer,41.1,38.8149,-79.5451
Upperville,40.6,38.9926,-77.8821
Vistula,10.9,41.7492,-85.728
Logan Creek,9.9,39.0626,-119.9295
Queets,12.5,47.5314,-124.3385
Iliamna,0.1,59.7957,-154.8698
Fittstown,16.2,34.6091,-96.6405
West Amana,86.1,41.8083,-91.9654
Old Elm Spring Colony,17.8,43.4924,-97.799
Mccaulley,20.0,32.7786,-100.2052
Symonds,40.2,33.8339,-90.8895
Rea,80.5,40.0616,-94.7645
Bushong,34.5,38.6428,-96.2567
Dancyville,11.7,35.4067,-89.297
Longford,115.3,39.1721,-97.329
Northboro,15.3,40.6073,-95.2925
Rectortown,26.7,38.9211,-77.856
Rockport Colony,0.5,48.0673,-112.4761
Koyukuk,3.0,64.9008,-157.6946
Joslin,3.7,41.554,-90.2237
Kirkman,20.8,41.7287,-95.2671
Souris,85.1,48.91,-100.6826
Maramec,91.0,36.2419,-96.6805
Big Stone Colony,18.0,47.4001,-111.2092
Newbury,18.9,39.0846,-96.174
Nelagoney,42.4,36.626,-96.244
Valeria,40.7,41.7297,-93.3257
Elohim City,18.0,35.6455,-94.5151
Mauckport,32.2,38.026,-86.1997
Nunda,16.5,44.1599,-97.0194
Turton,45.2,45.049,-98.0974
Melia,11.5,41.0971,-96.2768
Byersville,32.5,42.5839,-77.7914
New Woodville,201.3,33.9688,-96.6548
San Acacia,23.8,34.255,-106.9023
Burr,76.0,40.536,-96.2997
Lookout,3.0,41.2094,-121.1543
Lithium,21.6,37.8322,-89.8832
Renfrow,2.7,36.9247,-97.6572
Spink Colony,15.8,44.7449,-98.2895
Iron Post,6.2,36.1558,-95.1353
Underhill Center,90.2,44.508,-72.8989
Coppock,65.4,41.1636,-91.7151
Bunch,1.1,35.6821,-94.746
Arrow Rock,65.4,39.07,-92.9473
Sinnamahoning,26.4,41.3211,-78.0949
Hitchita,83.6,35.5199,-95.7517
Andres,28.6,41.3711,-87.8816
Niarada,0.1,47.8309,-114.5578
Vanoss,13.4,34.7578,-96.8712
Ketchuptown,6.0,34.1091,-79.1557
Seven Springs,15.1,40.0251,-79.2934
Tamarack,4.6,46.6529,-93.125
Valley Ranch,14.3,39.7403,-120.565
Cardiff,63.6,33.6473,-86.9308
West Roy Lake,10.0,47.3116,-95.5954
Lengby,127.6,47.5156,-95.6345
Dickey,54.8,46.5368,-98.4681
Pettibone,105.7,47.117,-99.5208
Mcdermitt,10.4,41.9903,-117.7209
Badger Lee,23.0,35.4727,-94.8147
Toad Hop,42.9,39.4568,-87.464
Lowman,8.0,44.0786,-115.6206
Reagan,17.8,34.3488,-96.7193
Aguilares,4.6,27.4516,-99.0932
Naomi,260.4,40.111,-79.8464
Merwin,75.2,38.4041,-94.5906
Brocket,21.0,48.2107,-98.3556
Cayuse,5.5,45.6765,-118.5736
Raynesford,45.5,47.2701,-110.732
Oakhaven,85.8,33.7293,-93.6205
Birdsong,35.0,35.461,-90.2598
Heimdal,33.7,47.7926,-99.6528
Gildford Colony,20.6,48.8025,-110.2843
Garceno,392.6,26.4122,-98.9406
Amado,3.0,31.6968,-111.0583
Meacham,7.0,45.5231,-118.4396
Tonsina,0.0,61.5617,-145.0656
Okaton,0.0,43.8621,-100.9049
Graf,104.7,42.4939,-90.8733
Forestburg,29.1,44.0212,-98.1032
Maloy,24.9,40.673,-94.412
Whitehawk,6.0,39.7206,-120.5536
Deep Water,17.5,38.1217,-81.2528
Sargeant,19.4,43.8057,-92.8006
Eccles,22.5,37.7817,-81.2649
Llano Del Medio,8.1,35.1881,-105.1163
Umber View Heights,78.1,37.6233,-93.8036
New Elm Spring Colony,31.1,43.4892,-97.8284
Rains,11.6,34.0942,-79.3214
South End,8.7,47.3231,-95.4788
Three Mile Bay,87.0,44.0839,-76.1976
Panorama Heights,32.5,35.8068,-118.627
Glen Ferris,11.3,38.1519,-81.2185
Dovray,50.8,44.0545,-95.5477
Paisano Park,297.2,28.0951,-97.8592
Pueblito,25.4,36.0727,-106.0811
Mahaska,108.2,39.9873,-97.3537
Plantation Island,26.8,25.8475,-81.3757
Spring Gap,23.9,39.5654,-78.7054
Cornlea,33.5,41.68,-97.5669
Newtok,11.6,60.9341,-164.6386
Grainola,22.1,36.9379,-96.6488
West Louisville,14.2,37.6986,-87.2875
Leonidas,11.4,47.468,-92.5681
Kerrtown,17.1,41.6267,-80.1695
Tibbie,8.6,31.3628,-88.2471
Colorado Acres,5.1,27.6449,-99.2143
Emelle,33.8,32.7287,-88.3165
Olmito And Olmito,306.4,26.34,-98.642
Marie,86.0,35.613,-90.0829
Edesville,113.4,39.1542,-76.2079
Maryhill,5.3,45.6928,-120.807
Blackgum,48.6,35.6112,-94.99
Fenelton,94.7,40.8703,-79.7262
Mojave Ranch Estates,20.1,34.9449,-114.5907
Taos Ski Valley,5.3,36.5901,-105.437
Big Pool,39.9,39.6251,-78.0161
Neal,40.9,37.8337,-96.0809
Lone Chimney,3.6,36.2326,-96.7929
Mosquero,14.7,35.7743,-103.9544
Dundarrach,11.1,34.9247,-79.1575
Spring Lake Colony,24.4,44.2349,-97.1748
Sumatra,15.2,30.023,-84.9825
Zarephath,36.4,40.5362,-74.5744
Atmautluak,24.3,60.8622,-162.2858
Garey,11.6,34.8869,-120.3141
Maybell,28.0,40.5188,-108.0885
Hyattville,3.6,44.2498,-107.6148
Schubert,24.8,40.4979,-76.2197
Gandys Beach,10.2,39.2715,-75.2316
Randalia,94.4,42.8634,-91.8867
Charleston Park,379.4,26.7055,-81.5807
Dooling,30.9,32.23,-83.9289
Watova,25.0,36.6197,-95.6604
Oak Lane Colony,24.9,43.5099,-97.7412
Caesars Head,9.7,35.1072,-82.6182
Combs,260.9,37.2683,-83.2148
Peckham,29.9,36.8866,-97.1781
Shawmut,6.7,46.3447,-109.5123
Jud,31.4,46.5258,-98.8976
Coosawhatchie,24.4,32.5851,-80.9328
Staint Clair,34.8,40.4786,-78.2284
Arrowhead Springs,12.4,41.5081,-109.1551
Winnetoon,88.0,42.5135,-97.9601
Manuelito,1.7,35.4387,-108.9946
Villa Sin Miedo,245.7,18.2565,-65.8728
De Borgia,5.1,47.3701,-115.3211
Bruneau,8.7,42.8766,-115.8001
Caddo Gap,35.0,34.4025,-93.6179
Sugden,39.8,34.0826,-97.9788
Linoma Beach,26.5,41.0583,-96.3149
Ocean Beach,195.9,40.6463,-73.1565
Grand Pass,87.8,39.205,-93.4427
Malo,20.7,48.7997,-118.6119
Shageluk,1.3,62.6684,-159.563
Nashoba,28.0,34.4816,-95.2143
Herron,3.0,48.5341,-109.7718
South Gorin,93.2,40.3596,-92.0246
Orland Colony,27.4,43.8216,-97.199
Grassland Colony,32.6,45.6682,-98.7965
Verdel,36.9,42.8114,-98.1933
Hadley,40.3,43.9987,-95.8575
Rathbun,118.6,40.8018,-92.8879
Inavale,56.8,40.0923,-98.6484
Whippoorwill,153.2,36.9123,-96.1288
Ekwok,10.9,59.3462,-157.4861
Moffett,13.8,35.4059,-94.4552
Camp Crook,40.8,45.55,-103.975
Twin Brooks,33.3,45.209,-96.7855
Urbank,20.4,46.1242,-95.5104
Ashwood,3.8,34.1142,-80.3039
Gillett Grove,9.0,43.0167,-95.0367
Calzada,68.3,18.0054,-66.564
Rivers,6.0,33.6757,-108.7768
Tecolote,2.4,35.4604,-105.2842
Raynham,73.4,34.5761,-79.1908
Iatan,24.3,39.4791,-94.9848
Lake Cicott,32.5,40.7642,-86.5242
Springwater Colony,2.0,46.4569,-109.7532
Tolu,41.9,37.4337,-88.2454
Foosland,172.8,40.3611,-88.4291
Esterbrook,4.0,42.4062,-105.3858
Boyds,38.1,48.7245,-118.1321
Krupp,23.2,47.4105,-118.9887
Alleghany,9.5,39.4666,-120.8411
Little Cedar,25.4,43.3801,-92.7258
La Platte,115.1,41.0718,-95.9255
Belva,45.9,38.2327,-81.1894
Kaskaskia,11.7,37.9213,-89.9163
Lone Elm,36.8,38.0796,-95.243
Teegarden,93.1,41.465,-86.3775
Henriette,112.7,45.8711,-93.12
Ree Heights,45.7,44.5158,-99.2005
Ona,1.5,27.483,-81.9097
Toyah,8.1,31.3125,-103.7946
Cotopaxi,26.3,38.3738,-105.6912
Regal,25.6,45.4054,-94.8397
Brookview,64.1,38.5739,-75.7927
Royer,40.5,40.4223,-78.2725
Musselshell,5.1,46.5063,-108.0862
Shell,11.5,44.5346,-107.7844
Otranto,32.0,43.4608,-92.9863
Prince,7.2,37.8593,-81.0722
Martinsdale,15.1,46.4548,-110.312
Loma Linda East,2.6,27.7663,-98.1942
Sunset Acres,43.7,27.7942,-99.4566
Moss Landing,33.4,36.8019,-121.7872
Elwin,15.3,39.7763,-88.9778
Neihart,6.4,46.9352,-110.736
Deer Grove,31.0,41.6096,-89.6866
Belgreen,10.4,34.4767,-87.8653
Spade,6.8,33.926,-102.1543
Ellston,16.5,40.8401,-94.1084
Scofield,13.8,39.7198,-111.1623
Wooldridge,98.0,38.9065,-92.5214
Ak Chin,24.2,32.2873,-112.0091
Regina,1.8,36.1947,-106.9453
Biddle,2.8,45.1051,-105.3116
Ferry,0.0,64.0496,-148.9205
Campo Bonito,3.2,32.5629,-110.6984
Rustic Acres Colony,12.7,43.8698,-97.099
Santa Rita,3.7,48.6984,-112.3188
Bonanza Hills,11.4,27.7948,-99.4695
Alfordsville,152.2,38.5604,-86.9481
Fisherville,11.2,40.4726,-78.1699
Frytown,15.3,41.572,-91.7321
Ohiopyle,29.6,39.8689,-79.4947
West Denton,473.5,38.8896,-75.8389
Pelkie,9.3,46.8124,-88.6373
Cougar,21.3,46.0493,-122.3034
Wilsonia,7.3,36.7347,-118.9558
Kerrick,12.4,46.3386,-92.5843
Burgess,62.6,37.5568,-94.6153
Graingers,7.5,35.3164,-77.5066
California Junction,26.8,41.5601,-95.9947
Sula,3.8,45.8453,-113.9629
Ottosen,24.6,42.8977,-94.376
Deweese,90.0,40.3547,-98.1392
Azalia,58.7,39.0917,-85.8472
Healy Lake,0.0,64.0281,-144.6331
Crestone,128.4,37.9945,-105.6962
Quintana,17.5,28.9279,-95.3171
King And Queen Court House,9.7,37.6683,-76.8781
Acala,4.2,31.3344,-105.9028
Varina,31.8,42.6585,-94.8982
Lynn Center,44.8,41.2945,-90.3592
Fords Creek Colony,0.7,47.131,-108.9169
Satartia,76.0,32.6719,-90.5445
Plush,7.4,42.4051,-119.8993
Chignik Lagoon,1.2,56.3041,-158.5004
Chignik Lake,0.0,56.2631,-158.8049
The Rock,2.8,32.9635,-84.2378
Hidden Lake,18.9,40.1055,-105.4777
Denham,8.7,46.3617,-92.9415
Susitna,0.0,61.4935,-150.595
Nimmons,86.2,36.3062,-90.0951
Midway Colony,22.0,48.067,-111.9935
Ceex Haci,75.6,44.2818,-89.965
Cedar Mills,46.4,44.9434,-94.5194
Wasola,2.2,36.7857,-92.5685
Idana,30.0,39.3595,-97.2662
Blue Knob,30.5,40.3527,-78.5533
Bluewater Village,1.5,35.2464,-107.9676
Manzano Springs,5.1,34.9614,-106.2328
Jackson Junction,1.9,43.1014,-92.0462
Cliffdell,6.1,46.9222,-121.0431
Radar Base,10.1,28.8568,-100.5336
Seton Village,75.4,35.5999,-105.9334
Lonetree,0.4,41.0273,-110.1536
Caputa,12.1,43.9961,-102.9844
Ryan Park,5.4,41.3131,-106.4896
St. Clement,64.8,39.2829,-91.2098
Winfred,11.2,44.0009,-97.3598
Guffey,1.3,38.7591,-105.5024
Moccasin,14.6,36.9099,-112.7546
Old Eucha,3.6,36.3551,-94.9379
Susank,20.9,38.6407,-98.7745
Kirk,4.5,39.6127,-102.592
Landusky,0.7,47.8982,-108.6202
Vera Cruz,111.2,40.7016,-85.0795
Pilsen,8.0,38.4711,-97.0389
Mohawk Vista,1.9,39.8048,-120.5883
Hogeland,22.0,48.8547,-108.6624
Bergoo,50.0,38.4849,-80.2981
Samnorwood,6.8,35.05,-100.2814
Haigler Creek,7.0,34.2163,-110.9719
Larke,11.2,40.425,-78.2086
Barada,28.5,40.2185,-95.5777
Ross Corner,6.1,41.1243,-74.719
Cherokee Falls,91.6,35.0645,-81.5436
Holiday City,4.2,41.6183,-84.5384
Swedona,73.3,41.2801,-90.4433
Burdick,10.7,38.5589,-96.8472
Hurdsfield,113.8,47.4468,-99.931
Wide Ruins,27.6,35.4176,-109.4994
Pencil Bluff,20.5,34.6299,-93.735
Madeline,9.8,41.0514,-120.4755
Brinsmade,24.9,48.184,-99.3236
Sage Creek Colony,20.8,48.9288,-110.9723
Chignik,0.5,56.3003,-158.4132
Cantu Addition,171.7,27.202,-98.1555
Ixl,2.7,35.5227,-96.3882
Lawrenceport,19.8,38.7512,-86.3878
Lushton,11.7,40.724,-97.7237
Oak Springs,77.4,35.476,-109.1318
Inland,64.1,40.5954,-98.2232
Chilili,10.5,34.8974,-106.2332
Courtenay,24.9,47.2241,-98.5685
Oberon,131.0,47.9242,-99.2059
Broseley,20.1,36.6754,-90.2441
Tyrone Forge,85.0,40.6603,-78.2225
Platina,5.0,40.3591,-122.9042
Oxville,26.0,39.7054,-90.5604
Rockham,20.9,44.9043,-98.8234
Callimont,2.4,39.8011,-78.9216
Lupus,57.8,38.846,-92.454
Los Arcos,208.8,27.6144,-99.2105
Standing Rock,3.3,33.0863,-85.2449
Hensley,10.2,34.5068,-92.2069
Triplett,30.4,39.4984,-93.1938
Wightmans Grove,40.4,41.4243,-83.0468
Iago,5.5,29.2665,-95.963
Cogdell,11.7,31.1663,-82.7217
Cuyama,23.0,34.9312,-119.6148
Riggston,3.8,39.6944,-90.4234
Millgrove,19.6,40.4084,-85.275
Playas,5.6,31.9125,-108.5363
Cedar Highlands,11.1,37.6295,-113.0667
Loring Colony,0.2,48.7891,-107.9687
Alsen,18.4,48.6303,-98.7048
Tinsman,19.7,33.6292,-92.3533
Victoria Vera,465.5,26.3182,-98.6929
Ski Gap,45.0,40.316,-78.5174
Cedar,156.5,44.8466,-85.7941
Port Alexander,2.9,56.2346,-134.6532
Peterman,23.8,31.5837,-87.2631
Stockville,17.5,40.5335,-100.3846
Atka,1.2,52.2301,-174.2133
Longcreek,5.3,34.7776,-83.2602
Snowslip,12.8,48.2648,-113.446
New Marion,61.8,39.0076,-85.3588
Saltaire,70.2,40.6389,-73.1949
Tolley,64.6,48.7303,-101.8274
Rafael Pena,1522.2,26.301,-98.6409
Cathedral,0.0,38.0836,-107.0306
Metz,74.3,41.6162,-84.8394
Realitos,185.8,27.4454,-98.5303
Van Tassell,5.5,42.6643,-104.0913
Karluk,0.0,57.5845,-154.3255
Dahlen,0.4,48.1587,-97.9319
Hampden,75.5,48.5395,-98.6542
Gilead,53.1,40.1461,-97.4151
Platinum,0.0,58.978,-161.7185
Pompeys Pillar,51.8,45.9906,-107.9504
Hendley,33.1,40.1313,-99.9713
Alleene,4.4,33.7648,-94.2622
Diomede,4.0,65.7536,-168.9219
Oxly,3.7,36.6025,-90.679
Ozone,11.4,35.6352,-93.445
Dellview,101.1,35.3865,-81.4127
Ernstville,99.9,39.6304,-78.0239
Orin,9.0,42.6505,-105.1826
Domino,20.5,33.2495,-94.1162
Franklin Forge,29.4,40.4713,-78.2317
Frierson,16.8,32.2486,-93.6895
Haugan,14.5,47.3887,-115.4079
Webber,13.8,39.9344,-98.0351
Mappsburg,4.1,37.576,-75.7593
Coolin,18.2,48.476,-116.8441
Tarnov,75.6,41.6148,-97.5025
Westervelt,186.2,39.4792,-88.8612
Flaxton,23.3,48.8974,-102.3933
Spiritwood,10.6,46.9343,-98.4933
Buell,32.6,39.0328,-91.4407
Square Butte,7.5,47.5147,-110.1991
Wise River,12.5,45.792,-112.9485
Boone Grove,85.5,41.3548,-87.1295
Klahr,54.6,40.2979,-78.5129
Cotesfield,17.7,41.3575,-98.6335
Grovespring,7.8,37.3999,-92.606
San Acacio,7.1,37.2086,-105.5667
Labette,50.5,37.23,-95.1836
Buck Grove,66.9,41.9175,-95.3951
Padroni,10.9,40.7818,-103.1733
Leando,4.0,40.8237,-92.0823
Wolford,45.0,48.4975,-99.7038
Onaka,5.9,45.1912,-99.4659
Lonerock,8.8,45.0887,-119.8841
Candy Kitchen,1.8,34.912,-108.4929
Forbes,25.9,45.9425,-98.782
Money Island,14.1,39.2855,-75.2352
King Ranch Colony,8.0,47.0572,-109.6362
Paynes Creek,2.6,40.3409,-121.9174
Monarch,11.1,47.1003,-110.8448
Kellogg Point,356.9,41.4681,-73.4597
Tatitlek,1.2,60.8921,-146.6727
Velpen,124.8,38.3553,-87.1019
Hunter Creek,4.0,34.3054,-111.0159
Lamkin,12.6,31.8241,-98.2619
Guion,15.2,35.9269,-91.9389
Gardi,8.8,31.5409,-81.797
Brogan,3.0,44.2475,-117.5187
Rodman,63.6,43.0266,-94.5274
Wiseman,0.0,67.437,-150.1334
Glazier,6.6,36.0137,-100.2702
La Casita,199.9,26.3368,-98.7336
Summerhaven,1.8,32.4416,-110.7766
Hollowayville,139.8,41.3648,-89.2951
Cathay,58.3,47.5542,-99.4108
Alatna,0.2,66.5638,-152.8385
Twin Hills Colony,2.4,48.0168,-111.0698
Butte Meadows,4.0,40.0871,-121.537
Hilldale Colony,35.9,48.8035,-109.7832
Mehan,41.7,36.0457,-96.9401
Golden Valley Colony,6.6,46.2592,-109.2735
Floriston,8.9,39.393,-120.0149
King Lake,8.7,41.3135,-96.3017
Smithwick,4.4,43.2976,-103.2163
Ono,4.5,40.4801,-122.6257
Martinsburg Junction,179.4,40.3101,-78.3365
Bavaria,45.6,38.7955,-97.7548
Keeler,7.0,36.4867,-117.8733
Hough,12.5,36.872,-101.5747
Tunis,36.2,30.544,-96.528
Fedora,2.4,44.0067,-97.7895
Zeandale,5.9,39.1627,-96.4279
De Lamere,5.8,46.2668,-97.3332
Ardoch,103.4,48.2054,-97.338
Maverick Junction,3.6,43.4087,-103.3958
Matheson,4.5,39.1683,-103.977
Ohoopee,9.4,32.1808,-82.2209
Jolley,55.7,42.4794,-94.7191
Fults,48.5,38.1644,-90.2128
Leal,6.6,47.1049,-98.3155
Los Ojos,5.5,36.7361,-106.5669
Gandy,16.6,41.4698,-100.4583
Leaf,6.5,31.0276,-88.798
Juntura,3.4,43.7487,-118.0789
La Paloma Ranchettes,16.4,26.3148,-98.623
Mcmullen,16.5,33.1481,-88.1757
Arbela,49.8,40.4631,-92.0156
Edgewater Estates,297.2,28.0969,-97.865
Flowella,7.7,27.22,-98.0645
Paxson,0.0,63.011,-145.7312
Udell,40.0,40.7801,-92.7432
Deerfield Colony,13.6,47.2601,-109.6787
St. Benedict,10.1,43.044,-94.0609
California Hot Springs,8.6,35.8876,-118.6551
Manley Hot Springs,1.2,65.0187,-150.6453
Long Barn,2.7,38.0957,-120.1285
Ranchitos East,941.3,27.4901,-99.3668
Heltonville,60.5,38.9278,-86.3755
Bucks Lake,0.0,39.8797,-121.1941
Arjay,11.8,36.8062,-83.642
Monte Verde,18.1,18.0972,-66.6196
Crozier,7.0,35.4227,-113.6487
Nenzel,18.0,42.9274,-101.1018
Clark'S Point,2.2,58.8329,-158.5276
Whitlock,9.7,36.3707,-88.3612
Meyer,26.3,40.1477,-91.5031
Foraker,20.4,36.8728,-96.5693
Helmer,91.0,41.5312,-85.1702
Tulsita,18.3,28.6423,-97.818
Saumsville,42.3,38.9357,-78.4992
Burchinal,52.2,43.0648,-93.2786
Ludden,9.2,46.0082,-98.1254
Geronimo Estates,5.3,34.3695,-111.3617
Bay Lake,0.0,28.387,-81.5751
Covenant Life,0.9,59.3998,-136.0946
Nealmont,85.0,40.6666,-78.2187
Tarrants,47.7,39.3578,-91.1836
Little America,2.7,41.547,-109.8642
Kickapoo Site 2,8.6,39.7029,-95.6495
Illinois City,15.2,41.3991,-90.8996
Port Protection,1.9,56.3293,-133.594
Deanville,47.0,30.4295,-96.7569
Childers Hill,5.8,35.0816,-88.3267
Levelock,0.4,59.0683,-156.9009
Pinetown,6.8,35.6111,-76.8558
Fontenelle,2.0,41.9973,-110.0626
Warm Spring Creek,16.4,47.1847,-109.2827
Mexican Hat,0.4,37.1731,-109.873
Sarles,32.3,48.945,-98.9969
Brownell,34.2,38.6406,-99.7443
Pancoastburg,48.2,39.624,-83.2642
Bevington,14.6,41.3596,-93.7902
Dutch John,1.1,40.9301,-109.4042
Owasa,11.7,42.4319,-93.2047
Yetter,36.1,42.3161,-94.843
Obert,32.0,42.6895,-97.0272
Antler,27.7,48.9713,-101.2832
Saltese,12.0,47.4115,-115.512
Alzada,12.8,45.0206,-104.4129
Sholes,11.9,42.3348,-97.2946
Pine Bend,5.2,47.4222,-95.5979
Huntsdale,12.8,38.912,-92.4787
Amidon,10.5,46.4822,-103.3196
South Mound,6.6,37.435,-95.2245
Normanna,4.9,28.5277,-97.7831
Floweree,5.6,47.7248,-111.0254
Chamizal,14.8,34.2182,-106.9152
Impact,202.2,32.5002,-99.7465
Port Clarence,0.3,65.1108,-166.7683
Duran,1.4,34.4636,-105.3807
Elkport,55.6,42.7417,-91.275
Jenner,3.1,38.451,-123.1203
Eastshore,6.8,38.3839,-97.0682
Leamersville,151.6,40.3742,-78.4312
Sapphire Ridge,12.1,46.8866,-110.2522
Helvetia,3.4,38.7058,-80.1993
Gross,3.0,42.9461,-98.5697
Stockham,33.1,40.7164,-97.9434
Alanreed,13.4,35.2117,-100.7325
Nanafalia,2.8,32.1114,-87.9958
Fourche,113.0,34.9933,-92.6189
Whitestone,6.1,64.1527,-145.9061
Hyampom,5.6,40.6262,-123.4689
Hyder,0.4,55.9816,-130.0383
Correll,31.7,45.232,-96.1627
Hansboro,13.2,48.9524,-99.3802
Lisco,10.4,41.4986,-102.6236
North Grove,52.9,40.6123,-85.9661
Stony River,1.9,61.7937,-156.5861
Glenn,3.2,33.1493,-85.2092
Datil,3.3,34.1423,-107.8424
Oark,7.1,35.6923,-93.5733
Edge Hill,32.5,33.1534,-82.625
Quail,1.9,34.9151,-100.3919
Kep'El,1.7,41.2842,-123.819
Strathcona,11.7,48.5537,-96.1671
Leith,4.7,46.3626,-101.6385
Hollenberg,16.3,39.981,-96.9917
Wynnburg,5.0,36.3301,-89.4686
Marienthal,2.9,38.4891,-101.22
Gascoyne,5.8,46.119,-103.0788
Attu Station,0.0,52.8955,173.123
Redcrest,9.7,40.3988,-123.9474
Broadland,5.8,44.4938,-98.3466
Colliers,80.2,40.3651,-80.5377
Winigan,11.6,40.0468,-92.9018
Benndale,3.8,30.8686,-88.8055
Paris Crossing,7.2,38.8295,-85.648
Van Vleet,7.5,33.9833,-88.8972
Shaniko,11.6,45.0037,-120.7522
Twodot,7.1,46.4224,-110.0725
Embden,8.1,46.805,-97.4395
La Bajada,15.5,35.5565,-106.2436
Ferrer Comunidad,427.4,18.4054,-67.0671
Toeterville,6.2,43.4401,-92.8879
Jovista,79.2,35.794,-119.1896
Ludell,3.9,39.8566,-100.9583
Chilo,78.9,38.7934,-84.1374
Stidham,30.5,35.3686,-95.7008
Little Valley,13.0,40.8931,-121.178
Wiederkehr Village,1.3,35.4817,-93.7577
Lake Minchumina,0.0,63.7981,-152.3446
Wetonka,6.5,45.6242,-98.7717
Pedro Bay,0.0,59.7862,-154.1321
Jacks Creek,5.5,35.4691,-88.5146
South Lineville,72.4,40.5785,-93.5242
Lazy Lake,3559.2,26.1563,-80.1452
Monango,52.0,46.1734,-98.5952
Delacroix,22.8,29.7652,-89.7874
Farnsworth,4.0,36.3111,-100.9683
Ayers Ranch Colony,12.3,47.051,-108.945
Sexton,2.5,43.0749,-94.0892
South Gifford,26.8,40.0258,-92.6829
Botines,2.8,27.7719,-99.4571
Calio,0.0,48.6238,-98.938
Hachita,11.3,31.9153,-108.3253
Pendroy,9.8,48.073,-112.2992
Two Buttes,33.6,37.5606,-102.3965
Doran,207.4,37.0958,-81.8321
Los Veteranos Ii,26.4,27.7711,-99.4433
Edna Bay,0.1,55.964,-133.6662
Denhoff,7.6,47.4786,-100.2592
Avard,27.9,36.6973,-98.7893
Falman,235.5,27.9281,-97.1713
Lutak,0.1,59.3997,-135.6314
Champion,132.6,40.4706,-101.7468
Radium,31.9,38.1738,-98.8944
Sarben,30.3,41.1662,-101.3043
Elfin Cove,0.0,58.1286,-136.1951
Clarysville,77.8,39.6421,-78.8887
Aurora Center,15.8,43.5272,-98.5894
Jacinto,5.3,34.7622,-88.4276
Concepcion,54.0,27.3951,-98.3556
Hopeton,9.4,36.6882,-98.662
Lovelaceville,9.2,36.9672,-88.8335
Denio,10.1,41.9888,-118.6375
Romeville,1.4,30.0676,-90.8341
Hannah,11.1,48.9729,-98.6903
Saline City,90.4,39.3653,-87.1322
Tavistock,398.9,39.8758,-75.0273
Englevale,3.1,46.3912,-97.9038
Ogallah,2.9,38.9946,-99.7326
Buckshot,136.1,32.7404,-114.4829
Oral,2.8,43.41,-103.2648
Opolis,6.8,37.3449,-94.6245
Charmwood,53.1,38.281,-91.0968
Pillsbury,14.4,47.2071,-97.7957
Fay,8.5,35.8161,-98.6587
Deputy,112.8,38.7952,-85.6528
Tamora,4.3,40.8945,-97.2252
Marineland,10.9,29.6657,-81.2138
Gutierrez,118.1,26.34,-98.6319
Livengood,0.0,65.4817,-148.4171
Bazile Mills,8.7,42.5124,-97.9083
Connerville,2.1,34.4436,-96.6359
Winterhaven,655.9,32.7372,-114.6378
Lindy,4.3,42.7351,-97.7499
Fontana Dam,6.8,35.4328,-83.8248
Anatone,32.5,46.1354,-117.1322
Eagle City,5.7,35.9338,-98.59
Artas,8.5,45.8873,-99.8069
Ocean,116.4,39.6016,-78.945
Little Grass Valley,0.0,39.7252,-120.959
Halley,3.4,33.5363,-91.3236
Biehle,52.7,37.6065,-89.8377
Hetland,42.2,44.3772,-97.2347
Sleeping Buffalo,2.0,48.483,-107.5319
Stillwell,7.1,41.5559,-86.6028
Silesia,2.1,45.556,-108.8368
Wautec,1.7,41.3543,-123.8623
Gapland,132.8,39.4021,-77.6584
Lime Village,0.0,61.327,-155.3181
Kingsbury Colony,1.7,48.3044,-112.4846
Mayhill,2.3,32.8961,-105.496
Cliff Village,79.6,37.0252,-94.5172
Irena,3.9,40.5403,-94.3899
Bent,2.9,33.1473,-105.8589
Overly,3.3,48.6811,-100.151
Whitlash,5.2,48.9089,-111.2519
Perth,4.7,48.7148,-99.4582
Lake Buena Vista,1.1,28.379,-81.5262
Orogrande,1.6,32.3874,-106.1003
Ragan,25.9,40.3108,-99.2896
Hiko,1.6,37.6063,-115.2018
Burnt Cabins,87.9,40.0781,-77.8956
Hamberg,7.6,47.7633,-99.516
Gerster,29.4,37.9548,-93.5769
Pilgrim,16.9,44.6645,-86.2498
Texola,5.0,35.2225,-99.993
Canyondam,4.0,40.1698,-121.0771
Amorita,22.7,36.924,-98.2936
Rock House,5.1,33.6318,-110.9456
Heil,15.3,46.3892,-101.7012
Roxbury,51.1,38.5511,-97.4274
Charco,3.3,32.2474,-112.6001
Coyote,1.2,36.1615,-106.6067
Whitetail,20.1,48.8966,-105.1619
Frenchtown-Rumbly,4.3,38.0831,-75.8521
Adamson,49.6,34.9243,-95.5474
Corral Viejo,186.6,18.0755,-66.6523
Hillside Acres,34.1,27.6762,-99.1777
Boy River,75.0,47.1679,-94.1242
Champ,3.4,38.745,-90.4537
Kupreanof,13.5,56.809,-132.9889
Stephan,22.7,44.2482,-99.4576
Pinehaven,4.5,35.3357,-108.671
Lotsee,19.9,36.1334,-96.2091
Rocky Gap,34.8,37.2413,-81.1049
Mogollon,1.5,33.4034,-108.7992
Corley,36.7,41.5776,-95.3308
Big Horn,1.5,44.6791,-106.9971
Stevens Village,1.3,66.025,-149.0802
Pastura,5.3,34.7851,-104.9421
Mylo,3.1,48.6358,-99.6179
Knowles,11.8,36.8729,-100.1924
Cooperton,4.5,34.8665,-98.8759
Fallis,21.5,35.7493,-97.1182
Birch River,56.0,38.4961,-80.7497
Brownlee,12.5,42.2893,-100.6241
Hudson Crossroads,18.2,38.7957,-78.725
Hobucken,19.8,35.2544,-76.5712
Racetrack,2.1,46.277,-112.7436
Fox Park,2.3,41.0801,-106.1534
Copake Falls,171.8,42.1202,-73.5247
Beaconsfield,3.2,40.8075,-94.0507
Churchs Ferry,4.5,48.2686,-99.1944
Thurmond,4.3,37.961,-81.0796
Birch Creek,0.6,66.2686,-145.8699
Gann Valley,10.8,44.0336,-98.9887
Beluga,0.0,61.1868,-151.1637
Alcan Border,0.1,62.6727,-141.1321
Port Tobacco Village,37.0,38.5124,-77.0211
Bantry,2.1,48.4973,-100.6095
Portage Creek,0.1,58.9054,-157.6698
Larson,4.7,48.8916,-102.8626
Laird,38.1,40.0819,-102.102
Amherstdale,74.4,37.7799,-81.8183
San Fidel,1.5,35.1025,-107.5975
Storla,7.3,43.8625,-98.3526
Edson,2.2,39.335,-101.5495
Sawpit,43.5,37.9947,-108.0021
Mcclenney Tract,2.5,35.822,-118.6477
Albee,21.9,45.0513,-96.5535
Point View,18.8,40.4895,-78.2419
Lantry,2.8,45.0183,-101.4328
Ruso,4.4,47.8373,-100.9343
The Ranch,11.4,47.3198,-95.6952
Ugashik,0.0,57.5736,-157.1232
Alamo Lake,0.0,34.2588,-113.5079
Jessie,2.4,47.5402,-98.2291
Penalosa,15.7,37.7156,-98.3202
Cowles,2.1,40.1714,-98.4491
Red Devil,0.0,61.7735,-157.3461
Cave,5.0,39.0214,-91.0483
Ganister,29.4,40.4736,-78.2266
Bergen,1.0,48.0037,-100.7199
Grano,9.0,48.6153,-101.5892
Stotesbury,25.2,37.9744,-94.5645
Kinbrae,1.6,43.8266,-95.4823
Bankston,9.5,42.5074,-90.9613
Highgate Springs,30.4,44.9782,-73.1056
Mccarthy,0.0,61.4539,-142.8648
Ferney,9.9,45.3346,-98.0939
Saint Catharine,48.0,39.7986,-92.995
Goldcreek,1.9,46.5838,-112.9284
Ismay,17.9,46.5002,-104.7929
Nikolski,0.0,53.0133,-168.7536
Monowi,1.8,42.8307,-98.3296
Black Hat,0.4,35.6311,-108.9641
Fishers Hill,102.7,38.9872,-78.402
Sheep Ranch,5.3,38.2075,-120.4602
Lakeshore Resort,126.1,39.5143,-85.0208
Ursine,1.9,37.9771,-114.2289
Hillsview,0.5,45.6642,-99.5607
Sugarloaf Saw Mill,12.4,35.8345,-118.6167
Valmy,18.6,40.7908,-117.1266
Mcgaffey,0.1,35.372,-108.5207
Johnsville,0.2,39.7663,-120.713
Buck Meadows,4.4,37.8104,-120.0687
Topock,6.9,34.72,-114.4789
Toyei,17.3,35.7043,-109.9371
Tierra Dorada,236.7,26.4007,-98.9213
Valle Hermoso,0.1,26.3823,-98.7871
Posey,14.9,35.8039,-118.6787
Poso Park,16.8,35.8113,-118.6363
Delta City,9.6,33.0738,-90.7925
Norrie,6.4,39.328,-106.6562
Newport Colony,41.8,45.6791,-97.9328
Almanor,0.0,40.2146,-121.1763
Grass Ranch Colony,1.4,43.65,-98.8836
Lakeview Colony,66.5,43.2202,-98.4564
Cedar Grove Colony,21.1,43.5317,-98.8045
Platte Colony,8.9,43.4678,-99.1261
Hillcrest Colony,6.8,44.9425,-97.6672
Collins Colony,7.0,44.5478,-97.7013
Morales-Sanchez,13.9,26.7876,-99.1147
Likely,47.8,41.2254,-120.5033
La Moca Ranch,0.4,27.902,-99.5036
Dering Harbor,34.1,41.0933,-72.3418
Milford Colony,2.5,47.3282,-112.2127
Tab,1.8,40.4149,-87.4773
Hoot Owl,19.3,36.36,-95.1214
Lake Louise,0.0,62.3423,-146.5875
Hartsel,17.7,39.0219,-105.7976
Owl Creek,0.0,43.7819,-108.5679
Beirne,25.1,33.8882,-93.2062
Lake Harbor,4.1,26.6885,-80.8079
Zenith Colony,0.2,48.8688,-112.3423
Pacific Beach,59.6,47.2151,-124.1967
Middle Frisco,45.8,33.6949,-108.7639
Moquino,2.8,35.17,-107.364
Game Creek,0.7,58.0553,-135.508
Asherville,0.1,39.4076,-97.9733
Manuel Garcia Ii,99.7,26.3126,-98.6913
Bibo,4.9,35.1732,-107.4034
Hutterville Colony,222.5,45.2663,-98.2115
Herrings,97.5,44.0223,-75.6526
Halls Crossing,0.2,37.4578,-110.6829
Guerra,4.4,26.8827,-98.8948
Agnew,10.7,41.0142,-96.8143
Cundiyo,18.4,35.961,-105.901
Cuevitas,167.3,26.2585,-98.5788
Beryl Junction,24.3,37.701,-113.6535
Apache Creek,0.4,33.8486,-108.6141
Plainview Colony,0.0,45.5808,-99.0095
Friedenswald,86.7,38.0729,-92.7598
Canehill,93.2,35.914,-94.3974
Wolf Creek Colony,0.0,43.3527,-97.6161
Maxwell Colony,91.4,43.1825,-97.6352
Fitzpatrick,4.7,32.2113,-85.8784
Spencer Mountain,54.9,35.3073,-81.1101
Sims Chapel,5.5,31.2365,-88.1435
Deer Canyon,0.3,34.4436,-106.2607
Spring Valley Colony,0.0,44.0395,-98.8811
Laredo Ranchettes West,941.3,27.4901,-99.3702
Las Haciendas,4.4,27.6347,-99.1952
La Coma,15.3,27.5029,-99.3014
Buffalo Prairie,12.2,41.3408,-90.8482
Lower Frisco,16.1,33.6515,-108.7895
Manzano,2.4,34.6437,-106.3671
Whites City,0.0,32.1767,-104.3739
Willow Island,12.0,40.89,-100.0707
Waterview,36.5,38.2482,-75.9017
Bettles,0.6,66.9088,-151.5362
Parcoal,103.6,38.4604,-80.3731
White Rock Colony,31.0,45.9109,-96.6311
Nunam Iqua,3.0,62.511,-164.8998
Hobart Bay,0.0,57.4212,-133.3231
Chicken,0.0,64.0878,-141.8285
Mertarvik,0.0,60.811,-164.4989
Nabesna,0.0,62.4606,-143.0402
Point Possession,0.0,60.9228,-150.6891
Rentchler,38.8,38.4926,-89.8686
Paderborn,53.7,38.3595,-90.0465
Flat Willow Colony,3.4,46.7252,-108.4882
Kilby Butte Colony,1.5,46.4764,-108.3602
Bear Flat,8.0,34.2924,-111.0674
Selman,12.1,36.8014,-99.4894
Three Creeks,0.0,38.5758,-90.9971
Chalybeate,40.2,34.9319,-88.8703
Thynedale,133.6,36.8182,-78.4774
Orkney Springs,6.9,38.7954,-78.8145
Seville Colony,3.4,48.7058,-112.5929
Panther,23.1,37.641,-87.2258
Redrock,1.8,32.6885,-108.7406
Utting,8.7,33.8544,-113.9129
Mcbaine,1.3,38.8837,-92.4551
Pearl Creek Colony,0.0,44.326,-97.9185
Valley Ford,8.7,38.3246,-122.9147
Lake Roberts,42.6,33.0313,-108.1689
Eureka Roadhouse,0.0,61.9648,-147.1523
Poinsett Colony,0.8,44.6414,-96.9003
Thunderbird Colony,10.5,45.1911,-99.2675
Blumengard Colony,4.8,45.2415,-99.17
Pembrook Colony,19.6,45.3728,-98.994
Norfeld Colony,29.6,44.4233,-96.5561
Abeytas,22.4,34.4652,-106.8137
Riverside Colony,0.0,44.4823,-98.1366
Bon Homme Colony,6.1,42.8649,-97.7056
Huron Colony,110.3,44.5634,-98.2055
Shallow Water,105.1,38.3738,-100.9104
Vantage,55.0,46.9453,-119.9921
Loma Linda West,194.3,26.4205,-98.9304
Las Pilas,34.1,27.6815,-99.1833
Nikep,147.5,39.5516,-78.9978
Dry Valley,10.7,37.8843,-114.3051
White Clay,15.4,42.997,-102.555
Sattley,2.4,39.6265,-120.4357
Tat Momoli,0.9,32.6012,-111.8862
Quay,46.1,36.1596,-96.7089
Sugarloaf Village,16.3,35.8269,-118.6354
Phelps City,12.0,40.4006,-95.595
South Park View,25.4,38.1184,-85.7201
Tagg Flats,1.3,36.3387,-94.9037
Stoneridge,78.3,35.3019,-108.1034
Watrous,76.6,35.79,-104.9821
Ute Park,1.5,36.5467,-105.1038
Pinhook,43.8,36.738,-89.2695
Peach Creek,77.7,37.877,-81.9797
Sekiu,94.1,48.2639,-124.3015
Harviell,92.6,36.6618,-90.4748
Cherry Log,40.2,34.7864,-84.3839
Sugartown,17.8,30.8401,-93.0124
Cedar Slope,0.0,36.1455,-118.5788
Floraville,91.5,38.3764,-90.0562
Ketron Island,14.7,47.1569,-122.6343
El Capitan,2.5,33.2383,-110.7833
Willow Canyon,1.0,32.3881,-110.701
Tobin,0.5,39.9358,-121.2965
Pershing,23.6,36.5901,-96.2731
H. Cuellar Estates,70.8,26.5611,-99.1258
Lowell Point,0.2,60.0629,-149.4898
El Camino Angosto,285.6,26.1115,-97.6438
El Indio,1.6,28.5092,-100.3066
Harding Gill Tract,38.1,26.4284,-98.0154
Ivanof Bay,0.6,55.9183,-159.4933
Eakles Mill,63.1,39.4669,-77.6859
Los Huisaches,11.4,27.907,-99.4758
Los Minerales,87.3,27.6555,-99.6179
Valley-Hi,6.4,40.0299,-78.1917
Miller Colony,21.1,47.9257,-112.2917
Laredo Ranchettes,98.5,27.4913,-99.3598
Trout,130.6,31.6967,-92.1797
Fordham Colony,7.7,44.7678,-97.9068
Anacua,272.9,26.3856,-98.9191
Tarina,0.0,35.3807,-118.8171
Veteran,1.4,41.9627,-104.3862
Trona,0.1,35.815,-117.3449
Warm River,2.6,44.1188,-111.32
Newdale Colony,16.2,44.29,-96.5242
Mccoy,23.0,39.9144,-106.7257
Leyner,30.6,40.0511,-105.1074
Dailey,73.1,38.7968,-79.8967
Hamill,0.0,43.5939,-99.6907
Gila Hot Springs,8.6,33.1902,-108.2045
Lake Roberts Heights,17.1,33.0271,-108.1381
Jardin De San Julian,38.9,26.5254,-99.0999
Musella,27.4,32.8009,-84.0334
Enders,60.0,40.4549,-101.5355
Dot Lake,0.0,63.5749,-144.1815
Dot Lake Village,2.0,63.6626,-144.0162
Rickreall,71.0,44.9319,-123.2344
Indian Falls,7.5,40.0587,-120.9803
Bolan,3.5,43.3735,-93.1085
Fort Indiantown Gap,1.8,40.442,-76.5972
Mellwood,6.5,34.2181,-90.9445
Claremont Colony,23.1,44.7129,-96.9512
Athelstan,19.3,40.5727,-94.5426
Aleneva,0.0,58.059,-152.9091
Los Lobos,11.4,26.6066,-99.1612
Los Nopalitos,158.8,27.6195,-99.2056
Los Ybanez,360.7,32.7188,-101.9174
Austinville,142.4,36.851,-80.9142
Concho,14.0,34.4742,-109.6102
Comobabi,2.6,32.0538,-111.8029
Cowlic,102.9,31.8048,-111.9876
Loring,2.7,55.6064,-131.6405
River Sioux,57.1,41.8024,-96.0479
Hornitos,23.4,37.5026,-120.2388
Rillito,144.2,32.4157,-111.1549
Biggs Junction,9.5,45.664,-120.839
Indian Bay,2.5,34.3858,-91.0671
New Falcon,283.9,26.6382,-99.0947
Whitestone Logging Camp,0.0,58.0658,-135.4207
Penntown,113.0,39.2701,-85.0975
Goodenow,120.5,41.3922,-87.6397
Eliza,18.1,41.2947,-90.9726
Peerless,13.4,48.7822,-105.8304
Sunnybrook Colony,0.0,48.1573,-110.727
Pentress,40.5,39.7101,-80.1684
Pageton,8.7,37.3598,-81.4648
Cobre,49.2,32.7804,-108.1106
City Of The Sun,36.2,31.8466,-107.6504
Lee Center,58.5,41.7503,-89.2762
Surprise Creek Colony,55.1,47.1706,-110.3397
Laurier,5.3,48.9974,-118.2248
Cloverleaf Colony,13.5,44.184,-97.5385
Silvana,22.2,48.2018,-122.2459
Bucks,5.4,31.0169,-88.0249
Valley Wells,0.0,35.8761,-117.3366
Nicodemus,1.2,39.3862,-99.6135
Fort Ritchie,375.3,39.7022,-77.5021
Pueblo East,6.4,27.6748,-99.1896
Jeffrey City,0.5,42.4809,-107.8256
Moraida,1370.4,26.4149,-98.9767
Eola,28.4,44.9312,-123.1202
Chiniak,0.0,57.5775,-152.2743
Big Sky Colony,2.5,48.8391,-112.7685
Shannon Colony,0.8,43.9826,-97.4251
Amonate,33.8,37.1907,-81.6405
Old Station,5.7,40.6722,-121.4227
Hat Island,26.9,48.013,-122.3201
Upland Colony,183.0,43.8775,-97.9763
East End Colony,0.1,48.7519,-109.5466
Tate City,4.3,34.9789,-83.554
Kaka,88.7,32.5113,-112.3166
Duncan Ranch Colony,30.6,46.4418,-110.0261
East Malta Colony,2.6,48.3488,-107.6081
Antelope Hills,1.7,43.0813,-106.3117
Fish Camp,40.5,37.4778,-119.6393
Prairie Elk Colony,0.7,48.0147,-105.7981
Amaya,79.4,28.7121,-99.8353
Conejos,16.1,37.0872,-106.016
Longoria,285.0,26.3024,-98.6425
Springdale Colony,0.3,46.4618,-111.0192
Fernando Salinas,474.6,26.3979,-98.8311
Elbe,144.4,46.7653,-122.1956
Netos,28.6,26.4108,-98.7585
Four Mile Road,12.9,64.6045,-149.1223
Charleston View,20.5,35.9646,-115.8972
Virginia Lakes,0.0,38.0486,-119.2555
Wayside,2.4,37.1259,-95.8696
Green Hills,13.9,40.1153,-80.3049
Nolic,28.0,32.0341,-111.9549
Padre Ranchitos,166.7,32.6497,-114.6416
Mule Barn,47.8,36.217,-96.312
Graceville Colony,33.9,43.9289,-97.284
Westwood Colony,3.4,45.8929,-97.7814
Pope-Vannoy Landing,0.0,59.5649,-154.4654
Hilger,17.6,47.2557,-109.3571
Bala,9.6,39.3108,-96.9504
Abiquiu,139.6,36.2017,-106.3238
Barksdale,59.4,29.7293,-100.0338
Umbarger,90.2,34.9564,-102.1094
Sprague River,34.9,42.4567,-121.5022
Escondida,52.2,34.1012,-106.8974
Pearsonville,0.0,35.8189,-117.8755
Nitta Yuma,1.4,33.0236,-90.8487
Faywood,10.8,32.6247,-107.8723
Amada Acres,529.3,26.3433,-98.7393
Hartland Colony,1.3,48.952,-109.4483
Santel,39.9,26.3756,-98.8833
Chinquapin,30.8,34.8318,-77.8207
Long Lake Colony,0.3,45.604,-98.8253
Phillipsville,98.8,40.2117,-123.7845
Goss,2.0,39.5149,-91.9433
Campo Seco,4.8,38.2271,-120.8533
Fulford,3.8,39.5166,-106.6576
Forty Mile Colony,1.1,45.2827,-107.3568
Mont Ida,1.8,38.217,-95.3658
Red Dog Mine,1.8,68.0645,-162.8667
New Wells,17.6,37.554,-89.6246
Kief,4.1,47.86,-100.5133
Bijou Hills,0.0,43.5285,-99.1439
Orrin,0.4,48.091,-100.1671
Herkimer,25.2,39.8924,-96.709
Raeville,33.2,41.8955,-98.0535
Fence Lake,4.0,34.6534,-108.6738
Fair Haven Colony,0.0,47.4041,-111.6294
Casas,34.9,26.4753,-98.9333
Rivereno,1522.2,26.3052,-98.6398
Ramirez-Perez,465.5,26.317,-98.6933
Ramireno,9.9,27.0145,-99.3821
Rolland Colony,20.5,44.3437,-96.5923
Supai,24.3,36.2298,-112.6926
Horizon Colony,0.2,48.7167,-112.2276
Hidden Lake Colony,3.2,48.5987,-112.6031
Falconaire,163.3,26.5511,-99.1168
Elias-Fela Solis,23.1,26.3856,-98.6235
Rosedale Colony,0.0,43.6267,-97.8754
Los Arrieros,108.7,26.5164,-99.0844
Los Corralitos,58.0,27.6412,-99.5576
Mcconnico,1.4,35.1636,-114.0897
Powder River,0.3,43.0491,-106.9932
Warner Valley,0.0,40.3955,-121.3174
Bowden,26.8,38.9091,-79.709
Rampart,0.0,65.4087,-149.9915
Yznaga,7.1,26.3188,-97.8153
Red Rock Ranch,13.9,35.4242,-108.0262
Kickapoo Site 6,8.0,39.6917,-95.6905
El Mesquite,68.2,26.3847,-98.7716
Thompson Springs,0.0,38.9636,-109.7037
Greenwood Colony,20.4,43.2145,-98.1536
Pistol River,38.1,42.2837,-124.3992
Clary,39.2,39.0254,-78.3647
Kingvale,119.5,39.3204,-120.4387
Chisana,0.0,62.0946,-142.034
Blairsden,19.4,39.7752,-120.6109
Valle Verde,0.0,27.6797,-99.201
Grand Canyon West,0.1,35.9998,-113.8103
Angle Inlet,13.9,49.3465,-95.0732
Beards Fork,76.9,38.0645,-81.2279
Brundage,6.7,28.5739,-99.6702
Silver Lake Colony,0.4,44.8657,-97.6084
Mcgee Creek,0.1,37.5727,-118.791
Mount Wilson,2.2,38.235,-114.4504
Kohatk,77.3,32.5781,-112.0032
Falcon Village,38.9,26.5652,-99.1341
Montréal,4833.5,45.5089,-73.5617
Calgary,1592.4,51.05,-114.0667
Winnipeg,1623.3,49.8844,-97.1464
Quebec City,1214.8,46.8139,-71.2081
Mississauga,2452.5,43.6,-79.65
Brampton,2469.0,43.6833,-79.7667
Kitchener,1877.6,43.4186,-80.4728
Laval,1781.0,45.5833,-73.75
Oshawa,1203.6,43.9,-78.85
Vaughan,1185.9,43.8333,-79.5
Gatineau,851.4,45.4833,-75.65
Saskatoon,1174.7,52.1333,-106.6833
Longueuil,2198.2,45.5333,-73.5167
Burnaby,2750.7,49.2667,-122.9667
St. Catharines,1422.1,43.1833,-79.2333
St. John'S,247.8,47.4817,-52.7971
Kelowna,682.4,49.8881,-119.4956
Sherbrooke,489.4,45.4,-71.9
Sudbury,52.1,46.49,-81.01
Barrie,1493.1,44.3711,-79.6769
Lévis,334.1,46.8,-71.1833
Coquitlam,1216.7,49.2839,-122.7919
Saguenay,128.7,48.4167,-71.0667
Guelph,1644.1,43.55,-80.25
Trois-Rivières,482.1,46.35,-72.55
Whitby,944.1,43.8833,-78.9417
Ajax,1900.6,43.8583,-79.0364
Moncton,564.9,46.1328,-64.7714
Saanich,1136.6,48.484,-123.381
Thunder Bay,332.1,48.3822,-89.2461
Nanaimo,1104.1,49.1642,-123.9364
Brantford,1061.2,43.1667,-80.25
Saint-Jérôme,889.5,45.7833,-74.0
Red Deer,966.5,52.2681,-113.8111
Lethbridge,812.5,49.6942,-112.8328
Kamloops,328.6,50.6761,-120.3408
Saint-Jean-Sur-Richelieu,431.3,45.3167,-73.2667
Cape Breton,38.7,46.1389,-60.1931
Chilliwack,356.6,49.1577,-121.9509
Brossard,2025.3,45.4667,-73.45
Newmarket,2284.1,44.05,-79.4667
Repentigny,1399.6,45.7333,-73.4667
Peterborough,1291.8,44.3,-78.3167
Drummondville,320.7,45.8833,-72.4833
Kawartha Lakes,26.1,44.35,-78.75
New Westminster,5052.4,49.2069,-122.9111
Caledon,111.2,43.8667,-79.8667
Châteauguay,1481.2,45.38,-73.75
Airdrie,878.1,51.2917,-114.0144
Sarnia,439.6,42.9994,-82.3089
Wood Buffalo,1.2,57.6042,-111.3284
Saint John,221.5,45.2806,-66.0761
Welland,686.9,42.9833,-79.2333
St. Albert,1426.4,53.6303,-113.6258
Fredericton,471.3,45.9636,-66.6431
Grande Prairie,483.3,55.1708,-118.7947
Medicine Hat,565.1,50.0417,-110.6775
Halton Hills,227.4,43.63,-79.95
Port Coquitlam,2108.7,49.2625,-122.7811
Mirabel,126.2,45.65,-74.0833
Blainville,1088.2,45.67,-73.88
Lac-Brome,27.3,45.2167,-72.5167
North Vancouver,4913.0,49.3201967175102,-123.069940224484
Saint-Hyacinthe,303.1,45.6167,-72.95
Beloeil,988.8,45.5667,-73.2
Charlottetown,876.6,46.2403,-63.1347
Mascouche,478.8,45.75,-73.6
Stouffville,241.6,43.9667,-79.25
Shawinigan,68.0,46.5667,-72.75
Joliette,931.2,46.0167,-73.45
Rimouski,144.3,48.45,-68.53
Dollard-Des-Ormeaux,3230.2,45.4833,-73.8167
Victoriaville,566.4,46.05,-71.9667
Georgina,165.6,44.3,-79.4333
Langford Station,1124.4,48.4506,-123.5058
Quinte West,94.0,44.1833,-77.5667
Saint-Eustache,642.1,45.57,-73.9
West Vancouver,506.1,49.3667,-123.1667
New Tecumseth,160.5,44.0833,-79.75
Innisfil,165.1,44.3,-79.5833
Vaudreuil-Dorion,595.5,45.4,-74.0333
Bradford West Gwillimbury,213.7,44.1333,-79.6333
Salaberry-De-Valleyfield,394.1,45.25,-74.13
Rouyn-Noranda,7.1,48.2333,-79.0167
Boucherville,587.8,45.6,-73.45
Timmins,13.9,48.4667,-81.3333
Brant,48.3,43.1167,-80.3667
Spruce Grove,1003.3,53.545,-113.9008
Campbell River,246.0,50.0244,-125.2475
Prince Albert,562.1,53.2,-105.75
Penticton,857.3,49.4911,-119.5886
Sorel-Tracy,614.0,46.0333,-73.1167
East Kelowna,295.5,49.8625,-119.5833
East Gwillimbury,141.4,44.1333,-79.4167
Côte-Saint-Luc,4903.7,45.4687,-73.6673
Leduc,806.9,53.2594,-113.5492
Moose Jaw,511.5,50.3933,-105.5519
Port Moody,1297.3,49.2831,-122.8317
Pointe-Claire,1770.9,45.45,-73.8167
Orillia,1171.1,44.6,-79.4167
Fort Erie,197.9,42.9167,-79.0167
Val-D’Or,9.3,48.1,-77.7833
North Cowichan,163.7,48.8236,-123.7192
Lloydminster,655.8,53.2783,-110.005
Chambly,1253.7,45.4311,-73.2873
Centre Wellington,75.9,43.7,-80.3667
Okotoks,788.7,50.725,-113.975
Sainte-Julie,619.6,45.5833,-73.3333
Saint-Constant,524.9,45.37,-73.57
Grimsby,420.4,43.2,-79.55
Magog,196.3,45.2667,-72.15
Boisbriand,1022.9,45.62,-73.83
Dieppe,365.0,46.0989,-64.7242
Conception Bay South,454.9,47.5167,-52.9833
Fort Saskatchewan,479.4,53.7128,-113.2133
Woolwich,82.7,43.5667,-80.4833
Sainte-Thérèse,2798.9,45.6333,-73.85
Clarence-Rockland,89.1,45.4833,-75.2
Saint-Bruno-De-Montarville,613.2,45.5333,-73.35
Thetford Mines,115.4,46.1,-71.3
Quispamsis,329.4,45.4322,-65.9462
Wasaga Beach,433.0,44.5206,-80.0167
Collingwood,748.3,44.5,-80.2167
Sept-Îles,14.1,50.2167,-66.3833
Saint-Lin--Laurentides,203.2,45.85,-73.7667
Strathroy-Caradoc,88.1,42.9575,-81.6167
Squamish,227.5,49.7017,-123.1589
Thorold,285.9,43.1167,-79.2
Amherstburg,128.0,42.1,-83.0833
L’Assomption,237.4,45.8333,-73.4167
Candiac,1331.3,45.38,-73.52
Essa,82.1,44.25,-79.7833
Saint-Lambert,3009.8,45.5,-73.5167
Mount Pearl Park,1436.2,47.5189,-52.8058
Saint-Lazare,334.3,45.4,-74.1333
Owen Sound,892.6,44.5667,-80.9333
Brockville,1057.8,44.5833,-75.6833
Chestermere,675.0,51.05,-113.8225
Port Alberni,928.9,49.2339,-124.805
Springwater,40.5,44.4333,-79.7333
Scugog,45.4,44.09,-78.936
Uxbridge,51.3,44.1167,-79.1333
Fort St. John,656.9,56.2465,-120.8476
Varennes,223.6,45.6833,-73.4333
Oro-Medonte,35.8,44.5667,-79.5833
Mont-Royal,2776.7,45.5161,-73.6431
Baie-Comeau,61.8,49.2167,-68.15
Cobourg,915.7,43.9667,-78.1667
Cranbrook,641.2,49.5097,-115.7667
Yellowknife,196.8,62.4709,-114.4053
South Frontenac,21.3,44.5081,-76.4939
Rivière-Du-Loup,240.2,47.8333,-69.5333
Port Colborne,164.2,42.8833,-79.25
Saint-Augustin-De-Desmaures,232.0,46.7333,-71.4667
Sainte-Marthe-Sur-Le-Lac,2267.4,45.53,-73.93
Westmount,4860.9,45.4833,-73.6
Les Coteaux,485.0,45.28,-74.23
Salmon Arm,125.2,50.7022,-119.2722
Corner Brook,130.7,48.9287,-57.926
New Glasgow,951.3,45.5926,-62.6455
Dorval,923.0,45.45,-73.75
Pitt Meadows,221.7,49.2333,-122.6833
Niagara-On-The-Lake,145.3,43.2553,-79.0717
Colwood,1073.6,48.4236,-123.4958
Middlesex Centre,32.2,43.05,-81.45
Mont-Saint-Hilaire,427.8,45.5622,-73.1917
Camrose,450.5,53.0167,-112.8333
Selwyn,59.0,44.4167,-78.3333
Tillsonburg,838.6,42.8667,-80.7333
Petawawa,110.3,45.9,-77.2833
Stony Plain,507.6,53.5264,-114.0069
Oak Bay,1710.1,48.4264,-123.3228
North Grenville,51.0,44.9667,-75.65
Loyalist,52.4,44.25,-76.75
Deux-Montagnes,2947.8,45.5333,-73.8833
Steinbach,474.1,49.5258,-96.6839
Saint-Colomban,191.4,45.73,-74.13
Miramichi,98.8,47.0196,-65.5072
Esquimalt,2476.7,48.4306,-123.4147
Central Saanich,421.9,48.5142,-123.3839
Sainte-Catherine,1851.4,45.4,-73.58
Saint-Basile-Le-Grand,475.8,45.5333,-73.2833
L’Ancienne-Lorette,2197.0,46.8,-71.35
Swift Current,571.6,50.2881,-107.7939
Edmundston,153.8,47.3765,-68.3253
Yorkton,449.8,51.2139,-102.4628
Bracebridge,25.5,45.0333,-79.3
Canmore,233.5,51.089,-115.359
Bathurst,132.7,47.62,-65.65
Greater Napanee,34.5,44.25,-76.95
Lake Country,129.5,50.0833,-119.4142
Winkler,663.1,49.1817,-97.9397
Saint-Charles-Borromée,827.0,46.05,-73.4667
Cowansville,325.0,45.2,-72.75
Sainte-Anne-Des-Plaines,162.9,45.7617,-73.8204
Gaspé,13.5,48.8333,-64.4833
Sooke,266.6,48.3761,-123.7378
Kenora,70.7,49.7667,-94.4833
Cold Lake,249.7,54.4642,-110.1825
Kentville,388.2,45.0775,-64.4958
Comox,877.7,49.6733,-124.9022
Pincourt,2078.0,45.3833,-73.9833
Mississippi Mills,28.8,45.2167,-76.2
Terrace,209.6,54.5164,-128.5997
Mercier,318.2,45.32,-73.75
West Lincoln,37.4,43.0667,-79.5667
Lavaltrie,211.4,45.8833,-73.2833
West Nipissing / Nipissing Ouest,7.2,46.3667,-79.9167
High River,645.4,50.5808,-113.8744
Lachute,129.8,45.65,-74.3333
Rosemère,1318.7,45.6369,-73.8
Matane,71.5,48.85,-67.5333
Thames Centre,32.2,43.03,-81.08
Powell River,482.4,49.8353,-124.5247
Carleton Place,1259.4,45.1333,-76.1333
Guelph/Eramosa,47.5,43.63,-80.22
Grand Falls,252.6,48.9578,-55.6633
North Battleford,412.4,52.7575,-108.2861
Mont-Laurier,23.3,46.55,-75.5
Central Elgin,49.1,42.7667,-81.1
Mistassini,46.8,48.8229,-72.2154
Saugeen Shores,80.2,44.4333,-81.3667
Ingersoll,1075.3,43.0392,-80.8836
Beauharnois,199.9,45.32,-73.87
South Stormont,30.3,45.0833,-74.9667
Bécancour,30.9,46.3333,-72.4333
Sainte-Sophie,120.2,45.82,-73.9
Val-Des-Monts,30.7,45.65,-75.6667
Saint-Amable,362.3,45.65,-73.3
Portage La Prairie,536.8,49.9728,-98.2919
South Glengarry,21.7,45.2,-74.5833
Sainte-Marie,122.1,46.45,-71.0333
North Perth,26.6,43.73,-80.95
Trent Hills,25.2,44.3142,-77.8514
The Nation / La Nation,19.5,45.35,-75.0333
Amos,29.5,48.5667,-78.1167
Wetaskiwin,671.6,52.9694,-113.3769
West Grey,14.3,44.1833,-80.8167
Warman,948.3,52.3219,-106.5842
Dawson Creek,461.1,55.7606,-120.2356
Gravenhurst,23.8,44.9167,-79.3667
Prince Rupert,186.4,54.3122,-130.3271
Perth East,17.2,43.47,-80.95
North Saanich,329.2,48.6142,-123.42
Prévost,347.2,45.87,-74.08
Sainte-Adèle,100.4,45.95,-74.13
Sainte-Agathe-Des-Monts,86.8,46.05,-74.28
Quesnel,279.8,52.9784,-122.4927
Les Îles-De-La-Madeleine,69.5,47.3833,-61.8667
Taché,20.5,49.7081,-96.6736
Wellington North,22.6,43.9,-80.57
Williams Lake,330.5,52.1294,-122.1383
Gander,113.7,48.9569,-54.6089
Whistler,49.3,50.1208,-122.9544
Tiny,35.0,44.6833,-79.95
Hawkesbury,1009.7,45.6,-74.6
Carignan,189.1,45.45,-73.3
L’Île-Perrot,2130.1,45.3833,-73.95
St. Clements,16.3,50.2689,-96.6742
View Royal,807.6,48.4517,-123.4339
Montmagny,91.1,46.9833,-70.55
Cantley,90.8,45.5667,-75.7833
Notre-Dame-De-L'Île-Perrot,407.3,45.3667,-73.9333
Kincardine,21.2,44.1667,-81.6333
Elliot Lake,16.3,46.3833,-82.65
Bromont,99.6,45.3167,-72.65
Arnprior,738.5,45.4333,-76.35
North Dundas,22.4,45.0833,-75.35
Wellesley,40.5,43.55,-80.7167
Georgian Bluffs,18.5,44.65,-81.0333
Weyburn,579.1,49.6611,-103.8525
La Tuque,0.4,48.0652,-74.0528
Meaford,18.7,44.58,-80.73
Adjala-Tosorontio,29.5,44.1333,-79.9333
Hamilton Township,42.7,44.054,-78.2164
Estevan,592.9,49.1392,-102.9861
South Dundas,20.8,44.9167,-75.2667
Lambton Shores,32.1,43.1833,-81.9
North Dumfries,56.5,43.32,-80.38
Martensville,777.9,52.2897,-106.6667
Rawdon,55.7,46.05,-73.7167
Morinville,931.0,53.8022,-113.6497
Blackfalds,567.3,52.3833,-113.8
Selkirk,413.4,50.1436,-96.8839
Saint-Félicien,28.3,48.65,-72.45
Roberval,66.8,48.52,-72.23
Rideau Lakes,14.0,44.6667,-76.2167
Sechelt,212.9,49.4742,-123.7542
Bois-Des-Filion,2327.8,45.6667,-73.75
North Glengarry,15.7,45.3333,-74.7333
South Huron,23.4,43.32,-81.5
Marieville,160.8,45.4333,-73.1667
Penetanguishene,396.4,44.7667,-79.9333
Tay,72.1,44.7167,-79.7667
Castlegar,408.6,49.3256,-117.6661
Cavan Monaghan,32.7,44.2,-78.4667
Morden,609.6,49.1919,-98.1006
Temiskaming Shores,55.7,47.5167,-79.6833
Saint-Sauveur,206.8,45.9,-74.17
Grey Highlands,11.1,44.3333,-80.5
East St. Paul,232.7,49.9772,-97.0103
Stoneham-Et-Tewkesbury,14.5,47.1667,-71.4333
Alfred And Plantagenet,24.7,45.5667,-74.9167
Mont-Tremblant,40.5,46.1167,-74.6
Saint-Zotique,384.0,45.25,-74.25
Saint-Raymond,14.3,46.9,-71.8333
Gibsons,1066.0,49.4028,-123.5036
Elizabethtown-Kitley,17.2,44.7,-75.8833
Smiths Falls,909.1,44.9,-76.0167
Ramara,22.7,44.6333,-79.2167
Notre-Dame-Des-Prairies,523.2,46.05,-73.4333
Leeds And The Thousand Islands,15.1,44.45,-76.08
Laurentian Valley,17.5,45.7681,-77.2239
Mono,33.8,44.0167,-80.0667
Sainte-Julienne,94.0,45.97,-73.72
Qualicum Beach,517.5,49.35,-124.4333
Malahide,23.5,42.7928,-80.9361
Oromocto,411.0,45.8488,-66.4788
Whitecourt,386.0,54.1417,-115.6833
Huron East,13.8,43.63,-81.28
Beckwith,37.7,45.0833,-76.0667
Labrador City,186.0,52.95,-66.9167
Shelburne,907.1,44.0833,-80.2
Taber,537.9,49.7847,-112.1508
Donnacona,357.6,46.6747,-71.7294
Corman Park No. 344,4.7,52.2291,-106.8002
L’Epiphanie,157.0,45.8482664184978,-73.506054079174
West Perth,15.3,43.47,-81.2
Pont-Rouge,72.0,46.75,-71.7
Champlain,42.0,45.5333,-74.65
Coaticook,39.6,45.1333,-71.8
La Pêche,15.0,45.6833,-75.9833
Shediac,123.5,46.2167,-64.5333
Otterburn Park,1578.2,45.5333,-73.2167
Sainte-Brigitte-De-Laval,78.1,47.0,-71.2
Sainte-Catherine-De-La-Jacques-Cartier,69.9,46.85,-71.6167
South Bruce Peninsula,15.8,44.7333,-81.2
Portugal Cove-St. Philip'S,146.1,47.6272,-52.8506
Delson,1089.6,45.37,-73.55
Plympton-Wyoming,26.1,43.0167,-82.0833
Banff,1646.0,51.1781,-115.5719
Kapuskasing,98.3,49.4167,-82.4333
La Malbaie,18.0,47.65,-70.15
Boischatel,404.3,46.9,-71.15
Beauport,132.2,46.9667,-71.3
Zorra,15.4,43.15,-80.95
Kitimat,34.7,54.0,-128.7
Macdonald,7.0,49.6725,-97.4472
Saint-Hippolyte,67.0,45.93,-74.02
Old Chelsea,71.0,45.5,-75.7833
Drumheller,73.9,51.4636,-112.7194
Kirkland Lake,30.4,48.15,-80.0333
Aylmer,1197.6,42.7667,-80.9833
Saint-Apollinaire,82.3,46.6167,-71.5167
Puslinch,37.0,43.45,-80.1667
Torbay,225.0,47.65,-52.7333
Innisfail,404.6,52.0333,-113.95
Nicolet,81.5,46.2167,-72.6167
Drummond/North Elmsley,21.2,44.9667,-76.2
Contrecoeur,102.2,45.85,-73.2333
Iqaluit,147.4,63.7598,-68.5107
Fort Frances,303.4,48.6167,-93.4
Goderich,882.8,43.7333,-81.7
La Sarre,51.9,48.8,-79.2
Stone Mills,10.9,44.45,-76.9167
South-West Oxford,20.7,42.95,-80.8
Acton Vale,84.2,45.65,-72.5667
Douro-Dummer,16.6,44.45,-78.1
Saint-Philippe,122.6,45.35,-73.47
Mcnab/Braeside,29.7,45.45,-76.5
Central Huron,16.9,43.63,-81.57
Rigaud,74.1,45.4833,-74.3
Louiseville,120.1,46.25,-72.95
Chibougamau,10.7,49.9167,-74.3667
Coteau-Du-Lac,159.4,45.3,-74.18
Ritchot,22.5,49.6647,-97.1167
Kimberley,122.5,49.6697,-115.9775
Blandford-Blenheim,19.4,43.2333,-80.6
Bayham,30.2,42.7333,-80.7833
The Pas,115.3,53.825,-101.2533
Saint-Rémi,92.2,45.2667,-73.6167
Drayton Valley,235.5,53.2222,-114.9769
Ponoka,417.1,52.6833,-113.5667
Les Cèdres,92.5,45.3,-74.05
Baie-Saint-Paul,13.1,47.45,-70.5
East Zorra-Tavistock,29.4,43.2333,-80.7833
Asbestos,239.1,45.7667,-71.9333
Otonabee-South Monaghan,20.5,44.2333,-78.2333
Huron-Kinloss,16.0,44.05,-81.5333
Saint-Joseph-Du-Lac,170.6,45.5333,-74.0
Plessisville,1546.0,46.2167,-71.7833
The Blue Mountains,24.5,44.4833,-80.3833
Whitewater Region,13.0,45.7167,-76.8333
Edwardsburgh/Cardinal,22.3,44.8333,-75.5
Sainte-Anne-Des-Monts,26.3,49.1333,-66.5
Bay Roberts,249.9,47.5847,-53.2783
Wainfleet,31.7,42.925,-79.375
North Stormont,13.3,45.2167,-75.0
Alnwick/Haldimand,17.25,44.0833,-78.0333
Peace River,260.6,56.2339,-117.2897
Saint-Lambert-De-Lauzon,63.9,46.5865,-71.2271
Arran-Elderslie,14.8,44.4,-81.2
Parry Sound,478.2,45.3333,-80.0333
Val-Shefford,56.7,45.35,-72.5667
Slave Lake,460.5,55.2853,-114.7706
Port-Cartier,6.0,50.0333,-66.8667
Rocky Mountain House,521.8,52.3753,-114.9217
Muskoka Falls,8.3,45.1264,-79.558
Saint-Paul,133.7,45.9833,-73.45
Saint-Honoré,33.7,48.5333,-71.0833
Beaubassin East / Beaubassin-Est,21.9,46.1726,-64.3122
Bonnyville,421.4,54.2667,-110.75
Cramahe,31.4,44.0833,-77.8833
Beauceville,37.9,46.2,-70.7833
North Middlesex,10.6,43.15,-81.6333
Beaupré,163.4,47.05,-70.9
Charlemagne,2906.2,45.7167,-73.4833
Clarenville,44.7,48.1566,-53.965
Mont-Joli,272.6,48.58,-68.18
Pointe-Calumet,1367.7,45.5,-73.97
Dysart Et Al,4.2,45.2042,-78.4047
Carbonear,411.5,47.7375,-53.2294
L'Ange-Gardien,28.2,45.5833,-75.45
Hindon Hill,6.9,44.9333,-78.7333
La Broquerie,10.5,49.3994,-96.5103
Tweed,6.3,44.6,-77.3333
Oliver Paipoonge,17.2,48.39,-89.52
Saint-Félix-De-Valois,68.6,46.17,-73.43
Melfort,405.4,52.8564,-104.61
Stettler,453.0,52.3236,-112.7192
Mcmasterville,1904.0,45.55,-73.2333
Saint-Calixte,41.4,45.95,-73.85
Lac-Mégantic,272.5,45.5833,-70.8833
Saint-Henri,47.4,46.7,-71.0667
Verchères,79.3,45.7833,-73.35
Richelieu,185.4,45.45,-73.25
Southwest Middlesex,13.4,42.75,-81.7
Front Of Yonge,20.3,44.5333,-75.8667
Vegreville,405.4,53.4928,-112.0522
Saint-Césaire,68.1,45.4167,-73.0
Tay Valley,10.3,44.8667,-76.3833
South Bruce,11.6,44.0333,-81.2
Antigonish,871.7,45.6167,-61.9833
Crowsnest Pass,15.0,49.5955,-114.5136
Redcliff,345.5,50.0792,-110.7783
Val-David,130.3,46.03,-74.22
Fernie,388.8,49.5042,-115.0628
Notre-Dame-Du-Mont-Carmel,42.6,46.4833,-72.65
Sainte-Martine,86.4,45.25,-73.8
Saint-Roch-De-L'Achigan,68.1,45.85,-73.6
Saint-Pie,49.9,45.5,-72.9
Ashfield-Colborne-Wawanosh,9.2,43.8667,-81.6
Trent Lakes,6.3,44.6667,-78.4333
Northern Rockies,0.063,59.0,-123.75
Gananoque,733.6,44.33,-76.17
Tracadie,217.0,47.5143142815185,-64.918859562748
Lanark Highlands,5.1,45.088,-76.517
Sackville,71.9,45.9,-64.3667
La Ronge,163.9,55.1,-105.3
Marystown,85.8,47.1667,-55.1667
Sioux Lookout,13.9,50.1,-91.9167
Didsbury,321.7,51.6658,-114.1311
Flin Flon,448.9,54.7667,-101.8778
Brokenhead,6.8,50.1428,-96.5319
Montréal-Ouest,3737.9,45.4536,-73.6472
Spallumcheen,20.0,50.4462,-119.2121
Westlock,381.4,54.1522,-113.8511
Témiscouata-Sur-Le-Lac,23.3,47.68,-68.88
Osoyoos,598.2,49.0325,-119.4661
Saint Marys,6.8,46.1748,-66.4897
Hearst,51.5,49.6869,-83.6544
Metchosin,72.8,48.3819,-123.5378
Wolfville,649.8,45.0833,-64.3667
Breslau,928.8,43.4816,-80.408
Memramcook,26.9,46.0,-64.55
Sainte-Anne-De-Bellevue,480.8,45.4039,-73.9525
Stirling-Rawdon,17.8,44.3667,-77.5917
Mont-Orford,36.8,45.3661,-72.1838
Ste. Anne,10.5,49.6186,-96.5708
Espanola,60.3,46.25,-81.7667
West Elgin,15.5,42.5833,-81.6667
Flin Flon (Part),359.2,54.7712,-101.8419
Grand Bay-Westfield,83.0,45.3608,-66.2415
East Ferris,32.6,46.2667,-79.3
Neepawa,206.5,50.2289,-99.4656
North Huron,27.6,43.83,-81.42
Saint-Germain-De-Grantham,56.3,45.8333,-72.5667
Saint-Cyrille-De-Wendover,44.6,45.9333,-72.4333
Chisasibi,5.9,53.6645,-78.7938
Southwold,16.1,42.75,-81.3167
Chertsey,16.8,46.17,-73.92
Shippagan,23.1,47.8557,-64.6012
Lanoraie,46.4,45.9667,-73.2167
Centre Hastings,20.4,44.4167,-77.4417
Coverdale,20.2,46.0003,-64.8859
Hanwell,31.2,45.8681,-66.7947
Napierville,796.6,45.1833,-73.4
Saint-Joseph-De-Beauce,42.6,46.3,-70.8833
Lucan Biddulph,27.8,43.2,-81.3833
Berthierville,596.8,46.0833,-73.1833
Rivière-Rouge,10.2,46.4167,-74.8667
Greenstone,1.7,50.0,-86.7333
Kindersley,347.5,51.4678,-109.1567
Saint-Denis-De-Brompton,65.4,45.45,-72.0833
Barrhead,560.4,54.1167,-114.4
Amqui,111.1,48.4667,-67.4333
Saint-Mathias-Sur-Richelieu,96.6,45.4667,-73.2667
Tyendinaga,14.5,44.3,-77.2
Iroquois Falls,7.6,48.7667,-80.6667
Havelock-Belmont-Methuen,8.3,44.5667,-77.9
Cornwallis,9.0,49.7981,-99.8481
Saint-Boniface,41.4,46.5,-72.8167
Westbank,101.7,49.8423,-119.6743
Edenwold No. 158,5.3,50.5166,-104.3451
Vanderhoof,81.0,54.0143,-124.0089
Château-Richer,19.3,46.9667,-71.0167
Saint Stephen,326.6,45.2,-67.2833
Nipawin,505.0,53.3572,-104.0192
Battleford,189.2,52.7383,-108.3153
Montréal-Est,361.6,45.63,-73.52
Central Frontenac,4.3,44.7167,-76.8
Saint-Antonin,24.7,47.7667,-69.4833
Saint-Jean-De-Matha,39.6,46.23,-73.53
Headingley,40.3,49.8681,-97.3908
La Pocatière,196.3,47.3667,-70.0333
Bowen Island,84.9,49.3833,-123.3833
Caraquet,62.1,47.7853,-64.9592
Roxton Pond,43.3,45.4833,-72.6667
Saint-Étienne-Des-Grès,40.2,46.4333,-72.7667
New Maryland,195.4,45.8911,-66.6847
Port Hardy,106.7,50.7225,-127.4928
Saint-Donat,11.7,46.3167,-74.2167
Madawaska Valley,6.1,45.5,-77.6667
Asphodel-Norwood,25.5,44.3531,-78.0183
Métabetchouan-Lac-À-La-Croix,21.9,48.4333,-71.8667
Maniwaki,677.7,46.375,-75.9667
Hastings Highlands,4.2,45.2333,-77.9333
Carstairs,342.1,51.5619,-114.0953
Channel-Port Aux Basques,104.9,47.5694,-59.1361
Lac-Etchemin,25.8,46.4,-70.5
Saint-Jacques,59.7,45.95,-73.5667
Swan River,560.4,52.1058,-101.2667
Stellarton,445.6,45.5567,-62.66
Northern Bruce Peninsula,5.1,45.08,-81.38
L’Islet-Sur-Mer,33.3,47.1,-70.35
Carleton-Sur-Mer,18.0,48.1,-66.1333
Sparwood,19.4,49.7331,-114.8853
Oka,69.6,45.47,-74.08
Callander,38.5,46.1781,-79.4125
Amaranth,15.0,43.9833,-80.2333
Marmora And Lake,7.1,44.6425,-77.7372
Morin-Heights,69.5,45.9,-74.25
Simonds,13.9,45.3145,-65.803
Saint-Tite,41.9,46.7333,-72.5667
Howick,13.4,43.9,-81.07
Dutton/Dunwich,13.1,42.6667,-81.5
Perth South,9.7,43.3,-81.15
Claresholm,465.9,50.0194,-113.5783
Baie-D’Urfé,623.9,45.4167,-73.9167
Saint-André-Avellin,27.2,45.7167,-75.0667
Saint-Ambroise-De-Kildare,55.3,46.0833,-73.55
East Angus,472.7,45.4833,-71.6667
Rossland,62.4,49.0786,-117.7992
Mackenzie,22.6,55.3381,-123.0944
Saint-Adolphe-D'Howard,26.6,45.97,-74.33
Bonnechere Valley,6.2,45.5333,-77.1
Pincher Creek,361.1,49.4861,-113.95
Alnwick,5.4,47.2656,-65.2292
Saint-Prosper,27.0,46.2167,-70.4833
Crossfield,302.7,51.4333,-114.0333
Ormstown,25.2,45.13,-74.0
Cardston,417.5,49.2025,-113.3019
De Salaberry,5.3,49.4403,-96.9844
Grande Cache,102.1,53.8773,-119.1199
Saint-Agapit,54.5,46.5667,-71.4333
Saint-Ambroise,23.5,48.55,-71.3333
Hay River,26.5,60.7531,-115.9004
Mistissini,4.1,50.5707,-73.6829
Studholm,7.8,45.8133,-65.5747
Lorette,743.8,49.7414,-96.8761
Saint-Faustin--Lac-Carré,28.8,46.0813,-74.4668
Morris-Turnberry,9.1,43.85,-81.25
Saint-Pascal,58.8,47.5333,-69.8
Mulmur,12.1,44.1917,-80.1083
Blind River,6.6,46.1833,-82.95
Dunham,17.8,45.1333,-72.8
High Level,108.2,58.5169,-117.1361
Havre-Saint-Pierre,1.2,50.2333,-63.6
Saint-Anselme,46.9,46.6333,-70.9667
Trois-Pistoles,450.9,48.12,-69.18
Grande-Rivière,39.5,48.4,-64.5
Malartic,23.2,48.1333,-78.1333
Bonavista,109.4,48.6597,-53.1208
Prince Albert No. 461,3.4,53.1089,-105.6574
Saint-Maurice,37.6,46.4667,-72.5333
Killarney - Turtle Mountain,3.7,49.1775,-99.6906
Lewisporte,92.4,49.23,-55.07
Invermere,315.9,50.5083,-116.0303
Bifrost-Riverton,2.1,51.0603,-97.1436
Ascot Corner,41.3,45.45,-71.7667
Cartier,6.1,49.9161,-97.7
Fossambault-Sur-Le-Lac,202.6,46.8667,-71.6167
Sainte-Anne-Des-Lacs,135.8,45.85,-74.1333
Saint-Sulpice,92.9,45.8333,-73.35
Penhold,619.9,52.1333,-113.8667
Powassan,15.0,46.0825,-79.3619
Highlands East,4.7,44.9667,-78.25
Saint-Alphonse-De-Granby,66.7,45.3333,-72.8167
Sainte-Claire,37.8,46.6,-70.8667
Ellison,40.6,49.9646,-119.3178
Percé,7.7,48.5333,-64.2167
Saint-Jean-Port-Joli,47.9,47.2167,-70.2667
East Hawkesbury,14.0,45.5167,-74.4667
Buckland No. 491,4.2,53.3276,-105.7804
Saint-André-D'Argenteuil,33.5,45.5667,-74.3333
Saint-Côme--Linière,21.8,46.0667,-70.5167
Shuniah,5.7,48.5833,-88.8333
Inuvik,51.9,68.3407,-133.6096
Lake Cowichan,369.6,48.8258,-124.0542
Saint-Gabriel-De-Valcartier,7.5,46.9333,-71.4667
Gibbons,340.1,53.8278,-113.3228
Sables-Spanish Rivers,3.9,46.2333,-82.0
Hillsburg-Roblin-Shell River,1.9,51.3343,-101.2929
Port Hawkesbury,396.6,45.6153,-61.3642
Three Hills,475.7,51.7072,-113.2647
Paspebiac,33.8,48.0333,-65.25
Saint-Thomas,33.6,46.0167,-73.35
Saint-Jean-Baptiste,44.3,45.5167,-73.1167
Portneuf,29.1,46.7,-71.8833
Pictou,397.6,45.6814,-62.7119
Tisdale,491.5,52.85,-104.05
Lake Of Bays,4.7,45.3043,-79.018
Bishops Falls,112.2,49.0167,-55.5167
Westlake-Gladstone,1.7,50.2862,-98.8415
Normandin,14.8,48.8333,-72.5333
Saint-Alphonse-Rodriguez,32.0,46.1833,-73.7
Beauséjour,584.4,50.0622,-96.5161
Dalhousie,205.3,48.1,-66.6167
Val-Morin,79.7,46.0,-74.18
Lac Du Bonnet,2.8,50.2577,-96.1209
Saint-Christophe-D'Arthabaska,45.1,46.0333,-71.8833
Mont-Saint-Grégoire,38.8,45.3333,-73.1667
Thurso,463.8,45.5969,-75.2433
Saint-Gabriel,1012.3,46.3,-73.3833
Merrickville,14.3,44.8539,-75.8269
Saint-Liboire,41.9,45.65,-72.7667
Dégelis,5.5,47.55,-68.65
Saint-Alexis-Des-Monts,2.9,46.4667,-73.1333
Cap-Saint-Ignace,14.6,47.0333,-70.4667
Fort Macleod,126.8,49.7256,-113.3975
Enderby,695.8,50.5508,-119.1397
Saint-Anaclet-De-Lessard,23.9,48.48,-68.42
Stoke,11.8,45.5333,-71.8
Adelaide-Metcalfe,9.1,42.95,-81.7
Melancthon,9.7,44.15,-80.2667
Cap Santé,54.7,46.6667,-71.7833
Saint-David-De-Falardeau,7.5,48.6167,-71.1167
Harbour Grace,88.8,47.6917,-53.2167
Athabasca,168.0,54.7197,-113.2856
Saint-Ferréol-Les-Neiges,35.6,47.1167,-70.85
Laurentian Hills,4.6,46.1333,-77.55
Grand Valley,18.7,43.95,-80.3667
Senneterre,0.2,48.3833,-77.2333
Saint-Mathieu-De-Beloeil,74.9,45.5667,-73.2
Sainte-Marie-Madeleine,57.7,45.6,-73.1
Admaston/Bromley,5.6,45.5292,-76.8969
North Algona Wilberforce,7.7,45.6167,-77.2
Errington,105.9,49.2874,-124.3433
Wawa,7.0,47.9931,-84.7736
Sainte-Mélanie,38.1,46.1333,-73.5167
Saint-Paul-D'Abbotsford,36.3,45.4333,-72.8833
Saint-Michel,48.2,45.2333,-73.5667
Botwood,191.0,49.15,-55.3667
Coalhurst,931.3,49.7457,-112.9319
Saint-Marc-Des-Carrières,172.0,46.6833,-72.05
Stanstead,125.8,45.0167,-72.1
Sainte-Anne-De-Beaupré,45.6,47.0167,-70.9333
Sainte-Luce,39.0,48.55,-68.38
Saint-Joseph-De-Sorel,1164.5,46.0446,-73.1308
Rankin Inlet,140.4,62.83,-92.1321
Kingsclear,18.9,45.8796,-66.8695
La Loche,181.3,56.4833,-109.4333
Ferme-Neuve,3.6,46.7,-75.45
Yamachiche,26.4,46.2667,-72.8333
Adstock,9.7,46.05,-71.08
Cowichan Bay,104.5,48.7666,-123.6743
Vanscoy No. 345,3.3,52.0073,-107.0552
Enniskillen,8.3,42.8167,-82.125
Bonaventure,26.6,48.05,-65.4833
Pohénégamook,8.1,47.4667,-69.2167
Saint-Isidore,53.0,45.3,-73.68
Arviat,20.1,61.0996,-94.1688
Sainte-Marguerite-Du-Lac-Masson,30.0,46.056,-74.0723
Saint-Prime,18.7,48.58,-72.33
Kuujjuaq,9.4,58.1429,-68.3742
Atikokan,8.6,48.75,-91.6167
Grenville-Sur-La-Rouge,8.7,45.65,-74.6333
North Cypress-Langford,1.6,49.9969,-99.3982
Saint-Dominique,38.9,45.5667,-72.85
Macamic,13.5,48.75,-79.0
Sainte-Anne-De-Sorel,75.0,46.05,-73.0667
Sundre,245.6,51.7972,-114.6406
Grimshaw,383.4,56.1908,-117.6117
Lac-Des-Écorces,18.8,46.55,-75.35
Markstay,5.4,46.4912,-80.4717
Northeastern Manitoulin And The Islands,5.5,45.9667,-81.9333
Pelican Narrows,295.0,55.1883,-102.9342
Mcdougall,10.1,45.45,-80.0167
Saint-Pamphile,19.6,46.9667,-69.7833
Weedon-Centre,12.4,45.7,-71.4667
Lacolle,54.0,45.0833,-73.3667
Saint-Gabriel-De-Brandon,26.8,46.2667,-73.3833
French River / Rivière Des Français,3.6,46.1667,-80.5
Spaniards Bay,40.4,47.6181,-53.3369
Cocagne,66.78,46.3406,-64.62
Pilot Butte,462.3,50.4667,-104.4167
Saint-Bruno,33.8,48.4667,-71.65
Laurier-Station,219.3,46.5333,-71.6333
Saint-Anicet,19.4,45.12,-74.35
Cap-Chat,14.4,49.1,-66.6833
Sexsmith,197.9,55.3508,-118.7825
Notre-Dame-De-Lourdes,72.6,46.1,-73.4333
Ville-Marie,424.8,47.3333,-79.4333
Wickham,26.2,45.75,-72.5
Shippegan,257.6,47.7439,-64.7178
East Garafraxa,15.5,43.85,-80.25
Rimbey,225.1,52.6333,-114.2167
High Prairie,355.3,55.4325,-116.4861
Turner Valley,442.1,50.6739,-114.2786
Neuville,162.5,46.7,-71.5833
Maria,26.7,48.1667,-65.9833
Saint-Chrysostome,25.2,45.1,-73.7667
Greater Madawaska,2.4,45.2722,-76.8589
Saint-Damase,31.7,45.5333,-73.0
Disraeli,362.1,45.9,-71.35
Meadow Lake No. 588,0.4,54.1213,-108.2837
Elkford,24.6,50.0214,-114.9158
Georgian Bay,4.6,44.9833,-79.8167
Saint-Alexandre,32.8,45.2333,-73.1167
Hérbertville,9.5,48.3473,-71.6784
Moosomin,327.5,50.142,-101.67
North Kawartha,3.2,44.75,-78.1
Sainte-Thècle,11.6,46.8167,-72.5
Fermont,5.2,52.7833,-67.0833
Esterhazy,520.9,50.65,-102.0667
La Présentation,26.1,45.6667,-73.05
Beaverlodge,430.5,55.2094,-119.4292
Sainte-Catherine-De-Hatley,28.5,45.25,-72.05
Saint-Basile,25.1,46.75,-71.8167
Saint-Raphaël,20.3,46.8,-70.75
Saint-Martin,20.8,45.9667,-70.65
Causapscal,15.2,48.3667,-67.2333
Brigham,28.2,45.25,-72.85
Sainte-Victoire-De-Sorel,32.6,45.95,-73.0833
Port-Daniel--Gascons,8.1,48.1833,-64.9667
Rosetown,201.9,51.55,-107.9833
Minnedosa,161.1,50.2453,-99.8428
Black River-Matheson,2.1,48.5333,-80.4667
Saint-Michel-Des-Saints,4.9,46.6833,-73.9167
Dufferin,2.7,49.5319,-98.07
Saint-Victor,20.2,46.15,-70.9
Sicamous,192.0,50.8378,-118.9703
Cap Pele,103.8,46.2172,-64.2822
Kelsey,2.8,53.7356,-101.395
"Killaloe, Hagarty And Richards",6.1,45.6,-77.5
Alvinston,7.7,42.8489,-81.9049
Saint-Éphrem-De-Beauce,20.2,46.0516,-70.9374
Léry,230.7,45.35,-73.8
Assiniboia,630.3,49.6167,-105.9833
Tumbler Ridge,1.3,55.1333,-121.0
Témiscaming,3.3,46.7167,-79.1
Magrath,396.4,49.4239,-112.8683
Sainte-Geneviève-De-Berthier,35.5,46.0833,-73.2167
Logy Bay-Middle Cove-Outer Cove,139.1,47.63,-52.68
Buctouche,130.5,46.4719,-64.7249
Grand Manan,15.8,44.69,-66.82
Sainte-Madeleine,439.8,45.6,-73.1
Anmore,85.6,49.3144,-122.8564
Sainte-Croix,33.8,46.62,-71.73
Algonquin Highlands,2.3,45.4,-78.75
Valcourt,467.3,45.5,-72.3167
Gimli,938.0,50.6330912150395,-96.9923294282923
Saint-Mathieu,74.5,45.3167,-73.5164
Paquetville,10.6,47.6334,-65.1803
Addington Highlands,1.7,45.0,-77.25
Lillooet,84.4,50.6864,-121.9364
Burin,67.8,47.05,-55.18
Grand Bank,136.1,47.1,-55.7833
Rosthern No. 403,2.4,52.6206,-106.3967
Mansfield-Et-Pontefract,4.8,45.8611,-76.7392
Saint-Denis,26.9,45.7833,-73.15
Saint-Gédéon-De-Beauce,11.6,45.85,-70.6333
Saint-Léonard-D'Aston,27.5,46.1,-72.3667
Fort-Coulonge,462.4,45.85,-76.7333
Albanel,11.4,48.8833,-72.45
Pessamit,8.8,49.0485,-68.6814
Logan Lake,7.0,50.4911,-120.8153
Maskinongé,30.2,46.2333,-73.0167
Saint-Charles-De-Bellechasse,24.1,46.7667,-70.95
Fogo Island,9.4,49.6667,-54.1833
Neebing,2.6,48.1833,-89.4667
Port Mcneill,149.9,50.5903,-127.0847
East Broughton,255.3,46.2167,-71.0667
Saint-Polycarpe,31.8,45.3,-74.3
Deschambault,17.8,46.6436,-72.0236
Canora,303.7,51.6339,-102.4369
Upper Miramichi,1.2,46.5254,-66.2085
Tofino,183.1,49.1275,-125.8852
Hardwicke,7.9,47.0208,-65.0302
Wendake,1262.0,46.8693,-71.3628
Saint-Côme,13.5,46.27,-73.78
Waskaganish,4.4,51.3674,-78.7069
Twillingate,85.3,49.6444,-54.7436
Saint-Quentin,517.2,47.5135,-67.3921
Lebel-Sur-Quévillon,53.8,49.05,-76.9833
Nanton,447.8,50.3494,-113.7717
Pierreville,27.8,46.0667,-72.8167
New-Wes-Valley,16.3,49.15,-53.5833
Pennfield Ridge,6.0,45.1924,-66.6858
Northesk,0.6,47.2569,-66.2613
West Interlake,1.3,50.9837,-98.3572
Biggar,137.2,52.059,-107.979
Maple Creek,471.3,49.9167,-109.4667
Wabana,148.0,47.65,-52.9333
Saint-Gilles,12.1,46.5167,-71.3667
Saint-Bernard,23.7,46.5,-71.1333
Sainte-Cécile-De-Milton,29.1,45.4833,-72.75
Saint-Roch-De-Richelieu,60.9,45.8833,-73.1667
Burns Lake,269.8,54.2292,-125.7625
Saint-Nazaire,14.6,48.5833,-71.5333
Westfield Beach,7.2,45.3432,-66.2868
Saltair,311.7,48.9504,-123.7637
Saint-Elzéar,24.1,46.4,-71.0667
Hinchinbrooke,14.1,45.05,-74.1
Dundurn No. 314,2.6,51.8261,-106.5416
Saint-François-Xavier-De-Brompton,21.5,45.5333,-72.05
Papineauville,34.3,45.6167,-75.0167
Saint-Ignace-De-Loyola,57.7,46.0667,-73.1333
Central Manitoulin,4.8,45.7167,-82.2
Glovertown,29.6,48.6667,-54.05
Tofield,253.4,53.3703,-112.6667
Madoc,7.9,44.5833,-77.5167
Sainte-Anne-De-Sabrevois,46.3,45.2,-73.2167
Sainte-Anne-De-La-Pérade,18.8,46.5833,-72.2
Saint-Damien-De-Buckland,25.2,46.6333,-70.6667
Baker Lake,11.4,64.3287,-96.0308
Saint-Ferdinand,15.1,46.1,-71.5667
Pouch Cove,35.4,47.767,-52.767
Britannia No. 502,2.3,53.4236,-109.7772
Saint-Fulgence,5.9,48.45,-70.9
Digby,654.6,44.6222,-65.7606
Manouane,258.4,47.2091,-74.3833
Saint-Gervais,23.1,46.7167,-70.8833
Saint-Alexandre-De-Kamouraska,18.4,47.6817,-69.625
Saint-Marc-Sur-Richelieu,33.8,45.6833,-73.2
Caplan,23.7,48.1,-65.6833
Allardville,3.1,47.4321,-65.4383
Saint-Damien,7.9,46.33,-73.48
Lac-Nominingue,6.6,46.4,-75.0333
Obedjiwan,234.4,48.6686,-74.9289
Rama,3087.3,51.7578,-103.0008
Deloraine-Winchester,2.0,49.1775,-100.4322
Oakland-Wawanesa,2.9,49.6208,-99.8481
Brenda-Waskada,0.9,49.1775,-100.7019
Russell-Binscarth,4.3,50.7272,-101.3689
Ellice-Archie,0.8,50.3239,-101.2729
Souris-Glenwood,4.4,49.6208,-100.2581
Wallace-Woodworth,1.5,49.9156,-100.9389
Lorne,3.3,49.4436,-98.7494
Yellowhead,1.8,50.4847,-100.4828
Swan Valley West,1.6,51.9978,-101.3944
Grey,2.8,49.7094,-98.0736
Gilbert Plains,1.4,51.1547,-100.4381
Norfolk-Treherne,2.4,49.6653,-98.5967
Emerson-Franklin,2.6,49.1333,-97.0331
Sifton,2.6,49.6653,-100.6678
Grassland,1.2,49.4306,-100.3103
Ste. Rose,2.7,51.0222,-99.4306
Cartwright-Roblin,1.8,49.1331,-99.2797
Mossey River,1.0,51.755,-99.9664
Riding Mountain West,0.9,50.8347,-101.0961
Clanwilliam-Erickson,2.5,50.5061,-99.8156
Glenboro-South Cypress,1.4,49.665,-99.3708
North Norfolk,3.3,49.9308,-98.8356
Reinland,6.2,49.1331,-97.5942
Minitonas-Bowsman,1.4,52.1433,-100.9772
Kippens,140.3,48.5492,-58.6236
Saint-Gédéon,31.5,48.5,-71.7667
Lumby,379.5,50.2494,-118.9656
Kingsey Falls,28.7,45.85,-72.0667
Provost,423.0,52.3539,-110.2686
Saint-Charles,11.4,46.6692,-65.0184
Swift Current No. 137,1.8,50.2211,-107.8559
Blucher,2.5,52.0134,-106.2176
L'Ascension-De-Notre-Seigneur,15.0,48.7,-71.6833
Bow Island,341.6,49.8667,-111.3667
Barraute,4.0,48.4333,-77.6333
One Hundred Mile House,37.2,51.6413,-121.3127
Saint-Liguori,39.1,46.0167,-73.5667
Saint-Patrice-De-Sherrington,21.3,45.1667,-73.5167
Fox Creek,159.4,54.395,-116.8092
Lumsden No. 189,2.4,50.6734,-104.7686
Dawn-Euphemia,4.4,42.7,-82.0167
Chapleau,138.2,47.8333,-83.4
Saint-Esprit,36.4,45.9,-73.6667
Mashteuiatsh,134.9,48.569,-72.2495
Saint-François-Du-Lac,30.4,46.0667,-72.8333
Petit Rocher,432.2,47.7839,-65.7159
Eel River Crossing,29.8,48.0125,-66.4208
Millet,522.9,53.0978,-113.4728
Ucluelet,264.5,48.9358,-125.5433
Vallée-Jonction,76.6,46.3667,-70.9167
Manitouwadge,5.5,49.1333,-85.8333
Frontenac Islands,10.9,44.2,-76.3833
Point Edward,585.0,42.9931,-82.4083
Picture Butte,639.7,49.8731,-112.78
Manners Sutton,3.7,45.6417,-67.0609
Fort Qu’Appelle,363.2,50.7667,-103.7833
Vulcan,302.3,50.4,-113.25
Chetwynd,181.7,55.6972,-121.6333
Wabush,41.2,52.9081,-66.869
Saint-Fabien,15.9,48.3,-68.87
Harrison Hot Springs,347.3,49.3,-121.7819
North Frontenac,1.6,44.95,-76.9
Lac-Supérieur,5.1,46.2,-74.4667
Les Escoumins,7.0,48.35,-69.4
Richibucto,7.6,46.6189,-64.8385
Terrasse-Vaudreuil,1782.4,45.4,-73.9833
Rivière-Beaudette,101.9,45.2333,-74.3333
Orkney No. 244,2.4,51.2557,-102.6469
Saint-Barthélemy,17.9,46.1833,-73.1333
Komoka,1691.5,42.958,-81.4001
Nisga'A,0.9,55.1078,-129.4293
Saint-Paul-De-L'Île-Aux-Noix,63.4,45.1333,-73.2833
Behchokò,24.9,62.8184,-115.9933
Saint-Cyprien-De-Napierville,19.2,45.1833,-73.4167
Valleyview,199.9,55.0686,-117.2683
Déléage,7.5,46.3833,-75.9167
Potton,7.1,45.0833,-72.3667
Sainte-Béatrix,22.0,46.2,-73.6167
Saint-Georges-De-Cacouna,29.4,47.9167,-69.5
Sainte-Justine,14.6,46.4,-70.35
Saint-Valérien-De-Milton,17.1,45.5667,-72.7167
Saint-Cuthbert,13.9,46.15,-73.2333
Saint-Blaise-Sur-Richelieu,26.3,45.2167,-73.2833
Kamsack,311.8,51.565,-101.8947
Carberry,350.7,49.8689,-99.3594
Saint-Joseph-De-Coleraine,14.4,45.97,-71.37
Trinity Bay North,71.5,48.4978,-53.086
Pointe-Lebel,21.2,49.1667,-68.2
Saint-Michel-De-Bellechasse,41.0,46.8667,-70.9167
Sainte-Angèle-De-Monnoir,39.9,45.3833,-73.1
Sacré-Coeur-Saguenay,5.9,48.2479,-69.854
Saint-Louis,7.0,46.7048,-65.1046
Saint-Lucien,16.2,45.8667,-72.2667
Lumsden,366.0,50.6463,-104.8676
Saint-Robert,27.7,45.9667,-73.0
Keremeos,717.5,49.2025,-119.8294
Regina Beach,332.7,50.79,-104.99
La Guadeloupe,54.8,45.95,-70.93
Saint Andrews,213.9,45.074,-67.0521
Saint-Placide,41.6,45.5333,-74.2
Grunthal,661.2,49.4065,-96.8603
Povungnituk,20.6,60.0477,-77.2751
Pointe-Des-Cascades,646.8,45.3333,-73.9667
Deseronto,705.7,44.2,-77.05
Chambord,14.6,48.4333,-72.0667
Maugerville,1.9,46.1301,-66.2859
Dudswell,8.1,45.5833,-71.5833
Nipissing,4.6,46.05,-79.55
Shaunavon,344.2,49.651,-108.412
Wynyard,334.1,51.7667,-104.1833
Cambridge Bay,8.7,69.1528,-105.1707
Dalmeny,537.8,52.3411,-106.7733
Saint-Narcisse,16.8,46.5667,-72.4667
Waswanipi,4.2,49.7883,-75.9544
Inukjuak,31.6,58.4824,-78.1309
Balgonie,369.2,50.488,-104.269
Saint-Zacharie,9.4,46.1333,-70.3667
Hemmingford,11.1,45.0833,-73.5833
Saint-Pierre-De-L'Île-D'Orléans,55.1,46.8833,-71.0667
Saint-Clet,44.3,45.35,-74.22
Blumenort,548.2,49.6033,-96.7006
Saint-Antoine,274.3,46.3629,-64.753
Saint-Ours,29.0,45.8833,-73.15
Stephenville Crossing,55.1,48.5167,-58.4167
Sainte-Anne-De-La-Pocatière,31.1,47.35,-70.0
Popkum,268.2,49.1911,-121.7553
Notre-Dame-Du-Bon-Conseil,406.5,46.0,-72.35
Sainte-Clotilde,21.6,45.15,-73.6833
Lantz,573.6,44.9894,-63.4736
Wicklow,8.7,46.5017,-67.7067
Nouvelle,7.3,48.1333,-66.3167
Wasagamack,17.3,53.9056,-94.9412
Rosthern,392.0,52.65,-106.3333
Yamaska,23.2,46.0236,-72.9391
Neguac,62.9,47.2333,-65.05
Saint-Antoine-De-Tilly,28.1,46.6667,-71.5833
Igloolik,16.3,69.3817,-81.6811
Whitehead,2.9,49.7981,-100.2575
Saint-Élie-De-Caxton,14.2,46.4833,-72.9667
Balmoral,38.6,47.9667,-66.45
Saint-Jacques-Le-Mineur,24.9,45.2833,-73.4167
Coombs,107.4,49.3008,-124.4049
Val-Joli,18.2,45.6,-71.97
Southesk,0.7,46.9901,-66.4336
Huron Shores,3.8,46.2833,-83.2
Saint-Antoine-Sur-Richelieu,25.2,45.7833,-73.1833
Saint-Pacôme,57.5,47.4,-69.95
Saint-Stanislas-De-Kostka,28.7,45.18,-74.13
Stuartburn,1.4,49.1331,-96.5158
Sainte-Émélie-De-L'Énergie,10.7,46.3167,-73.65
Saint-Charles-Sur-Richelieu,25.2,45.6833,-73.1833
Nipigon,15.0,49.0153,-88.2683
Witless Bay,93.1,47.28,-52.83
Sainte-Hélène-De-Bagot,22.3,45.7333,-72.7333
Franklin Centre,14.5,45.0467,-73.9005
Harbour Breton,118.9,47.4833,-55.8333
Mille-Isles,26.8,45.82,-74.22
Naramata,200.7,49.5886,-119.5838
Lyster,9.7,46.3667,-71.6167
Harrison Park,1.7,50.5563,-100.1674
Pond Inlet,9.3,72.6808,-77.7503
Sainte-Clotilde-De-Horton,14.2,45.9833,-72.2333
Burford,208.2,43.1036,-80.424
Saint-Benoît-Labre,19.0,46.0667,-70.8
Terrace Bay,10.5,48.8,-87.1
Maliotenam,309.7,50.2114,-66.1911
Chapais,25.3,49.7819,-74.8544
Saint-Honoré-De-Shenley,12.1,45.9667,-70.8333
Messines,14.1,46.2333,-76.0167
Saint-Laurent-De-L'Île-D'Orléans,45.1,46.8667,-71.0167
Saint-Jean-De-Dieu,10.6,48.0,-69.05
Massey Drive,655.1,48.9372,-57.9
Nakusp,195.2,50.2434,-117.8002
Florenceville,102.7,46.4435,-67.6152
Larouche,18.9,48.45,-71.5167
Fort St. James,72.0,54.4431,-124.2542
Saint-François-De-La-Rivière-Du-Sud,17.0,46.8833,-70.7167
Wabasca,15.7,55.9855,-113.8566
Hilliers,54.7,49.3022,-124.4727
Eeyou Istchee Baie-James,0.0,52.3382,-75.1977
Shellbrook No. 493,1.3,53.3545,-106.2553
Shawville,294.5,45.6,-76.4833
Lambton,14.6,45.83,-71.08
Saint-Flavien,23.4,46.5167,-71.6
Sainte-Marcelline-De-Kildare,45.2,46.1167,-73.6
Rivière-Blanche,13.0,48.7833,-67.7
Bay Bulls,51.2,47.3158,-52.8103
Saint-Félix-De-Kingsey,12.3,45.8,-72.1833
Upper Island Cove,199.0,47.6472,-53.2233
Sainte-Élisabeth,18.8,46.0833,-73.35
Ashcroft,32.3,50.7256,-121.2806
Clarkes Beach,122.6,47.5447,-53.2824
Uashat,657.2,50.233,-66.3947
Saint-Bernard-De-Lacolle,13.0,45.0833,-73.4167
Saint-Joseph,4.8,47.558,-68.3082
Belledune,8.2,47.9,-65.8167
Saint-Guillaume,17.6,45.8833,-72.7667
Venise-En-Québec,116.9,45.0833,-73.1333
Gambo,156.3,48.7833,-54.2167
Nauwigewauk,50.5,45.4812,-65.8738
Humbermouth,23.6,49.0156,-58.1678
Saint-Paulin,16.0,46.4167,-73.0333
Glenelg,3.0,46.9455,-65.2893
Saint David,8.0,45.2918,-67.1983
Saint-Albert,21.8,46.0,-72.0833
Matagami,22.8,49.75,-77.6333
Grindrod,35.3,50.63,-119.1314
Notre-Dame-Du-Laus,1.8,46.0833,-75.6167
Langham,355.1,52.3667,-106.9667
Wembley,318.9,55.1572,-119.1392
"Macdonald, Meredith And Aberdeen Additional",9.3,46.4833,-84.0667
Pinawa,11.7,50.1707,-95.9547
Saint-Tite-Des-Caps,11.7,47.1333,-70.7667
Hudson Bay,86.7,52.851,-102.392
"Brudenell, Lyndoch And Raglan",2.1,45.3167,-77.4
Saint-Casimir,22.5,46.65,-72.1333
Frenchman Butte,0.8,53.6052,-109.4298
Saint-Malachie,14.8,46.5333,-70.7667
Southampton,3.3,46.0789,-67.3124
Salluit,101.1,62.2013,-75.6337
Pangnirtung,190.6,66.1436,-65.6829
Saint-Louis-De-Gonzague,18.6,45.2,-73.98
Moosonee,2.7,51.2722,-80.6431
Englehart,489.7,47.8167,-79.8667
Saint-Urbain,4.4,47.55,-70.5333
Tring-Jonction,57.5,46.2667,-70.9833
Wilton No. 472,1.4,53.124,-109.7885
Saint-Joachim,34.5,47.05,-70.85
Torch River No. 488,0.3,53.5445,-104.4619
Saint-Théodore-D'Acton,17.7,45.6833,-72.5833
L’ Îsle-Verte,12.5,48.0167,-69.3333
Palmarolle,12.5,48.6667,-79.2
Bon Accord,366.4,53.8328,-113.4189
Sussex Corner,156.4,45.7122,-65.4719
Saint-Odilon-De-Cranbourne,11.2,46.3667,-70.6833
La Doré,5.0,48.72,-72.65
Lac-Au-Saumon,17.7,48.4167,-67.35
Wotton,10.1,45.7333,-71.8
Prairie Lakes,1.4,49.4034,-99.6298
St. François Xavier,7.1,49.9903,-97.6722
Shellbrook,390.3,53.2167,-106.4
Wemindji,3.7,53.044,-78.7384
Cape Dorset,147.9,64.2237,-76.5405
Nobleford,848.6,49.8822,-113.0531
Lappe,9.8,48.5693,-89.3573
Pointe-Aux-Outardes,19.1,49.05,-68.4333
Rivière-Héva,3.4,48.2333,-78.2167
Godmanchester,10.2,45.08,-74.25
Macklin,450.7,52.33,-109.94
Saint-Simon,20.5,45.719,-72.8463
Tingwick,8.3,45.8873,-71.9244
Saint-Aubert,14.0,47.1833,-70.2167
Saint-Mathieu-Du-Parc,6.3,46.5667,-72.9167
Saint-Ubalde,10.0,46.75,-72.2667
Faraday,6.4,45.0,-77.9167
Berthier-Sur-Mer,52.2,46.9167,-70.7333
Frampton,9.2,46.4667,-70.8
Barrière,251.4,51.1803,-120.1261
Chute-Aux-Outardes,185.3,49.1167,-68.4
Lions Bay,549.0,49.4581,-123.2369
Laird No. 404,1.9,52.5696,-106.7312
Saint-Majorique-De-Grantham,24.1,45.9333,-72.5833
Petitcodiac,80.4,45.9333,-65.1667
Canwood No. 494,0.7,53.4574,-106.7768
Wentworth-Nord,8.8,45.85,-74.45
Bas Caraquet,44.5,47.8,-64.8333
Two Hills,400.0,53.715,-111.7461
Sainte-Ursule,20.2,46.2833,-73.0333
Nantes,11.4,45.6333,-71.0333
Lac-Aux-Sables,5.1,46.8667,-72.4
Stewiacke,77.9,45.1422,-63.3483
Vaudreuil-Sur-Le-Lac,983.0,45.4,-74.0333
Grahamdale,0.6,51.42,-98.3733
St.-Charles,4.3,46.3422,-80.4497
Amulet,727.2,48.2938,-79.0274
L’Avenir,13.8,45.7667,-72.3
Spiritwood No. 496,0.6,53.4435,-107.4495
Pointe-À-La-Croix,3.4,48.0167,-66.6833
Hérouxville,25.3,46.6667,-72.6167
Weldford,2.2,46.5221,-65.1114
St. Laurent,2.9,50.43,-97.7933
L'Isle-Aux-Allumettes,7.2,45.8667,-77.0667
Emo,6.6,48.6333,-93.8333
Sainte-Brigide-D'Iberville,18.7,45.3167,-73.0667
Les Éboulements,8.5,47.4833,-70.3167
Smooth Rock Falls,6.6,49.2833,-81.6333
Bruederheim,143.2,53.8042,-112.9278
Telkwa,191.9,54.6972,-127.05
Gjoa Haven,46.5,68.6448,-95.8912
Sainte-Barbe,33.0,45.1667,-74.2
Mayerthorpe,302.2,53.9503,-115.1336
Ootischenia,170.6,49.2916,-117.6323
Saint-Louis-Du-Ha! Ha!,11.7,47.67,-68.98
Powerview-Pine Falls,262.0,50.5661,-96.1981
Ragueneau,7.3,49.0667,-68.5333
Baie Verte,3.5,49.9167,-56.1833
Saint-Édouard,24.8,45.2333,-73.5167
Burgeo,41.7,47.6,-57.6333
St-Pierre-Jolys,440.5,49.4403,-96.9844
Youbou,146.4,48.8562,-124.1731
Swan Hills,49.8,54.7106,-115.4133
Wilkie,137.3,52.4167,-108.7
Saint-Léonard,249.2,47.1625,-67.925
Rivière-Bleue,7.5,47.4333,-69.05
Noyan,29.0,45.0667,-73.3
Notre-Dame-Du-Portage,32.4,47.7667,-69.6167
Ile-À-La-Crosse,54.4,55.45,-107.8833
Saint-Hugues,15.4,45.8,-72.8667
Sainte-Anne-Du-Sault,21.6,46.1733,-72.1415
La Conception,9.9,46.15,-74.7
Lamèque,102.8,47.7925,-64.6532
Arborg,611.0,50.9075,-97.2182
Estevan No. 5,1.7,49.1308,-103.0126
Thessalon,284.6,46.25,-83.55
L'Isle-Aux-Coudres,42.5,47.4,-70.3833
Lanigan,165.2,51.85,-105.0333
South Qu'Appelle No. 157,1.4,50.5389,-104.0141
Conestogo,587.8,43.5441,-80.4997
Sainte-Lucie-Des-Laurentides,11.1,46.13,-74.18
Saint-Alexis,29.2,45.9333,-73.6167
Roxton Falls,259.1,45.5667,-72.5167
Irishtown-Summerside,106.0,48.9833,-57.95
Mervin No. 499,0.8,53.5455,-108.8762
Saint-Ludger,9.8,45.75,-70.7
Coldwell,1.4,50.6389,-98.0417
Musquash,5.4,45.1836,-66.3514
Osler,771.7,52.37,-106.54
Saint-Zénon,2.7,46.55,-73.8167
Saint-Armand,15.1,45.0333,-73.05
Saint-Édouard-De-Lotbinière,12.7,46.5667,-71.8333
Alonsa,0.4,50.9794,-99.0796
Saint-Arsène,17.6,47.9167,-69.4333
Listuguj,28.0,48.0609,-66.7491
Queensbury,4.2,45.9918,-67.0632
Saint-Hubert-De-Rivière-Du-Loup,6.4,47.8167,-69.15
Saint-Jude,16.0,45.7667,-72.9833
La Minerve,4.4,46.25,-74.9333
Trécesson,6.3,48.65,-78.3167
Legal,387.9,53.9492,-113.595
Moonbeam,5.2,49.35,-82.15
Notre-Dame-Des-Pins,51.2,46.1833,-70.7167
Saint-Alban,8.2,46.7167,-72.0833
Saint-Pierre-Les-Becquets,25.6,46.5,-72.2
Beaver River,0.5,54.3531,-109.5575
Labrecque,7.9,48.6667,-71.5333
New Bandon,3.4,47.6912,-65.29
Sainte-Hénédine,23.6,46.55,-70.9833
L'Anse-Saint-Jean,2.4,48.2333,-70.2
Moose Jaw No. 161,1.6,50.4433,-105.5091
Bassano,231.2,50.7833,-112.4667
Parrsboro,81.4,45.3998,-64.3312
St. George'S,46.6,48.4275,-58.4778
Fort Simpson,15.3,61.8082,-121.3199
Ignace,16.5,49.4167,-91.6667
Teulon,372.3,50.3858,-97.2611
Peel,10.6,46.4058,-67.5278
Miltonvale Park,34.0,46.318,-63.237
Minto-Odanah,1.6,50.2406,-99.8056
Saint-Valère,11.0,46.0667,-72.1
St. Alban'S,56.9,47.8753,-55.8414
Kaleden,274.9,49.3926,-119.5955
Saint James,2.1,45.3822,-67.3427
Saint-Norbert-D'Arthabaska,11.4,46.1,-71.8167
Glenella-Lansdowne,0.9,50.4163,-99.2097
Saint-Hilarion,11.9,47.5667,-70.4
Saint-Modeste,10.8,47.8333,-69.4
Saint-Siméon,20.9,48.0667,-65.5667
Saint-Barnabé,20.0,46.4,-72.8833
Irricana,364.6,51.3189,-113.6106
Saint Martins,1.9,45.4563,-65.4395
Two Borders,0.5,49.2668,-101.1124
Bury,4.9,45.4667,-71.5
Lac-Bouchette,1.3,48.25,-72.18
Saint-Lazare-De-Bellechasse,13.6,46.65,-70.8
Saint-Michel-Du-Squatec,3.2,47.88,-68.72
Saint-Joachim-De-Shefford,9.2,45.45,-72.5333
Grand-Remous,3.3,46.6167,-75.9
Saint-Gabriel-De-Rimouski,9.2,48.4209,-68.1791
Langenburg,337.1,50.8333,-101.7
Sainte-Marie-Salomé,34.5,45.9333,-73.5
Saint-Cyprien,8.4,47.9,-69.0167
Maidstone,233.5,53.092,-109.294
Très-Saint-Sacrement,11.7,45.1833,-73.85
Hillsburgh,391.7,43.7914,-80.1354
Mcadam,80.6,45.5944,-67.3258
Saints-Anges,16.6,46.4167,-70.8833
Saint-Urbain-Premier,21.6,45.22,-73.73
Centreville-Wareham-Trinity,30.8,48.9879,-53.9069
Winnipeg Beach,295.9,50.5058,-96.9742
Sainte-Agathe-De-Lotbinière,6.9,46.3833,-71.4167
Salmo,466.2,49.1942,-117.2778
Kipling,396.5,50.1015,-102.6324
Sagamok,11.6,46.1529,-82.2072
Grande-Vallée,7.9,49.2167,-65.1333
Mont-Carmel,2.7,47.4397,-69.8586
Saint-Eugène,14.9,45.8,-72.7
Notre-Dame-Des-Neiges,12.0,48.1167,-69.1667
Saint-André,8.8,47.1392,-67.7444
Saint-Léon-De-Standon,8.2,46.4833,-70.6167
Hensall,569.0,43.4345,-81.504
Carnduff,498.2,49.167,-101.783
Carling,4.5,45.4333,-80.2167
Eckville,703.3,52.3622,-114.3614
Nain,11.9,56.5422,-61.6928
Foam Lake,189.4,51.65,-103.5333
Sayabec,353.1,48.5667,-67.6833
Sainte-Sabine,20.3,45.2333,-73.0167
Tara,465.3,44.4793,-81.1445
Saint-Maxime-Du-Mont-Louis,4.8,49.2333,-65.7333
Blanc-Sablon,4.5,51.4167,-57.1333
Hudson Bay No. 394,0.1,53.0295,-102.3122
Waldheim,525.5,52.65,-106.6167
Mckellar,6.1,45.4833,-79.85
Buffalo Narrows,16.2,55.8769,-108.5244
Ayer’S Cliff,197.9,45.1667,-72.05
Les Méchins,2.5,49.0,-66.9833
Sainte-Marguerite,12.9,46.5167,-70.9333
Saint-Claude,9.3,45.6667,-71.9833
Air Ronge,184.3,55.0872,-105.3318
Chipman,58.0,46.171,-65.884
Weyburn No. 67,1.4,49.6535,-103.8348
Alberta Beach,507.1,53.6767,-114.35
Sainte-Jeanne-D'Arc,4.1,48.8575,-72.0939
Sainte-Félicité,12.1,48.9,-67.3333
Saint-Bruno-De-Guigues,8.8,47.4667,-79.4333
Grenfell,347.0,50.4167,-102.9167
South Algonquin,1.3,45.4967,-78.0239
Saint-Narcisse-De-Beaurivage,17.6,46.4833,-71.2333
Plaisance,30.1,45.6167,-75.1167
Roxton-Sud,7.3,45.5521,-72.5265
St. Louis No. 431,1.4,52.8277,-105.7873
Duchess,553.4,50.7333,-111.9
Saint-Frédéric,14.9,46.3,-70.9667
Saint-Narcisse-De-Rimouski,6.7,48.28,-68.43
Atholville,105.5,47.9818511106651,-66.714689041714
Sioux Narrows-Nestor Falls,0.5,49.4,-94.08
Repulse Bay,2.6,66.5628,-86.3186
Saint-Patrice-De-Beaurivage,12.6,46.4167,-71.2333
Sainte-Marthe,13.5,45.4,-74.3
Notre-Dame-Du-Nord,14.3,47.6,-79.4833
Beachburg,250.3,45.7303,-76.8559
Pinehouse,142.9,55.5136,-106.5986
Saint-Aimé-Des-Lacs,11.6,47.6833,-70.3
Wedgeport,111.1,43.7323,-65.9797
Lac-Drolet,8.6,45.72,-70.85
Preeceville,0.7,51.958,-102.6673
Maple Creek No. 111,0.3,49.8044,-109.6508
Harbour Main-Chapel'S Cove-Lakeview,50.6,47.4337,-53.1458
Birch Hills,468.4,52.9833,-105.4333
Saint-Bonaventure,13.5,45.9667,-72.6833
Saint-Wenceslas,13.3,46.1667,-72.3333
Kerrobert,141.7,51.92,-109.1272
Eston,390.3,51.15,-108.75
Sainte-Geneviève-De-Batiscan,10.8,46.5333,-72.3333
Saint-Justin,13.5,46.25,-73.0833
Saint-Norbert,14.1,46.1667,-73.3167
Schreiber,28.8,48.8167,-87.2667
Trochu,381.1,51.8236,-113.2328
Riviere-Ouelle,18.6,47.4333,-70.0167
Stukely-Sud,15.8,45.3167,-72.4167
Saint-Georges-De-Clarenceville,16.6,45.0667,-73.25
Plantagenet,270.7,45.5321,-74.9956
Sainte-Thérèse-De-Gaspé,31.5,48.4167,-64.4167
Sainte-Pétronille,244.4,46.85,-71.1333
Desbiens,101.1,48.4167,-71.95
Clyde River,9.9,70.4632,-68.4822
La Macaza,6.5,46.3667,-74.7667
Kindersley No. 290,0.5,51.4894,-109.0979
Falher,376.4,55.7372,-117.2014
Saint-Vallier,23.4,46.8833,-70.8167
Melita,342.7,49.2681,-100.9958
Mahone Bay,332.1,44.4489,-64.3819
Saint-Sylvestre,7.1,46.3667,-71.2333
Taloyoak,27.3,69.5554,-93.4972
Onoway,310.3,53.7011,-114.1981
Saint-Stanislas,11.5,46.6167,-72.4
Battle River No. 438,1.0,52.7343,-108.4452
Malpeque,8.1,46.5,-63.6667
Longue-Rive,3.3,48.55,-69.25
Plaster Rock,336.1,46.8833,-67.3833
Valemount,197.6,52.8284,-119.2659
Saint-Léonard-De-Portneuf,7.2,46.8833,-71.9167
Longlaketon No. 219,1.0,50.9386,-104.6913
Papineau-Cameron,1.8,46.3,-78.7333
Assiginack,4.5,45.7333,-81.8
Brébeuf,27.9,46.0667,-74.6667
Hudson Hope,1.1,56.0316,-121.9057
Baie-Du-Febvre,10.4,46.13,-72.72
Durham-Sud,10.8,45.6667,-72.3333
Nipawin No. 487,1.1,53.2881,-104.0544
Duck Lake No. 463,1.0,52.9596,-106.2089
Oyen,189.6,51.3522,-110.4739
Gravelbourg,316.0,49.874,-106.555
Lajord No. 128,1.0,50.1965,-104.2507
Hébertville,1303.3,48.3908095949458,-71.6819728261466
Lorrainville,267.6,47.3542299036518,-79.3520914698444
Saint-René-De-Matane,3.8,48.7,-67.3833
Kugluktuk,2845.2,67.823848117453,-115.099088952782
Kedgwick,238.5,47.6456,-67.3431
Wemotaci,2323.9,47.9024818814051,-73.7817090155559
Cookshire,471.3,45.4121611599823,-71.6161136717221
Fortune,1671.3,47.0722112118505,-55.8243165856721
Hamiota,255.6,50.1964,-100.6342
Gillam,824.5,56.3489179571208,-94.7111288476739
Dildo,144.6,47.5685,-53.5471
Laurierville,195.8,46.3,-71.65
Gracefield,206.8,46.0926321848593,-76.0513883182302
Mccreary,269.5,50.7494,-99.485
Yamaska-Est,239.7,46.0,-72.92
Rossburn,142.6,50.7272,-100.7408
Rothesay,47.1,45.3995696420244,-65.8776221957435
Ethelbert,118.2,51.5364,-100.4981
Frelighsburg,161.7,45.0547772061142,-72.8416732377738
Magnetawan,171.2,45.6667,-79.6333
